{
"type": "FeatureCollection",
"name": "bryan-east__wk_1400",
"crs": { "type": "name", "properties": { "name": "urn:ogc:def:crs:OGC:1.3:CRS84" } },
"features": [
{"type":"Feature","properties":{"band":15},"geometry":{"type":"MultiPolygon","coordinates":[[[[-96.655774371879545,40.785139644150846],[-96.653998066701632,40.785103525595765],[-96.652221764747551,40.785067379724119],[-96.652269335778129,40.783717229953645],[-96.654045601821039,40.783753374114511],[-96.655821871087525,40.783789490960096],[-96.655774371879545,40.785139644150846]]],[[[-96.655679363799223,40.787839949444354],[-96.653902986791181,40.787803827470093],[-96.652126613007439,40.787767678176664],[-96.65217419049074,40.786417529131789],[-96.653950528358436,40.786453676714288],[-96.655726869450191,40.786489796978934],[-96.655679363799223,40.787839949444354]]],[[[-96.660771476418063,40.794698933946584],[-96.660724059226254,40.796049089358277],[-96.658947457006676,40.796013039106356],[-96.658900000664772,40.797363192449325],[-96.660676638818401,40.797399244407472],[-96.66245328018833,40.797435269036868],[-96.6624058925009,40.798785425428562],[-96.662358501599329,40.800135581457802],[-96.66231110748339,40.801485737124615],[-96.660534358295976,40.801449707380002],[-96.658757612325601,40.801413650302749],[-96.656980869574724,40.801377565892999],[-96.65520413004576,40.801341454150894],[-96.655156588940585,40.802691602626645],[-96.655109044610811,40.804041750739657],[-96.655061497056195,40.805391898489916],[-96.653284652915175,40.805355754284264],[-96.653237066185127,40.806705899961216],[-96.65146018932154,40.806669726707732],[-96.651507812001682,40.805319582742683],[-96.65155543145184,40.80396943841474],[-96.649778629715712,40.803933241250448],[-96.648001831211715,40.803897016751797],[-96.646225035942308,40.80386076491893],[-96.646272759996933,40.802510625371077],[-96.646320480814808,40.801160485460144],[-96.644543760668427,40.801124209726972],[-96.644591514189131,40.799774071169729],[-96.644639264471152,40.798423932249364],[-96.646415912741247,40.798460204549087],[-96.648192564247353,40.798496449519902],[-96.648240239421682,40.797146306804429],[-96.648287911362672,40.795796163725981],[-96.648335580070594,40.794446020284546],[-96.648383245545659,40.793095876480152],[-96.650159756559987,40.793132087266123],[-96.65193627080447,40.793168270728081],[-96.651983861196172,40.791818123134448],[-96.653760342742601,40.791854277561043],[-96.655536827514084,40.791890404664606],[-96.657313315508176,40.791926504444994],[-96.657265832894495,40.793276657168327],[-96.657218347060379,40.794626809529028],[-96.658994910130104,40.794662885400825],[-96.660771476418063,40.794698933946584]]]]}},
{"type":"Feature","properties":{"band":30},"geometry":{"type":"MultiPolygon","coordinates":[[[[-96.68037008544627,40.742400910596253],[-96.678594886643481,40.742365201302619],[-96.67854791722857,40.743715386120556],[-96.676772685771041,40.74367964785791],[-96.676819691025074,40.74232946473186],[-96.675044498593451,40.742293700884112],[-96.674997457500538,40.74364388231696],[-96.673222232419491,40.74360808949789],[-96.673269309351028,40.742257909759516],[-96.673316383090935,40.740907729659305],[-96.673363453639439,40.739557549197251],[-96.675138571211889,40.73959333693309],[-96.675091536497149,40.740943519089484],[-96.676866693092336,40.740979281244101],[-96.678641852874051,40.741015016123029],[-96.678688815920495,40.739664830581809],[-96.680463943051834,40.739700536494432],[-96.680417015839893,40.741050723726126],[-96.68037008544627,40.742400910596253]]],[[[-96.690692707822905,40.803408678095401],[-96.690645882454376,40.804758860146102],[-96.688869010226682,40.804723264373919],[-96.687092141177629,40.804687641264252],[-96.685315275309605,40.804651990817227],[-96.685362208528588,40.803301813824234],[-96.683585381793705,40.803266137728478],[-96.681808558244484,40.803230434296921],[-96.680031737883354,40.803194703529748],[-96.67825492071276,40.803158945427064],[-96.678301994535971,40.801808774833923],[-96.680078775760066,40.801844531244306],[-96.681855560174455,40.801880260320495],[-96.681902558916576,40.800530085982352],[-96.683679310574263,40.800565786034532],[-96.685456065417128,40.800601458753519],[-96.685502989087169,40.799251280675819],[-96.687279711170163,40.799286924374478],[-96.687326595717536,40.797936744248283],[-96.68910328504019,40.797972358929115],[-96.689056436433233,40.799322540740945],[-96.690833164873922,40.799358129775072],[-96.69078634903245,40.800708312909876],[-96.69073953001552,40.802058495683326],[-96.690692707822905,40.803408678095401]]],[[[-96.697753403102496,40.804900969856966],[-96.699530291186704,40.804936428939513],[-96.699483642409803,40.806286619032832],[-96.697706718371535,40.806251158272062],[-96.697660030473898,40.807601346326052],[-96.69761333940933,40.80895153401891],[-96.697566645177588,40.810301721350633],[-96.697519947778446,40.811651908321231],[-96.695742883067297,40.811616413502243],[-96.695789616429991,40.810266228211425],[-96.695836346622826,40.808916042559417],[-96.695883073646073,40.807565856546205],[-96.694106119987609,40.807530339425711],[-96.694152879797485,40.806180154732175],[-96.692375965266578,40.806144611953329],[-96.692329169500965,40.807494794964704],[-96.690552222188529,40.807459223163335],[-96.690599053909651,40.806109041835406],[-96.690645882454376,40.804758860146102],[-96.692422757858225,40.804794428580628],[-96.694199636435812,40.804829969677378],[-96.69424638990283,40.803479784261327],[-96.694293140198795,40.802129598484051],[-96.694339887323935,40.800779412345527],[-96.696116661226739,40.800814921062347],[-96.697893438297697,40.800850402444979],[-96.697846763065328,40.802200591943411],[-96.697800084667008,40.803550781080737],[-96.697753403102496,40.804900969856966]]],[[[-96.674795584186214,40.800387012444453],[-96.676572323078872,40.800422821828008],[-96.678349065166458,40.800458603878944],[-96.678301994535971,40.801808774833923],[-96.676525216504587,40.801772991089472],[-96.676478106735132,40.803123159989028],[-96.676430993770282,40.804473328526662],[-96.674654147039618,40.804437514058463],[-96.672877303507036,40.804401672253896],[-96.671100463174952,40.804365803113122],[-96.669323626045824,40.804329906636255],[-96.669276366083352,40.805680068024145],[-96.667499496209714,40.805644142511163],[-96.667546792122081,40.804293982823452],[-96.665769961406141,40.804258031674863],[-96.663993133900448,40.804222053190621],[-96.663945766089057,40.805572209474086],[-96.662168905846897,40.805536201950289],[-96.662216309607416,40.80418604737087],[-96.660439488529519,40.80415001421575],[-96.658662670669159,40.80411395372542],[-96.658710143107243,40.802763802195386],[-96.660486925021402,40.802799860979142],[-96.660534358295976,40.801449707380002],[-96.66231110748339,40.801485737124615],[-96.662358501599329,40.800135581457802],[-96.6624058925009,40.798785425428562],[-96.664182573021677,40.798821424432759],[-96.664135218059528,40.800171582165795],[-96.664087859885427,40.801521739536462],[-96.665864615499643,40.801557714615377],[-96.66591193773165,40.800207555542151],[-96.667688660613294,40.800243501586728],[-96.669465386701987,40.80027942029939],[-96.671242115995341,40.800315311679995],[-96.673018848490884,40.80035117572838],[-96.674795584186214,40.800387012444453]]],[[[-96.667990942030329,40.74080019771683],[-96.669766085855102,40.740836068972826],[-96.669718940443531,40.742186245680351],[-96.669671791835469,40.743536422025905],[-96.667896576337355,40.743500547373266],[-96.666121364038389,40.743464645443055],[-96.66616858432198,40.742114472495508],[-96.664393411061994,40.7420785449888],[-96.662618241005774,40.742042590206111],[-96.660843074155736,40.742006608147577],[-96.660795746360691,40.743356775988467],[-96.659020546882601,40.743320764949424],[-96.657245350615781,40.743284726633519],[-96.657292750083926,40.741934562203497],[-96.655517592866985,40.741898498318264],[-96.655470157562704,40.743248661040909],[-96.653694967725727,40.743212568171728],[-96.653647493366961,40.744562728823098],[-96.65360001578938,40.745912889111864],[-96.651824757492363,40.74587676554615],[-96.651872270910459,40.744526606967469],[-96.651919781107324,40.743176448026126],[-96.650144597709897,40.743140300604239],[-96.648369417535875,40.7431041259062],[-96.648321835663566,40.744454281423643],[-96.648274250565166,40.745804436578261],[-96.648226662240447,40.747154591370077],[-96.650001949934548,40.747190771206107],[-96.649954394228132,40.748540927347904],[-96.649906835297301,40.749891083126933],[-96.648131475911029,40.74985489986522],[-96.648083877905833,40.751205053568526],[-96.646308485897137,40.75116884131014],[-96.64626084881273,40.752518992936309],[-96.64621320849831,40.753869144199562],[-96.647988672213245,40.753905359886623],[-96.648036276673324,40.752555206909001],[-96.649811707761486,40.752591393596674],[-96.649764139155991,40.753941548287379],[-96.651539609324118,40.753977709401667],[-96.651492073350482,40.755327865441451],[-96.651444534153654,40.756678021118489],[-96.649668992268587,40.756641856580416],[-96.649621413986182,40.757992010182726],[-96.651396991733364,40.758028176432809],[-96.651349446089355,40.759378331384383],[-96.649573832477657,40.759342163422247],[-96.64779822209232,40.759305968168491],[-96.647750601490685,40.760656119331763],[-96.649526247742727,40.760692316298943],[-96.649478659781181,40.762042468812822],[-96.65125434512926,40.762078640199306],[-96.651206789812647,40.763428794062627],[-96.652982514257204,40.763464939865742],[-96.654758241924057,40.76350105837308],[-96.654710755131987,40.764851215294449],[-96.65648652189364,40.764887308214341],[-96.656439067758896,40.766237466481613],[-96.65821487361589,40.7662735338114],[-96.658167452143331,40.767623693423417],[-96.658120027455041,40.768973852672922],[-96.659895908290622,40.769009896116039],[-96.661671792339732,40.769045912257646],[-96.661624436206097,40.77039607455567],[-96.661577076861107,40.77174623649131],[-96.661529714304493,40.773096398064553],[-96.659753722591759,40.773060376808139],[-96.659706320930582,40.774410536313916],[-96.659658916054852,40.775760695457222],[-96.661434979555466,40.775796720123857],[-96.661387607362528,40.777146880609898],[-96.661340231957013,40.778497040733519],[-96.661292853338651,40.779847200494736],[-96.663069027752385,40.779883202965223],[-96.663021681826052,40.781233364068122],[-96.661245471507186,40.781197359893525],[-96.661198086462377,40.782547518929874],[-96.661150698203997,40.783897677603797],[-96.662926980340401,40.783933685186838],[-96.662879624780587,40.785283845202635],[-96.661103306731761,40.785247835915257],[-96.66105591204547,40.786597993864284],[-96.661008514144825,40.787948151450834],[-96.660961113029629,40.789298308674937],[-96.660913708699582,40.79064846553657],[-96.65913725019189,40.7906124221089],[-96.657360794901678,40.790576351359057],[-96.657313315508176,40.791926504444994],[-96.655536827514084,40.791890404664606],[-96.653760342742601,40.791854277561043],[-96.651983861196172,40.791818123134448],[-96.65193627080447,40.793168270728081],[-96.650159756559987,40.793132087266123],[-96.648383245545659,40.793095876480152],[-96.648430907788153,40.791745732312783],[-96.650207382877198,40.791781941384983],[-96.650255005964524,40.790431795140961],[-96.648478566798303,40.790395587782463],[-96.646702130864185,40.790359353102673],[-96.646749822562398,40.789009209924316],[-96.644973425782695,40.788972949639586],[-96.645021150164098,40.78762280781438],[-96.646797511026321,40.78765906638295],[-96.646845196256237,40.786308922478582],[-96.646892878252388,40.784958778211198],[-96.645116589217807,40.784922523074705],[-96.64516430389061,40.783572380160287],[-96.646940557015,40.783608633580819],[-96.648716813372673,40.783644859686646],[-96.648764452994001,40.782294712978697],[-96.648812089384734,40.780944565907831],[-96.647035904840649,40.780908343231097],[-96.647083573904155,40.779558197511768],[-96.64713123973516,40.778208051429466],[-96.645355130227188,40.778171804872024],[-96.645402828723931,40.77682166014236],[-96.647178902333863,40.77685790498419],[-96.647226561700535,40.775507758175962],[-96.647274217835431,40.774157611004775],[-96.645498216014275,40.774121369593949],[-96.645450523986213,40.775471515049659],[-96.643674489506097,40.775435244616553],[-96.643722217427069,40.774085100877592],[-96.641946222076285,40.774048804855866],[-96.641993982651115,40.77269866247179],[-96.640218026429139,40.772662340864102],[-96.640265819652967,40.771312199836082],[-96.638489902559328,40.771275852645083],[-96.638537728427295,40.769925712974278],[-96.63858555105233,40.7685755729402],[-96.638633370434675,40.767225432542851],[-96.636857564230851,40.767189063214424],[-96.636905416248126,40.765838924175327],[-96.636953265020779,40.764488784772894],[-96.637001110549065,40.763138645007153],[-96.63704895283324,40.761788504878098],[-96.637096791873546,40.760438364385742],[-96.638872418714854,40.760474725107336],[-96.638920218646319,40.759124582530518],[-96.638968015336843,40.757774439590477],[-96.640743573690827,40.757810769580338],[-96.640791331280042,40.756460624557356],[-96.639015808786681,40.756424296287221],[-96.637240289533764,40.756387940728914],[-96.637288115601095,40.755037798783391],[-96.637335938425807,40.753687656474611],[-96.637383758008156,40.752337513802551],[-96.639159169694523,40.752373864198191],[-96.639206950184075,40.751023719442124],[-96.639254727434192,40.749673574322884],[-96.641030070660861,40.749709893995366],[-96.641077808825713,40.748359746793604],[-96.642853119442847,40.748396037466193],[-96.642900818527281,40.747045888183372],[-96.641125543754043,40.74700959922874],[-96.641173275446093,40.745659451300774],[-96.639398039750319,40.745623136786044],[-96.639445804045124,40.744272990214121],[-96.639493565101745,40.742922843279032],[-96.641268729122359,40.742959154355589],[-96.641316451107073,40.741609005338361],[-96.639541322920394,40.741572695980786],[-96.637766197971416,40.741536359349226],[-96.637813988383627,40.74018621340803],[-96.639589077501341,40.740222548319394],[-96.639636828844814,40.738872400294881],[-96.6414118853709,40.738908706214708],[-96.641459597650524,40.737558556108283],[-96.643234621584483,40.737594833039068],[-96.643282294805076,40.736244680852153],[-96.645057286146397,40.736280928796418],[-96.645009648750545,40.737631082699451],[-96.646784679146293,40.737667305089289],[-96.646737074348167,40.7390174603443],[-96.648512143798825,40.739053657177067],[-96.648559712769327,40.737703500208426],[-96.650334749617173,40.737739668056726],[-96.650287216474609,40.739089826737697],[-96.652062292373031,40.739125969026055],[-96.652109789687458,40.737775808634062],[-96.652157283781889,40.736425647879415],[-96.653932291246178,40.73646175947593],[-96.65388483297771,40.737811921940263],[-96.65565987948554,40.737848007975188],[-96.655612453828169,40.739198171785397],[-96.655565024955393,40.740548335233093],[-96.657340146338584,40.740584397411027],[-96.657387539380039,40.739234232256088],[-96.659162628144884,40.739270265453939],[-96.659115270934976,40.74062043231482],[-96.660890398742168,40.740656439944345],[-96.660937720120259,40.739306271378808],[-96.660985038290221,40.737956102450951],[-96.662760097644068,40.737992079399397],[-96.662712815303749,40.739342250030546],[-96.664487913692938,40.739378201409011],[-96.664535160203386,40.738028029075835],[-96.666310225965717,40.738063951480157],[-96.668085294928659,40.738099846612215],[-96.668038120078705,40.739450022345551],[-96.667990942030329,40.74080019771683]],[[-96.653902986791181,40.787803827470093],[-96.655679363799223,40.787839949444354],[-96.655726869450191,40.786489796978934],[-96.653950528358436,40.786453676714288],[-96.65217419049074,40.786417529131789],[-96.652126613007439,40.787767678176664],[-96.653902986791181,40.787803827470093]],[[-96.653998066701632,40.785103525595765],[-96.655774371879545,40.785139644150846],[-96.655821871087525,40.783789490960096],[-96.654045601821039,40.783753374114511],[-96.652269335778129,40.783717229953645],[-96.652221764747551,40.785067379724119],[-96.653998066701632,40.785103525595765]]],[[[-96.659089806722463,40.79196257690208],[-96.659042360035272,40.79331273133274],[-96.660818890394054,40.793348778172394],[-96.660771476418063,40.794698933946584],[-96.658994910130104,40.794662885400825],[-96.657218347060379,40.794626809529028],[-96.657265832894495,40.793276657168327],[-96.657313315508176,40.791926504444994],[-96.659089806722463,40.79196257690208]]],[[[-96.660771476418063,40.794698933946584],[-96.662548045921838,40.794734955166156],[-96.662500664661906,40.796085112282725],[-96.660724059226254,40.796049089358277],[-96.660771476418063,40.794698933946584]]],[[[-96.660676638818401,40.797399244407472],[-96.658900000664772,40.797363192449325],[-96.658947457006676,40.796013039106356],[-96.660724059226254,40.796049089358277],[-96.660676638818401,40.797399244407472]]],[[[-96.655109044610811,40.804041750739657],[-96.655156588940585,40.802691602626645],[-96.65520413004576,40.801341454150894],[-96.656980869574724,40.801377565892999],[-96.658757612325601,40.801413650302749],[-96.658710143107243,40.802763802195386],[-96.656933364412836,40.802727716077833],[-96.656885856028779,40.804077865900005],[-96.655109044610811,40.804041750739657]]],[[[-96.644734755320087,40.795723653319257],[-96.644782495887497,40.794373513309537],[-96.64655903636141,40.794409780459553],[-96.646606737763946,40.793059638370295],[-96.648383245545659,40.793095876480152],[-96.648335580070594,40.794446020284546],[-96.648287911362672,40.795796163725981],[-96.648240239421682,40.797146306804429],[-96.646463623850323,40.797110063548956],[-96.64651133172363,40.795759922185781],[-96.644734755320087,40.795723653319257]]]]}},
{"type":"Feature","properties":{"band":45},"geometry":{"type":"MultiPolygon","coordinates":[[[[-96.706963321541238,40.795626604230463],[-96.706916838657762,40.796976803549065],[-96.706870352621465,40.79832700250693],[-96.706823863432106,40.799677201104046],[-96.706777371089458,40.80102739934037],[-96.705000578214296,40.800992054630811],[-96.704954046770368,40.802342250833547],[-96.706730875593266,40.802377597215965],[-96.706684376943286,40.803727794730797],[-96.706637875139279,40.805077991884851],[-96.708414779019179,40.805113314274266],[-96.710191686050919,40.805148609324633],[-96.710145253003418,40.806498809460123],[-96.711922199140318,40.806534078840471],[-96.711875798901346,40.807884280284554],[-96.71182939551494,40.809234481368051],[-96.713606416718321,40.809269726743736],[-96.713560046147506,40.81061992913471],[-96.713513672431191,40.811970131165154],[-96.713467295569131,40.813320332835069],[-96.711690166468557,40.813285082454939],[-96.711643750489912,40.814635282096027],[-96.711597331362597,40.815985481376472],[-96.711550909086398,40.81733568029631],[-96.709773675215857,40.817300397560182],[-96.709727213812812,40.818650594449601],[-96.711504483661031,40.818685878855511],[-96.711458055086268,40.820036077054077],[-96.70968074925797,40.820000790978334],[-96.707903446581724,40.819965477549175],[-96.707856942892505,40.821315672045991],[-96.70607960738873,40.821280329591076],[-96.70612614705999,40.81993013676675],[-96.704348850695212,40.819894768631208],[-96.70257155748979,40.81985937314267],[-96.700794267446184,40.819823950301291],[-96.700840911897899,40.818473762141167],[-96.699063660997197,40.818438313624682],[-96.699016980566839,40.819788500107201],[-96.69897029696979,40.821138686228622],[-96.697192977276288,40.82110320700302],[-96.697239696854169,40.819753022560555],[-96.695462416310619,40.819717517661495],[-96.695509168697541,40.818367334538031],[-96.69373192730346,40.818331803968157],[-96.691954689083133,40.818296246047431],[-96.69200151024944,40.816946065926849],[-96.692048328239807,40.815595885444885],[-96.690271165143216,40.815560303541375],[-96.690224311180287,40.816910482339409],[-96.688447115289506,40.816874871402703],[-96.68849400522474,40.815524694289891],[-96.686716848486824,40.815489057690563],[-96.684939694931913,40.815453393743546],[-96.68316254456245,40.815417702448968],[-96.681385397380851,40.815381983806986],[-96.679608253389574,40.815346237817728],[-96.677831112591008,40.815310464481342],[-96.676053974987653,40.815274663797972],[-96.676101113524538,40.813924498155892],[-96.674324015086682,40.813888671821168],[-96.672546919848628,40.813852818141036],[-96.670769827812819,40.813816937115639],[-96.670722581372956,40.81516709766737],[-96.668945456574647,40.81513118759748],[-96.668992738981672,40.813781028745119],[-96.667215653357644,40.813745093029617],[-96.667262968522067,40.812394935515599],[-96.667310280477196,40.811044777639282],[-96.667357589223272,40.809694619400688],[-96.665580614694193,40.809658661445781],[-96.665533269988742,40.811008817982639],[-96.663756262711772,40.810972830983886],[-96.66380364337634,40.809622676150077],[-96.662026675272159,40.809586663513684],[-96.661979258648714,40.810936816643164],[-96.660202257802013,40.810900774960615],[-96.660154802001145,40.812250926021925],[-96.658377768412407,40.812214855290712],[-96.656600738045128,40.812178757216678],[-96.656648265767373,40.810828609570635],[-96.654871274584323,40.810792485863466],[-96.653094286627351,40.810756334815061],[-96.653141883041457,40.809406190226618],[-96.651364934270404,40.809370013549184],[-96.651412563411213,40.808019870309899],[-96.649635653825555,40.807983668006109],[-96.649683315688165,40.806633526117174],[-96.647906445287433,40.806597298189679],[-96.647954139866982,40.805247157652246],[-96.646177308650678,40.805210904103696],[-96.644400480671607,40.805174623219784],[-96.642623655932255,40.805138315000654],[-96.64084683443501,40.805101979446455],[-96.640894669565867,40.803751845416485],[-96.640942501452429,40.802401711023244],[-96.639165755089138,40.802365351575745],[-96.639117887259104,40.803715484248208],[-96.637341108199081,40.803679095746439],[-96.635564332388228,40.803642679911306],[-96.633787559828988,40.803606236742979],[-96.633739580915986,40.804956363881786],[-96.631962775665869,40.804919891654379],[-96.630185973672496,40.804883392092762],[-96.63013791961076,40.806233515414533],[-96.628361084929693,40.806196986790184],[-96.628312991659271,40.807547108019499],[-96.628264895126776,40.808897228885023],[-96.630041801708828,40.808933760966923],[-96.629993737868105,40.810283883197513],[-96.629945670767228,40.811634005064391],[-96.628168692274471,40.811597469524663],[-96.628120585954179,40.812947589298787],[-96.629897600405954,40.812984126567535],[-96.629849526784014,40.814334247706903],[-96.628072476370789,40.814297708709084],[-96.626295429220917,40.814261142368302],[-96.6263435747655,40.812911024688376],[-96.624566566842361,40.81287443273645],[-96.62461474507991,40.81152431642424],[-96.622837776382994,40.81148769886385],[-96.621060810956223,40.811451053963488],[-96.621109057837444,40.810100940754268],[-96.619332131638572,40.810064270249541],[-96.619380411200368,40.808714158411583],[-96.619428687487641,40.807364046209486],[-96.619476960500648,40.80601393364325],[-96.61952523023966,40.804663820712868],[-96.619573496704916,40.803313707418376],[-96.617796753519627,40.803277018257745],[-96.617845052651859,40.80192690633541],[-96.617893348508389,40.800576794048887],[-96.61967001981516,40.800613479737024],[-96.619718276460659,40.799263365350185],[-96.621494915104591,40.799300021974176],[-96.62154313254392,40.797949905488458],[-96.623319738524486,40.797986533050768],[-96.623367916762504,40.796636414467606],[-96.623416091733148,40.795286295520491],[-96.621639557612625,40.795249671424948],[-96.621687765242513,40.793899553847162],[-96.62173596960308,40.792549435905393],[-96.619959510601944,40.792512787954628],[-96.61818305487229,40.792476112682301],[-96.618231327806086,40.79112599784667],[-96.618279597466213,40.789775882646921],[-96.620055981356259,40.78981255444787],[-96.620104211826828,40.788462437148404],[-96.62015243902664,40.787112319484883],[-96.618376126966453,40.787075651155043],[-96.618424386807092,40.785725534862934],[-96.61664811393085,40.785688840953576],[-96.616696406407414,40.784338726034022],[-96.616744695609142,40.782988610750294],[-96.618520896670603,40.783025301186385],[-96.620297101004198,40.783061964310086],[-96.620345315123586,40.781711845190422],[-96.620393525973512,40.780361725706754],[-96.620441733554202,40.779011605859047],[-96.620489937865912,40.77766148564735],[-96.620538138908898,40.776311365071649],[-96.620586336683431,40.774961244131966],[-96.622362328897694,40.774997869540464],[-96.624138324377753,40.775034467644055],[-96.624186447104464,40.773684342874589],[-96.62241048751433,40.773647746503258],[-96.622458642865396,40.772297623102126],[-96.620682722428057,40.772261001160615],[-96.618906805258433,40.77222435191689],[-96.6188585781331,40.773574471849805],[-96.61881034773738,40.774924591418667],[-96.617034362061972,40.774887911400732],[-96.617082628346864,40.773537793567982],[-96.61713089135894,40.772187675371114],[-96.615354980732036,40.77215097152343],[-96.615306681833474,40.773501087982957],[-96.61525837965965,40.774851204078288],[-96.613482400532845,40.774814469451506],[-96.611706424683959,40.774777707520535],[-96.609930452115449,40.774740918285481],[-96.609978861954517,40.773390807410117],[-96.608202928556707,40.773353992613742],[-96.608154482829733,40.774704101746543],[-96.606378516829238,40.774667257903843],[-96.606426998443865,40.773317150514885],[-96.60465107161842,40.773280281113699],[-96.602875148082816,40.77324338441035],[-96.602923698179751,40.771893280148305],[-96.602972244984713,40.770543175521588],[-96.601196396507859,40.770506255011441],[-96.599420551325196,40.770469307201992],[-96.599469166597373,40.769119205706929],[-96.601244975900684,40.769156151767575],[-96.601293551999575,40.767806048158981],[-96.601342124804802,40.766455944185665],[-96.603117865650077,40.766492859453457],[-96.603166399289535,40.765142753368139],[-96.601390694316592,40.765105839847642],[-96.601439260535244,40.763755735144898],[-96.601487823460971,40.762405630077446],[-96.601536383094057,40.761055524645307],[-96.60158493943473,40.759705418848483],[-96.6033605009426,40.759742325380429],[-96.605136065740197,40.759779204623243],[-96.605184547068063,40.758429094969095],[-96.605233025108888,40.757078984950411],[-96.605281499862926,40.75572887456719],[-96.60350604263941,40.755692000561169],[-96.601730588704868,40.755655099269909],[-96.601779131878445,40.754304992014376],[-96.603554549960066,40.754341891558902],[-96.603603053992018,40.752991782192026],[-96.605378439511611,40.753028652707187],[-96.605426904406784,40.751678541230397],[-96.607202257363838,40.751715382718693],[-96.607153828317237,40.753065495939502],[-96.607105395987034,40.754415608795874],[-96.608880823927535,40.754452426488037],[-96.610656255149465,40.754489216895792],[-96.610607891243006,40.755839332872171],[-96.610559524057294,40.757189448484247],[-96.608784021125075,40.757152654593249],[-96.608735614801063,40.75850276809927],[-96.610511153592071,40.758539563732008],[-96.610462779847069,40.75988967861543],[-96.610414402822059,40.761239793134507],[-96.612190016618186,40.7612765649599],[-96.61214167217922,40.762626680855305],[-96.610366022516786,40.762589907289254],[-96.610317638930965,40.763940021079648],[-96.608541956680568,40.763903218479285],[-96.608493533943076,40.765253330163247],[-96.608445107922122,40.766603441482772],[-96.610220861916787,40.766640247567373],[-96.610269252064398,40.76529013450569],[-96.612044973466752,40.765326911553259],[-96.613820698147691,40.765363661305784],[-96.613869013271682,40.764013544399454],[-96.615644705357127,40.764050265118613],[-96.617420400716057,40.764086958543743],[-96.61919609934607,40.764123624674703],[-96.619147891837855,40.765473746791798],[-96.61909968106076,40.766823868544861],[-96.620875454706677,40.766860510850258],[-96.622651231619329,40.766897125858591],[-96.622699370646473,40.765547000638001],[-96.624475114948041,40.765583586617339],[-96.62452321483822,40.764233459301103],[-96.626298926528207,40.764270016253924],[-96.626250862511213,40.76562014530063],[-96.628026613333589,40.765656676687726],[-96.627978581933263,40.767006807099932],[-96.629754371888495,40.767043312918673],[-96.629706373109713,40.768393444695235],[-96.629658371076104,40.769743576108183],[-96.631434236045905,40.769780058082681],[-96.63138626664086,40.771130190858898],[-96.629610365787414,40.771093707157519],[-96.629562357243401,40.772443837843234],[-96.627786423759474,40.772407325111999],[-96.627738376071648,40.773757453705777],[-96.627690325125542,40.775107581935856],[-96.625914323121179,40.775071038442569],[-96.625866233023729,40.776421164579197],[-96.627642270920958,40.776457709802216],[-96.629418312076922,40.77649422771858],[-96.629370290509115,40.777844356949721],[-96.631146370817206,40.777880849286504],[-96.631098381891022,40.779230979881291],[-96.629322265684721,40.779194485817229],[-96.629274237603497,40.780544614321066],[-96.631050389710452,40.780581110112493],[-96.631002394275228,40.781931239980096],[-96.629226206265187,40.781894742461247],[-96.629178171669565,40.783244870237745],[-96.630954395585107,40.783281369484094],[-96.630906393639819,40.784631498624478],[-96.630858388439151,40.785981627401249],[-96.632634687428634,40.786018102786812],[-96.632586714885349,40.787368232926369],[-96.634363053041355,40.787404682720926],[-96.634410989671338,40.78605455085625],[-96.636187295164831,40.786090971609411],[-96.637963603906684,40.786127365046156],[-96.638011465463393,40.78477722937177],[-96.63978774153955,40.784813593770771],[-96.639739915894467,40.78616373116634],[-96.639692087005869,40.787513868198644],[-96.641468438151435,40.787550208722074],[-96.641516231125735,40.786200069969816],[-96.643292549598073,40.786236381456447],[-96.643340303419194,40.784886240622392],[-96.645116589217807,40.784922523074705],[-96.64506887130905,40.786272665626086],[-96.646845196256237,40.786308922478582],[-96.646797511026321,40.78765906638295],[-96.645021150164098,40.78762280781438],[-96.644973425782695,40.788972949639586],[-96.646749822562398,40.789009209924316],[-96.646702130864185,40.790359353102673],[-96.648478566798303,40.790395587782463],[-96.650255005964524,40.790431795140961],[-96.650207382877198,40.791781941384983],[-96.648430907788153,40.791745732312783],[-96.648383245545659,40.793095876480152],[-96.646606737763946,40.793059638370295],[-96.64655903636141,40.794409780459553],[-96.644782495887497,40.794373513309537],[-96.644734755320087,40.795723653319257],[-96.644687011514719,40.797073792965875],[-96.646463623850323,40.797110063548956],[-96.646415912741247,40.798460204549087],[-96.644639264471152,40.798423932249364],[-96.644591514189131,40.799774071169729],[-96.644543760668427,40.801124209726972],[-96.646320480814808,40.801160485460144],[-96.646272759996933,40.802510625371077],[-96.646225035942308,40.80386076491893],[-96.648001831211715,40.803897016751797],[-96.649778629715712,40.803933241250448],[-96.65155543145184,40.80396943841474],[-96.651507812001682,40.805319582742683],[-96.65146018932154,40.806669726707732],[-96.653237066185127,40.806705899961216],[-96.653284652915175,40.805355754284264],[-96.655061497056195,40.805391898489916],[-96.655109044610811,40.804041750739657],[-96.656885856028779,40.804077865900005],[-96.656933364412836,40.802727716077833],[-96.658710143107243,40.802763802195386],[-96.658662670669159,40.80411395372542],[-96.660439488529519,40.80415001421575],[-96.662216309607416,40.80418604737087],[-96.662168905846897,40.805536201950289],[-96.663945766089057,40.805572209474086],[-96.663993133900448,40.804222053190621],[-96.665769961406141,40.804258031674863],[-96.667546792122081,40.804293982823452],[-96.667499496209714,40.805644142511163],[-96.669276366083352,40.805680068024145],[-96.669323626045824,40.804329906636255],[-96.671100463174952,40.804365803113122],[-96.672877303507036,40.804401672253896],[-96.674654147039618,40.804437514058463],[-96.676430993770282,40.804473328526662],[-96.676478106735132,40.803123159989028],[-96.676525216504587,40.801772991089472],[-96.678301994535971,40.801808774833923],[-96.678349065166458,40.800458603878944],[-96.676572323078872,40.800422821828008],[-96.674795584186214,40.800387012444453],[-96.673018848490884,40.80035117572838],[-96.671242115995341,40.800315311679995],[-96.669465386701987,40.80027942029939],[-96.667688660613294,40.800243501586728],[-96.66591193773165,40.800207555542151],[-96.665864615499643,40.801557714615377],[-96.664087859885427,40.801521739536462],[-96.664135218059528,40.800171582165795],[-96.664182573021677,40.798821424432759],[-96.6624058925009,40.798785425428562],[-96.66245328018833,40.797435269036868],[-96.660676638818401,40.797399244407472],[-96.660724059226254,40.796049089358277],[-96.662500664661906,40.796085112282725],[-96.662548045921838,40.794734955166156],[-96.660771476418063,40.794698933946584],[-96.660818890394054,40.793348778172394],[-96.662595423968398,40.793384797687168],[-96.662642798801826,40.79203463984576],[-96.660866301154485,40.79199862203572],[-96.659089806722463,40.79196257690208],[-96.657313315508176,40.791926504444994],[-96.657360794901678,40.790576351359057],[-96.65913725019189,40.7906124221089],[-96.660913708699582,40.79064846553657],[-96.662690170422351,40.790684481641939],[-96.664466635357769,40.790720470424866],[-96.66624310350339,40.790756431885193],[-96.6680195748568,40.790792366022792],[-96.669796049415538,40.790828272837508],[-96.67157252717719,40.790864152329199],[-96.67334900813934,40.790900004497743],[-96.673396161009222,40.789549835731037],[-96.67517260924555,40.789585658880704],[-96.676949060677245,40.789621454708218],[-96.678725515301878,40.789657223213439],[-96.680501973117046,40.789692964396217],[-96.682278434120263,40.789728678256409],[-96.684054898309142,40.789764364793889],[-96.68410183244896,40.788414185511606],[-96.685878263898147,40.788449843038471],[-96.687654698527865,40.788485473243611],[-96.687607836234093,40.789835655900085],[-96.68938430996532,40.789871260468544],[-96.689431136335685,40.788521076126898],[-96.691207577319204,40.788556651688189],[-96.691254364592695,40.78720646530136],[-96.693030772827996,40.787242011858005],[-96.694807184233866,40.787277531093658],[-96.696583598807877,40.787313023008167],[-96.698360016547582,40.787348487601413],[-96.700136437450567,40.787383924873239],[-96.701912861514401,40.787419334823518],[-96.70186628977325,40.788769531286029],[-96.703642752918398,40.788804915589381],[-96.703596213943939,40.79015511336582],[-96.705372716170899,40.790190472019567],[-96.705326209967993,40.791540671108763],[-96.705279700610802,40.792890869837173],[-96.707056277850739,40.792926204511062],[-96.707009801272164,40.794276404551127],[-96.706963321541238,40.795626604230463]],[[-96.67825492071276,40.803158945427064],[-96.680031737883354,40.803194703529748],[-96.681808558244484,40.803230434296921],[-96.683585381793705,40.803266137728478],[-96.685362208528588,40.803301813824234],[-96.685315275309605,40.804651990817227],[-96.687092141177629,40.804687641264252],[-96.688869010226682,40.804723264373919],[-96.690645882454376,40.804758860146102],[-96.690692707822905,40.803408678095401],[-96.69073953001552,40.802058495683326],[-96.69078634903245,40.800708312909876],[-96.690833164873922,40.799358129775072],[-96.689056436433233,40.799322540740945],[-96.68910328504019,40.797972358929115],[-96.687326595717536,40.797936744248283],[-96.687279711170163,40.799286924374478],[-96.685502989087169,40.799251280675819],[-96.685456065417128,40.800601458753519],[-96.683679310574263,40.800565786034532],[-96.681902558916576,40.800530085982352],[-96.681855560174455,40.801880260320495],[-96.680078775760066,40.801844531244306],[-96.678301994535971,40.801808774833923],[-96.67825492071276,40.803158945427064]],[[-96.690599053909651,40.806109041835406],[-96.690552222188529,40.807459223163335],[-96.692329169500965,40.807494794964704],[-96.692375965266578,40.806144611953329],[-96.694152879797485,40.806180154732175],[-96.694106119987609,40.807530339425711],[-96.695883073646073,40.807565856546205],[-96.695836346622826,40.808916042559417],[-96.695789616429991,40.810266228211425],[-96.695742883067297,40.811616413502243],[-96.697519947778446,40.811651908321231],[-96.697566645177588,40.810301721350633],[-96.69761333940933,40.80895153401891],[-96.697660030473898,40.807601346326052],[-96.697706718371535,40.806251158272062],[-96.699483642409803,40.806286619032832],[-96.699530291186704,40.804936428939513],[-96.697753403102496,40.804900969856966],[-96.697800084667008,40.803550781080737],[-96.697846763065328,40.802200591943411],[-96.697893438297697,40.800850402444979],[-96.696116661226739,40.800814921062347],[-96.694339887323935,40.800779412345527],[-96.694293140198795,40.802129598484051],[-96.69424638990283,40.803479784261327],[-96.694199636435812,40.804829969677378],[-96.692422757858225,40.804794428580628],[-96.690645882454376,40.804758860146102],[-96.690599053909651,40.806109041835406]],[[-96.67081707104802,40.812466776201738],[-96.670864311078802,40.811116614925666],[-96.669087294174687,40.811080709953671],[-96.669040018181619,40.812430869530509],[-96.67081707104802,40.812466776201738]],[[-96.671383739995875,40.7962648169879],[-96.673160364676789,40.796300675944522],[-96.674936992556752,40.796336507572661],[-96.67498412228673,40.794986338558168],[-96.675031248820346,40.793636169181717],[-96.673254692805145,40.793600340945154],[-96.673301852071376,40.792250172902449],[-96.671525335183205,40.792214319036994],[-96.66974882149573,40.792178437847085],[-96.66797231101144,40.792142529332864],[-96.666195803732734,40.792106593494474],[-96.664419299662057,40.792070630332056],[-96.664371960755872,40.793420789876912],[-96.666148500754048,40.793456754741477],[-96.667925043960494,40.793492692280729],[-96.669701590372782,40.793528602494526],[-96.669654356046422,40.79487876677981],[-96.671430941592774,40.794914651366341],[-96.671383739995875,40.7962648169879]],[[-96.676807808031668,40.793671970092234],[-96.676854895440215,40.79232179865943],[-96.67507837215787,40.792285999443308],[-96.675031248820346,40.793636169181717],[-96.676807808031668,40.793671970092234]],[[-96.67676071742946,40.795022141163159],[-96.678537315766107,40.795057916440697],[-96.678584370436667,40.793707743676585],[-96.676807808031668,40.793671970092234],[-96.67676071742946,40.795022141163159]],[[-96.674418354497121,40.811188342841895],[-96.674371186391681,40.812538507512542],[-96.676148248864052,40.81257433215184],[-96.677925314533553,40.812610129446895],[-96.67797241071267,40.811259961386824],[-96.676195381006465,40.811224165785845],[-96.674418354497121,40.811188342841895]],[[-96.688634655947993,40.811474160782467],[-96.688587775553728,40.812824338979759],[-96.690364863534882,40.81285994486101],[-96.690411707964159,40.811509764978702],[-96.688634655947993,40.811474160782467]],[[-96.627305800229564,40.785908594682319],[-96.627257719947906,40.787258719638771],[-96.629034048336209,40.787295251385153],[-96.629082092705318,40.785945124699715],[-96.627305800229564,40.785908594682319]]],[[[-96.702338467693551,40.826610316910049],[-96.700560997718981,40.826574885686128],[-96.700607657994382,40.825224699331287],[-96.702385091977888,40.825260128878561],[-96.702338467693551,40.826610316910049]]],[[[-96.68962004804871,40.73177747536019],[-96.689573319025286,40.733127673192207],[-96.689526586833765,40.734477870663035],[-96.689479851473877,40.735828067772651],[-96.689433112945409,40.737178264521056],[-96.689386371248105,40.738528460908256],[-96.689339626381724,40.739878656934216],[-96.689292878346009,40.741228852598951],[-96.687517699495942,40.741193281377207],[-96.687564483367396,40.739843087396494],[-96.685789343524803,40.739807490583516],[-96.685742523817879,40.741157682878899],[-96.68569570093652,40.742507874812929],[-96.685648874880513,40.743858066385563],[-96.683873630699111,40.743822437237441],[-96.683826765625668,40.745172626761899],[-96.682051488779308,40.745136968646818],[-96.682098389695028,40.743786780810467],[-96.680323151870709,40.743751097104798],[-96.67854791722857,40.743715386120556],[-96.678594886643481,40.742365201302619],[-96.68037008544627,40.742400910596253],[-96.680417015839893,40.741050723726126],[-96.680463943051834,40.739700536494432],[-96.678688815920495,40.739664830581809],[-96.678641852874051,40.741015016123029],[-96.676866693092336,40.740979281244101],[-96.675091536497149,40.740943519089484],[-96.675138571211889,40.73959333693309],[-96.673363453639439,40.739557549197251],[-96.673316383090935,40.740907729659305],[-96.673269309351028,40.742257909759516],[-96.673222232419491,40.74360808949789],[-96.674997457500538,40.74364388231696],[-96.675044498593451,40.742293700884112],[-96.676819691025074,40.74232946473186],[-96.676772685771041,40.74367964785791],[-96.676725677329969,40.745029830622222],[-96.674950413218156,40.744994063388013],[-96.674903365746076,40.746344244097287],[-96.673128068980517,40.746308447889042],[-96.671352775407314,40.746272624400234],[-96.66957748502891,40.74623677363099],[-96.66962464003069,40.744886598009437],[-96.667849388692233,40.744850721658388],[-96.667802197847735,40.746200895581453],[-96.66602691386619,40.746164990251771],[-96.666074140553206,40.744814818028487],[-96.664298895616,40.744778887119857],[-96.662523653883042,40.744742928932659],[-96.660748415356778,40.744706943467037],[-96.660701081143756,40.746057110583273],[-96.658925809985064,40.74602109613442],[-96.657150542038181,40.745985054406148],[-96.657197947933952,40.744634890701079],[-96.655422719042278,40.744598823401013],[-96.655375277305467,40.745948985398584],[-96.65360001578938,40.745912889111864],[-96.653647493366961,40.744562728823098],[-96.653694967725727,40.743212568171728],[-96.655470157562704,40.743248661040909],[-96.655517592866985,40.741898498318264],[-96.657292750083926,40.741934562203497],[-96.657245350615781,40.743284726633519],[-96.659020546882601,40.743320764949424],[-96.660795746360691,40.743356775988467],[-96.660843074155736,40.742006608147577],[-96.662618241005774,40.742042590206111],[-96.664393411061994,40.7420785449888],[-96.66616858432198,40.742114472495508],[-96.666121364038389,40.743464645443055],[-96.667896576337355,40.743500547373266],[-96.669671791835469,40.743536422025905],[-96.669718940443531,40.742186245680351],[-96.669766085855102,40.740836068972826],[-96.667990942030329,40.74080019771683],[-96.668038120078705,40.739450022345551],[-96.668085294928659,40.738099846612215],[-96.666310225965717,40.738063951480157],[-96.664535160203386,40.738028029075835],[-96.664487913692938,40.739378201409011],[-96.662712815303749,40.739342250030546],[-96.662760097644068,40.737992079399397],[-96.660985038290221,40.737956102450951],[-96.660937720120259,40.739306271378808],[-96.660890398742168,40.740656439944345],[-96.659115270934976,40.74062043231482],[-96.659162628144884,40.739270265453939],[-96.657387539380039,40.739234232256088],[-96.657340146338584,40.740584397411027],[-96.655565024955393,40.740548335233093],[-96.655612453828169,40.739198171785397],[-96.65565987948554,40.737848007975188],[-96.655707301927777,40.736497843802475],[-96.657482315824296,40.736533900858902],[-96.659257332933265,40.736569930645054],[-96.659304680512278,40.735219762697049],[-96.661079665006767,40.735255763508341],[-96.661032353252295,40.736605933160789],[-96.662807376778957,40.736641908406],[-96.664582403510821,40.736677856380503],[-96.666357433445441,40.736713777084169],[-96.666404637724824,40.735363602326082],[-96.668179635034292,40.735399494059465],[-96.668132466580431,40.736749670516858],[-96.669907502913361,40.736785536678426],[-96.671682542441772,40.736821375568731],[-96.671729639243836,40.735471195716613],[-96.673504646139079,40.735507005640081],[-96.675279656224745,40.735542788293287],[-96.675232631075417,40.736892971534978],[-96.677007680175819,40.736928728610643],[-96.677054669498375,40.735578543676098],[-96.677101655635354,40.734228358379873],[-96.678876636270004,40.734264084800657],[-96.678923583399524,40.732913897451326],[-96.678970527346394,40.731563709740385],[-96.677195618353636,40.73152798670241],[-96.677242594935407,40.730177800321165],[-96.675467724944525,40.730142051709088],[-96.675514734156337,40.728791866658725],[-96.677289568332583,40.728827613578282],[-96.677336538545433,40.727477426473733],[-96.675561740181394,40.727441681246624],[-96.673786945003869,40.727405908756843],[-96.672012153015274,40.727370109004539],[-96.670237364218053,40.727334281989862],[-96.670284474484461,40.725984101300909],[-96.672059227472644,40.726019926619351],[-96.673833983651932,40.726055724676698],[-96.675608743019922,40.726091495472808],[-96.675655742672177,40.72474130933729],[-96.677430469419079,40.724777051179714],[-96.679205199349582,40.724812765761897],[-96.679252124205689,40.723462575881484],[-96.681026821511949,40.723498261513633],[-96.681073707384115,40.722148069582047],[-96.682848372065649,40.722183726266678],[-96.682801521996723,40.72353391988657],[-96.682754668751727,40.724884113145031],[-96.682707812330378,40.726234306042066],[-96.684482587605515,40.726269940529882],[-96.686257366054789,40.726305547755608],[-96.688032147675827,40.72634112771911],[-96.689806932466169,40.726376680420245],[-96.689760216112745,40.727726879697002],[-96.687985395510907,40.727691325312513],[-96.687938640176441,40.729041522544676],[-96.689713496592191,40.72907707861259],[-96.68966677390425,40.730427277166967],[-96.68962004804871,40.73177747536019]],[[-96.673457585163263,40.736857187187631],[-96.673410520996811,40.738207368373352],[-96.675185602737898,40.73824315441491],[-96.675232631075417,40.736892971534978],[-96.673457585163263,40.736857187187631]]],[[[-96.660534358295976,40.801449707380002],[-96.660486925021402,40.802799860979142],[-96.658710143107243,40.802763802195386],[-96.658757612325601,40.801413650302749],[-96.660534358295976,40.801449707380002]]],[[[-96.660012415283376,40.816301377030371],[-96.658235273797587,40.8162653011778],[-96.658187769148569,40.817615449081522],[-96.656410594914675,40.817579344173701],[-96.654633423905679,40.817543211918014],[-96.654585844088956,40.818893356040554],[-96.654538261044664,40.82024349980027],[-96.652761021316067,40.820207336774416],[-96.652808640335053,40.818857194725958],[-96.652856256124011,40.817507052314639],[-96.651079091572115,40.817470865363674],[-96.649301930252406,40.817434651065291],[-96.649349614750477,40.816084511717236],[-96.651126740100864,40.816120724301896],[-96.652903868683211,40.816156909540439],[-96.65468100049506,40.816193067432692],[-96.656458135533995,40.816229197978529],[-96.656505672928702,40.81487905142064],[-96.65655320709898,40.813528904500011],[-96.658330273429257,40.813565004282395],[-96.660107342981249,40.813601076720651],[-96.660059880742068,40.814951227056802],[-96.660012415283376,40.816301377030371]]],[[[-96.653932291246178,40.73646175947593],[-96.652157283781889,40.736425647879415],[-96.652204774656568,40.735075486762128],[-96.65397974629731,40.735111596649034],[-96.653932291246178,40.73646175947593]]],[[[-96.645057286146397,40.736280928796418],[-96.643282294805076,40.736244680852153],[-96.643329964793807,40.734894528302284],[-96.645104920312818,40.734930774530476],[-96.645057286146397,40.736280928796418]]],[[[-96.645057286146397,40.736280928796418],[-96.646832280717163,40.736317149471425],[-96.648607278514959,40.73635334287701],[-96.648559712769327,40.737703500208426],[-96.648512143798825,40.739053657177067],[-96.646737074348167,40.7390174603443],[-96.646784679146293,40.737667305089289],[-96.645009648750545,40.737631082699451],[-96.645057286146397,40.736280928796418]]],[[[-96.650287216474609,40.739089826737697],[-96.650334749617173,40.737739668056726],[-96.65038227953734,40.736389509013065],[-96.652157283781889,40.736425647879415],[-96.652109789687458,40.737775808634062],[-96.652062292373031,40.739125969026055],[-96.650287216474609,40.739089826737697]]],[[[-96.648369417535875,40.7431041259062],[-96.650144597709897,40.743140300604239],[-96.651919781107324,40.743176448026126],[-96.651872270910459,40.744526606967469],[-96.651824757492363,40.74587676554615],[-96.650049502416806,40.745840614701564],[-96.650097051675175,40.744490457834274],[-96.648321835663566,40.744454281423643],[-96.648369417535875,40.7431041259062]]],[[[-96.650001949934548,40.747190771206107],[-96.648226662240447,40.747154591370077],[-96.648274250565166,40.745804436578261],[-96.650049502416806,40.745840614701564],[-96.650001949934548,40.747190771206107]]],[[[-96.653552534992755,40.747263049038025],[-96.651777240852795,40.747226923762142],[-96.651824757492363,40.74587676554615],[-96.65360001578938,40.745912889111864],[-96.653552534992755,40.747263049038025]]],[[[-96.642853119442847,40.748396037466193],[-96.641077808825713,40.748359746793604],[-96.641125543754043,40.74700959922874],[-96.642900818527281,40.747045888183372],[-96.642853119442847,40.748396037466193]]],[[[-96.640416172222075,40.817253169367085],[-96.64046403656296,40.815903038606997],[-96.642241145717094,40.815939387920153],[-96.642193317344265,40.817289520400415],[-96.640416172222075,40.817253169367085]]],[[[-96.641459597650524,40.737558556108283],[-96.6414118853709,40.738908706214708],[-96.639636828844814,40.738872400294881],[-96.639684576951112,40.73752225190723],[-96.641459597650524,40.737558556108283]]],[[[-96.637813988383627,40.74018621340803],[-96.637861775555947,40.738836067103648],[-96.639636828844814,40.738872400294881],[-96.639589077501341,40.740222548319394],[-96.637813988383627,40.74018621340803]]],[[[-96.636038902505788,40.74014985122411],[-96.637813988383627,40.74018621340803],[-96.637766197971416,40.741536359349226],[-96.63599107626257,40.74149999544381],[-96.636038902505788,40.74014985122411]]],[[[-96.639541322920394,40.741572695980786],[-96.641316451107073,40.741609005338361],[-96.641268729122359,40.742959154355589],[-96.639493565101745,40.742922843279032],[-96.637718404319074,40.742886504927192],[-96.637766197971416,40.741536359349226],[-96.639541322920394,40.741572695980786]]],[[[-96.639398039750319,40.745623136786044],[-96.637622807293013,40.745586794993471],[-96.637670607426358,40.744236650141936],[-96.639445804045124,40.744272990214121],[-96.639398039750319,40.745623136786044]]],[[[-96.641125543754043,40.74700959922874],[-96.639350272217072,40.74697328299483],[-96.639398039750319,40.745623136786044],[-96.641173275446093,40.745659451300774],[-96.641125543754043,40.74700959922874]]],[[[-96.640743573690827,40.757810769580338],[-96.638968015336843,40.757774439590477],[-96.639015808786681,40.756424296287221],[-96.640791331280042,40.756460624557356],[-96.640743573690827,40.757810769580338]]],[[[-96.636861891720557,40.817180385260869],[-96.636909827996831,40.815830257945031],[-96.636957761021677,40.8144801302657],[-96.638734827715112,40.814516532546548],[-96.638686930655396,40.815866661948576],[-96.638639030346681,40.817216790987182],[-96.636861891720557,40.817180385260869]]],[[[-96.626971480692404,40.745368171411151],[-96.625196270972154,40.745331638677634],[-96.625244321968282,40.743981505905062],[-96.62346915134242,40.743944947625579],[-96.623517234915056,40.742594816219949],[-96.625292369706798,40.74263137276877],[-96.627067507755896,40.742667902043486],[-96.627019495851741,40.744018036909139],[-96.626971480692404,40.745368171411151]]],[[[-96.626875440607222,40.748068439324243],[-96.625100159206113,40.748031903131654],[-96.623324881063368,40.747995339659802],[-96.623372974416824,40.746645209345509],[-96.623421064509756,40.745295078667425],[-96.625196270972154,40.745331638677634],[-96.625148216718188,40.746681771086507],[-96.626923462277659,40.746718305549514],[-96.626875440607222,40.748068439324243]]],[[[-96.623132475039242,40.753395857278953],[-96.623180581437296,40.75204572841988],[-96.623228684573846,40.750695599196987],[-96.625004034406672,40.750732166130781],[-96.626779387498331,40.750768705782704],[-96.626731356059366,40.752118838466444],[-96.628506748256626,40.752155352564856],[-96.628458749412573,40.753505486613477],[-96.626683321363728,40.753468970786507],[-96.624907896571798,40.753432427674952],[-96.623132475039242,40.753395857278953]]],[[[-96.62658724220141,40.756169234335566],[-96.624811745699532,40.756132687764108],[-96.624859822765472,40.754782557901407],[-96.626635283411161,40.754819102742886],[-96.62658724220141,40.756169234335566]]],[[[-96.626247280410553,40.815611259684317],[-96.624470200563096,40.815574664268986],[-96.624518385336827,40.814224548684713],[-96.626295429220917,40.814261142368302],[-96.626247280410553,40.815611259684317]]],[[[-96.622319281881275,40.726356647935205],[-96.622367358898728,40.725006513532101],[-96.624142024811007,40.725043074845949],[-96.624093983595913,40.726393210980092],[-96.622319281881275,40.726356647935205]]],[[[-96.619485275762713,40.756022884328232],[-96.619437087862565,40.757373008629273],[-96.61766156855704,40.757336351175425],[-96.617613341529477,40.758686473377203],[-96.615837789633972,40.758649786899056],[-96.615886052521333,40.757299666433852],[-96.614110539757846,40.757262954404688],[-96.614158835230086,40.755912835313161],[-96.612383361598134,40.755876097735666],[-96.612431689650393,40.754525980018975],[-96.614207127427903,40.75456271585746],[-96.614255416351583,40.753212596037578],[-96.616030821550993,40.753249302853554],[-96.616079071350939,40.751899180931922],[-96.617854443971737,40.751935858727904],[-96.617806230021898,40.753285982385826],[-96.619581641761854,40.753322634634252],[-96.619533460395729,40.754672759663229],[-96.621308911255326,40.754709386361434],[-96.62126076247776,40.756059512760288],[-96.619485275762713,40.756022884328232]]],[[[-96.624518385336827,40.814224548684713],[-96.622741344720964,40.814187927658445],[-96.62278956218718,40.812837813443153],[-96.624566566842361,40.81287443273645],[-96.624518385336827,40.814224548684713]]]]}},
{"type":"Feature","properties":{"band":60},"geometry":{"type":"MultiPolygon","coordinates":[[[[-96.72782269937025,40.809550705376935],[-96.72777661651449,40.810900921066043],[-96.729553701903043,40.810935922003019],[-96.729599748793319,40.809585704657465],[-96.731376801339735,40.809620676593376],[-96.733153857007068,40.809655621184568],[-96.734930915792859,40.809690538430857],[-96.736707977694721,40.809725428332136],[-96.738485042710167,40.809760290888249],[-96.740262110836795,40.809795126099083],[-96.740216279744359,40.811145353356189],[-96.740170445542944,40.812495580253746],[-96.741947588715036,40.812530391414008],[-96.741993386946859,40.811180162868972],[-96.743770497255909,40.811214945034891],[-96.743724734993904,40.812565175226091],[-96.74550188437712,40.812599931689888],[-96.745456154983259,40.813950163166645],[-96.74723334344111,40.813984893925657],[-96.747279036862238,40.812634660805251],[-96.749056192446815,40.812669362572038],[-96.750833351128449,40.812704036990105],[-96.752610512904681,40.812738684059333],[-96.752564927403199,40.814088922102947],[-96.75434212824527,40.814123543461669],[-96.756119332177335,40.814158137469974],[-96.756073815535927,40.815508378430316],[-96.756028295806757,40.816858619031692],[-96.75425101991955,40.816824021748808],[-96.752473747122778,40.81678939711292],[-96.750696477418899,40.816754745124165],[-96.750650846658729,40.818104980450514],[-96.748873544069639,40.81807029946777],[-96.747096244578543,40.818035591131135],[-96.747050538757151,40.819385822814354],[-96.745273206383999,40.819351085480065],[-96.745318948187872,40.818000855440758],[-96.743541654900071,40.817966092396773],[-96.743495877113958,40.819316320790861],[-96.741718550949443,40.819281528746899],[-96.741764364717554,40.817931301999316],[-96.73998707764278,40.817896484248529],[-96.739941227892913,40.81924670934832],[-96.738163907946785,40.819211862595246],[-96.738209793678195,40.81786163914456],[-96.736432512826184,40.817826766687517],[-96.736478431423819,40.816476544527511],[-96.734701189665486,40.816441646369178],[-96.734655235089249,40.817791866877577],[-96.732877960469779,40.817756939714847],[-96.732923951024375,40.816406720859362],[-96.731146715502959,40.816371767998191],[-96.729369483103653,40.816336787785829],[-96.727592253828888,40.816301780222389],[-96.727546155340619,40.817651994111415],[-96.725768893215431,40.817616957538974],[-96.725722755620112,40.818967169409838],[-96.723945460644998,40.818932103825894],[-96.722168168802199,40.818897010888712],[-96.720390880094186,40.818861890598434],[-96.71861359452339,40.818826742955196],[-96.716836312092241,40.81879156795916],[-96.716882629583154,40.817441364398377],[-96.715105386272469,40.817406163715553],[-96.715059032803183,40.818756365610419],[-96.713281756658631,40.818721135909158],[-96.713235364064204,40.820071335776277],[-96.711458055086268,40.820036077054077],[-96.711504483661031,40.818685878855511],[-96.709727213812812,40.818650594449601],[-96.709773675215857,40.817300397560182],[-96.711550909086398,40.81733568029631],[-96.711597331362597,40.815985481376472],[-96.711643750489912,40.814635282096027],[-96.711690166468557,40.813285082454939],[-96.713467295569131,40.813320332835069],[-96.713513672431191,40.811970131165154],[-96.713560046147506,40.81061992913471],[-96.715337106459685,40.810655148833838],[-96.717114169914936,40.810690341188192],[-96.717160468558447,40.809340135464915],[-96.717206764061544,40.807989929381257],[-96.71898375873181,40.808025091062333],[-96.719030015135615,40.806674882954212],[-96.720806976984221,40.806710015630038],[-96.720760756539804,40.808060225400943],[-96.722537757483067,40.808095332396945],[-96.722491569865454,40.809445543469138],[-96.722445379114745,40.810795754181143],[-96.724222455117911,40.810830837154967],[-96.725999534251969,40.810865892783326],[-96.726045653072958,40.80951567875195],[-96.72782269937025,40.809550705376935]],[[-96.727638349190158,40.814951565973324],[-96.725861159017356,40.814916532716964],[-96.725815027681108,40.81626674530802],[-96.727592253828888,40.816301780222389],[-96.727638349190158,40.814951565973324]]],[[[-96.757851058532111,40.815542946724022],[-96.757896539196906,40.81419270412772],[-96.756119332177335,40.814158137469974],[-96.756164845731206,40.812807896150659],[-96.75794201677661,40.812842461172515],[-96.757987491271464,40.811492217858429],[-96.759764629429782,40.811526753896331],[-96.759719190906893,40.812876998844956],[-96.761496368119595,40.812911509167876],[-96.761450962488922,40.814261755390987],[-96.759673749301584,40.814227243434765],[-96.759628304613628,40.815577487665749],[-96.757851058532111,40.815542946724022]]],[[[-96.772114306212387,40.814468252753194],[-96.772159495990266,40.813117996757327],[-96.773936694711722,40.813152315629637],[-96.773891540910128,40.814502573249761],[-96.772114306212387,40.814468252753194]]],[[[-96.705269630336076,40.7415477661267],[-96.707044840772681,40.741583064575217],[-96.70699844796232,40.742933276648742],[-96.706952052006415,40.744283488361702],[-96.708727337272407,40.744318762872005],[-96.708680974016389,40.745668975894418],[-96.70863460761673,40.747019188556322],[-96.708588238073219,40.748369400857698],[-96.706812845262903,40.748334121337081],[-96.706766436722347,40.749684331607682],[-96.706720025035025,40.751034541517697],[-96.704944563663375,40.750999231369406],[-96.704898112971478,40.752349439247126],[-96.706673610200681,40.752384751067098],[-96.708449110577121,40.752420035598647],[-96.708402728455766,40.75377024645789],[-96.706627192219088,40.753734960255883],[-96.706580771090003,40.755085169084062],[-96.708356343189351,40.755120456956554],[-96.708309954777633,40.756470667094689],[-96.706534346813186,40.756435377551611],[-96.704758741996727,40.756400060716231],[-96.702983140330687,40.75636471658872],[-96.702936641171576,40.75771492135047],[-96.702890138859416,40.759065125751455],[-96.70466581226195,40.75910047322548],[-96.704619342668352,40.760450678939058],[-96.704572869923609,40.761800884291894],[-96.702797124774875,40.761765533471085],[-96.702750613002024,40.763115736789722],[-96.704526394027525,40.763151089284023],[-96.7044799149798,40.764501293915423],[-96.704433432780206,40.765851498186095],[-96.704386947428546,40.767201702096017],[-96.70434045892452,40.768551905645197],[-96.70429396726793,40.76990210883362],[-96.704247472458505,40.771252311661307],[-96.706023471948498,40.771287646891615],[-96.705977009879987,40.772637851031185],[-96.707753048414858,40.772673160626397],[-96.707706619092122,40.774023366076712],[-96.7076601866207,40.775373571166377],[-96.705884076290076,40.775338258228224],[-96.705837604768206,40.77668846128568],[-96.70579113009471,40.7780386639824],[-96.707567312230793,40.778073980263791],[-96.707520870311825,40.779424184271491],[-96.709297091503942,40.779459474910219],[-96.709250682344376,40.780809680227769],[-96.711026942593008,40.780844945221176],[-96.710980566197691,40.782195151847375],[-96.709204270037304,40.78215988518469],[-96.709157854582543,40.783510089781025],[-96.70738152565599,40.783474794130626],[-96.70733507113691,40.784824996695633],[-96.709111435979821,40.784860294016717],[-96.709065014228898,40.786210497891808],[-96.710841418139026,40.786245769562676],[-96.71079502916109,40.787595974746658],[-96.709018589329517,40.787560701406264],[-96.708972161281466,40.788910904560083],[-96.710748637036914,40.788946179570075],[-96.710702241766242,40.790296384032906],[-96.710655843348846,40.79164658813518],[-96.710609441784442,40.792996791876845],[-96.712386028473347,40.79303204456847],[-96.712339659695587,40.794382249618124],[-96.712293287772795,40.795732454307242],[-96.710516629213771,40.795697198278418],[-96.710470218206979,40.797047400938311],[-96.710423804052255,40.798397603237589],[-96.71220053449116,40.798432862603896],[-96.71215415313182,40.799783066211404],[-96.710377386749329,40.799747805176253],[-96.710330966297988,40.801098006754287],[-96.710284542697963,40.802448207971707],[-96.712061380974902,40.802483472344726],[-96.712014990176854,40.803833674870553],[-96.713791867551393,40.803868913574576],[-96.713745509560169,40.805219117407646],[-96.713699148424411,40.806569320880193],[-96.713652784143875,40.807919523992219],[-96.713606416718321,40.809269726743736],[-96.71182939551494,40.809234481368051],[-96.711875798901346,40.807884280284554],[-96.711922199140318,40.806534078840471],[-96.710145253003418,40.806498809460123],[-96.710191686050919,40.805148609324633],[-96.708414779019179,40.805113314274266],[-96.706637875139279,40.805077991884851],[-96.706684376943286,40.803727794730797],[-96.706730875593266,40.802377597215965],[-96.704954046770368,40.802342250833547],[-96.705000578214296,40.800992054630811],[-96.706777371089458,40.80102739934037],[-96.706823863432106,40.799677201104046],[-96.706870352621465,40.79832700250693],[-96.706916838657762,40.796976803549065],[-96.706963321541238,40.795626604230463],[-96.707009801272164,40.794276404551127],[-96.707056277850739,40.792926204511062],[-96.705279700610802,40.792890869837173],[-96.705326209967993,40.791540671108763],[-96.705372716170899,40.790190472019567],[-96.703596213943939,40.79015511336582],[-96.703642752918398,40.788804915589381],[-96.70186628977325,40.788769531286029],[-96.701912861514401,40.787419334823518],[-96.700136437450567,40.787383924873239],[-96.698360016547582,40.787348487601413],[-96.696583598807877,40.787313023008167],[-96.694807184233866,40.787277531093658],[-96.693030772827996,40.787242011858005],[-96.691254364592695,40.78720646530136],[-96.691207577319204,40.788556651688189],[-96.689431136335685,40.788521076126898],[-96.68938430996532,40.789871260468544],[-96.687607836234093,40.789835655900085],[-96.687654698527865,40.788485473243611],[-96.685878263898147,40.788449843038471],[-96.68410183244896,40.788414185511606],[-96.684054898309142,40.789764364793889],[-96.682278434120263,40.789728678256409],[-96.680501973117046,40.789692964396217],[-96.678725515301878,40.789657223213439],[-96.676949060677245,40.789621454708218],[-96.67517260924555,40.789585658880704],[-96.673396161009222,40.789549835731037],[-96.67334900813934,40.790900004497743],[-96.67157252717719,40.790864152329199],[-96.669796049415538,40.790828272837508],[-96.6680195748568,40.790792366022792],[-96.66624310350339,40.790756431885193],[-96.664466635357769,40.790720470424866],[-96.662690170422351,40.790684481641939],[-96.660913708699582,40.79064846553657],[-96.660961113029629,40.789298308674937],[-96.661008514144825,40.787948151450834],[-96.662784904025756,40.787984164147083],[-96.662832266009119,40.786634004856055],[-96.662879624780587,40.785283845202635],[-96.664655946041051,40.785319827172728],[-96.664608623184677,40.786669988529255],[-96.666384983569699,40.786705944883742],[-96.666432270510739,40.785355781825409],[-96.668208598187221,40.785391709160521],[-96.669984929068036,40.785427609177894],[-96.671761263150813,40.785463481877436],[-96.673537600433065,40.785499327258975],[-96.67349045715585,40.786849497111632],[-96.675266833551746,40.786885316870396],[-96.675313940912389,40.785535145322363],[-96.677090284586356,40.785570936067494],[-96.677043213142511,40.786921109309581],[-96.678819595925745,40.786956874429052],[-96.678866631452522,40.785606699494188],[-96.680642981508456,40.785642435602306],[-96.682419334751742,40.785678144391724],[-96.684195691179923,40.785713825862295],[-96.684148763405801,40.787064005867734],[-96.685925158934509,40.787099661706925],[-96.685972050790596,40.785749480013877],[-96.687748413581318,40.785785106846312],[-96.687701557643521,40.787135290225685],[-96.689477959530393,40.787170891423877],[-96.689524779549672,40.785820706359488],[-96.691301148693185,40.78585627855324],[-96.691347929620932,40.784506091443809],[-96.693124266020632,40.78454163463563],[-96.693077521009485,40.785891823427434],[-96.694853896496085,40.785927340981921],[-96.694900605590405,40.784577150509037],[-96.694947311517083,40.783226959674998],[-96.694994014276361,40.78187676847979],[-96.696770285186915,40.781912253675266],[-96.696816948869255,40.78056206043933],[-96.69686360938708,40.779211866842324],[-96.696910266740673,40.777861672884235],[-96.696956920930262,40.776511478565105],[-96.697003571956088,40.775161283884898],[-96.697050219818408,40.773811088843658],[-96.698826278470023,40.773846536654219],[-96.698872887273623,40.77249633957404],[-96.700648913190378,40.772531758399495],[-96.70069548294012,40.7711815592818],[-96.698919492916616,40.771146142132885],[-96.697143506053465,40.77111069767804],[-96.695367522353095,40.771075225917428],[-96.695414196616667,40.769725031472142],[-96.693638251971606,40.769689534086226],[-96.693684958957874,40.768339340960104],[-96.695460867715269,40.768374836665728],[-96.695507535649128,40.76702464149826],[-96.693731662776997,40.766989147472842],[-96.69195579307177,40.766953626145799],[-96.692002529606526,40.765603433978811],[-96.692049262972191,40.764253241450618],[-96.693825060914705,40.76428875941486],[-96.693871755233815,40.762938564844163],[-96.693918446386732,40.761588369912346],[-96.692142720197211,40.761552855310647],[-96.692189444057036,40.760202661698862],[-96.692236164748749,40.758852467725902],[-96.694011819194984,40.75888797896534],[-96.694058500850815,40.757537782950152],[-96.694105179341435,40.756187586573873],[-96.692329596628767,40.756152078696438],[-96.6905540170835,40.756116543527831],[-96.690600764135212,40.754766350153531],[-96.692376307817568,40.754801883639942],[-96.692423015839211,40.753451688222306],[-96.694198526828004,40.753487192738007],[-96.694151854667084,40.754837389836489],[-96.695927404681314,40.754872868743021],[-96.69597404098127,40.753522669965001],[-96.696020674119183,40.752172470825961],[-96.69424519582445,40.752136995278448],[-96.694291861656652,40.750786797457799],[-96.694338524324863,40.749436599276081],[-96.696113930909803,40.749472071464844],[-96.696160554563008,40.74812187124278],[-96.696207175055136,40.746771670659712],[-96.696253792386415,40.745421469715659],[-96.694478493347972,40.745386002564523],[-96.69452514336264,40.744035802938562],[-96.6963004065571,40.744071268410636],[-96.696347017567433,40.742721066744622],[-96.696393625417656,40.741370864717638],[-96.694618433903884,40.74133540260349],[-96.69466507443093,40.73998520189442],[-96.694711711795946,40.738635000824296],[-96.694758345999148,40.737284799393152],[-96.694804977040775,40.735934597601009],[-96.694851604921112,40.734584395447847],[-96.696626617275612,40.734619849168318],[-96.69667320617026,40.733269644975614],[-96.696719791906503,40.731919440421983],[-96.696766374484582,40.730569235507431],[-96.694991469596545,40.730533786822363],[-96.694944851198741,40.73188399005852],[-96.693169913651573,40.731848512426971],[-96.693216567868859,40.730498310870516],[-96.693263218923391,40.729148108953005],[-96.693309866815397,40.727797906674454],[-96.6915350398817,40.727762406817696],[-96.689760216112745,40.727726879697002],[-96.689806932466169,40.726376680420245],[-96.68985364565269,40.725026480782304],[-96.691628397800613,40.725062004538941],[-96.693403153112754,40.725097501034199],[-96.693449791518617,40.723747297672539],[-96.693496426762906,40.722397093949844],[-96.695271113624528,40.722432559824973],[-96.695224514185185,40.723782765226936],[-96.696999240010896,40.723818205520999],[-96.697045803645054,40.722467998441019],[-96.698820496822023,40.722503409797881],[-96.698773968993322,40.723853618554564],[-96.700548701130032,40.723889004327489],[-96.702323436418624,40.723924362839639],[-96.702276977052051,40.725274574585185],[-96.702230514535813,40.726624785970053],[-96.70218404886964,40.727974996994213],[-96.703958894740694,40.728010333264379],[-96.703912461740202,40.72936054560094],[-96.703866025591736,40.730710757576851],[-96.705640946245154,40.730746069925807],[-96.70559454276939,40.732096283213039],[-96.70554813614757,40.733446496139671],[-96.707323131591593,40.733481784562372],[-96.707276757649524,40.734831998799208],[-96.707230380563345,40.736182212675502],[-96.709005450806217,40.736217477166946],[-96.708959106406809,40.737567692352343],[-96.707184000332802,40.737532426191258],[-96.707137616957681,40.738882639346471],[-96.707091230437712,40.740232852141126],[-96.705316055839262,40.74019755536375],[-96.705269630336076,40.7415477661267]],[[-96.706859250656947,40.746983910705872],[-96.705083896843462,40.746948605572165],[-96.705037455599125,40.748298814531907],[-96.706812845262903,40.748334121337081],[-96.706859250656947,40.746983910705872]],[[-96.69742328885954,40.763009515516629],[-96.695647520464803,40.762974053829339],[-96.695600862023653,40.764324250080058],[-96.697376666296591,40.764359713446062],[-96.69742328885954,40.763009515516629]]],[[[-96.709634281551033,40.821350987146346],[-96.709587810691815,40.822701182953637],[-96.707810436048547,40.822665866182014],[-96.707763926049594,40.824016059957259],[-96.707717412895391,40.825366253371712],[-96.707670896585725,40.826716446425351],[-96.707624377120339,40.828066639118184],[-96.705846861669741,40.828031288299798],[-96.70589341712936,40.826681097279781],[-96.70593996943083,40.825330905898909],[-96.705986518574392,40.823980714157152],[-96.704209114256855,40.823945341000034],[-96.70416252912419,40.825295531067809],[-96.702385091977888,40.825260128878561],[-96.700607657994382,40.825224699331287],[-96.700560997718981,40.826574885686128],[-96.702338467693551,40.826610316910049],[-96.704115940831173,40.826645720774643],[-96.704069349377548,40.827995910120528],[-96.704022754763102,40.829346099105472],[-96.705800303051717,40.829381478958929],[-96.707577854498979,40.829416831450224],[-96.707531328721416,40.830767023421437],[-96.705753741275046,40.83073166925719],[-96.705707176339487,40.832081859194538],[-96.705660608244813,40.833432048770995],[-96.707438267696716,40.833467406281372],[-96.707391732449082,40.834817597170087],[-96.709169431064595,40.834852928986145],[-96.70912292866889,40.836203121185946],[-96.709076423118191,40.837553313024983],[-96.709029914412284,40.838903504503229],[-96.707252107762145,40.838868167671173],[-96.707205559884329,40.840218357116491],[-96.708983402550899,40.840253695620682],[-96.70893688753381,40.841603886377335],[-96.708890369360745,40.842954076773196],[-96.708843848031492,40.844304266808223],[-96.707065897301035,40.84426892328721],[-96.707019336789173,40.845619111289032],[-96.706972773118181,40.846969298929949],[-96.706926206287804,40.848319486209995],[-96.705148150631118,40.848284110291132],[-96.705101544607899,40.849634295536362],[-96.705054935422382,40.850984480420614],[-96.703276810859265,40.850949073771012],[-96.703230162473318,40.852299256618956],[-96.70500832307431,40.852334664943896],[-96.70496170756347,40.85368484910618],[-96.704915088889607,40.855035032907473],[-96.704868467052478,40.856385216347761],[-96.703090198323167,40.856349802996448],[-96.703043537274851,40.857699984400149],[-96.702996873060357,40.859050165442767],[-96.701218535399747,40.859014721349688],[-96.699440200908015,40.858979249866252],[-96.697661869587606,40.858943750992616],[-96.695883541440978,40.858908224728893],[-96.695930349853413,40.857558050401877],[-96.69415206093187,40.85752249843037],[-96.694105216470547,40.858872671075254],[-96.692326894678772,40.858837090031813],[-96.690548576068082,40.858801481598725],[-96.688770260640922,40.858765845776148],[-96.688817213247376,40.857415678185433],[-96.687038937054098,40.857380016660791],[-96.685260664048968,40.85734432774823],[-96.685213639346983,40.858694491963021],[-96.685166611454122,40.860044655816061],[-96.683388269542363,40.860008936135834],[-96.681609930824152,40.859973189065386],[-96.681562827635872,40.861323349175287],[-96.681515721251372,40.862673508923294],[-96.679737313623122,40.862637731077442],[-96.677958909193791,40.862601925839051],[-96.67618050796581,40.862566093208265],[-96.67622772251228,40.86121593854223],[-96.676274933855197,40.859865783514067],[-96.674496607935566,40.859829926884125],[-96.672718285221691,40.85979404286465],[-96.670939965716002,40.859758131455806],[-96.670987282000695,40.858407981158749],[-96.669209001753501,40.858372044060992],[-96.669256350873241,40.85702189510188],[-96.669303696780389,40.855671745780406],[-96.671081904939157,40.855707679477732],[-96.671129211593438,40.854357528093786],[-96.67290738692131,40.854393432706928],[-96.672860116307831,40.855743585789696],[-96.674638330883937,40.855779464716178],[-96.676416548665046,40.855815316257015],[-96.678194769648741,40.855851140412085],[-96.678241932138363,40.854500982240616],[-96.678289091428098,40.853150823707132],[-96.680067243530814,40.853186617089058],[-96.680114363584011,40.85183645650006],[-96.681892482846763,40.851872220806285],[-96.683670605304002,40.851907957730184],[-96.683623557325348,40.853258121702318],[-96.683576506154353,40.854608285312629],[-96.683529451790804,40.855958448561168],[-96.68530768556036,40.855994163171687],[-96.685354703881387,40.854643998233385],[-96.687132904798545,40.85467968376895],[-96.687085922520282,40.856029850395707],[-96.688864162668125,40.856065510233094],[-96.688911108903369,40.854715341919167],[-96.690689316193442,40.854750972683902],[-96.690642406001444,40.85610114268372],[-96.692420652517811,40.856136747747421],[-96.694198902214765,40.856172325424062],[-96.695977155089892,40.856207875713508],[-96.696023957150643,40.8548577006638],[-96.696070756035937,40.853507525252766],[-96.697848940000739,40.853543044793525],[-96.697802177157257,40.854893221885199],[-96.699580400336899,40.854928715720405],[-96.699627127138356,40.853578536949378],[-96.699673850769443,40.852228357817168],[-96.697895699671449,40.852192867340591],[-96.697942456169599,40.850842689526388],[-96.696164344281058,40.850807173346716],[-96.696211133641384,40.8494569968517],[-96.694433060961799,40.849421454971598],[-96.694479883179426,40.84807127979694],[-96.692701849708328,40.848035712219051],[-96.692654991459179,40.849385885710745],[-96.69087692513591,40.849350289069314],[-96.690923819416369,40.848000117261876],[-96.689145792305979,40.847964494925542],[-96.689192719433478,40.846614324442065],[-96.687414731535469,40.846578676413486],[-96.687461691505149,40.845228507255143],[-96.685683742819009,40.845192833536984],[-96.685730735625981,40.843842665704948],[-96.683952826151256,40.843806966299873],[-96.683999851790617,40.842456799795293],[-96.685777725244776,40.842492497511216],[-96.685824711675679,40.841142328955797],[-96.687602552299396,40.841177997610373],[-96.689380396108334,40.84121363889254],[-96.689427307319477,40.83986346660128],[-96.691205118294775,40.839899078825766],[-96.692982932450164,40.839934663678847],[-96.694760749783228,40.839970221160414],[-96.696538570291523,40.840005751270297],[-96.696585334262736,40.838655571884985],[-96.696632095061403,40.83730539213839],[-96.698409846714995,40.837340891516718],[-96.698456568331281,40.835990709729117],[-96.698503286777964,40.834640527580319],[-96.696725607142099,40.834605031561445],[-96.696772358424624,40.833254850731109],[-96.694994717965528,40.833219329026512],[-96.695041502079008,40.831869149515803],[-96.695088283018734,40.830518969643769],[-96.695135060784949,40.82916878941046],[-96.693357531499359,40.829133245386892],[-96.693310717735756,40.830483423938198],[-96.691533155628704,40.830447850870144],[-96.689755596700067,40.830412250439743],[-96.689708707761554,40.831762425261651],[-96.687931116014624,40.831726795783091],[-96.686153527451197,40.831691138941181],[-96.686106563328778,40.833041310028229],[-96.684328941950241,40.833005624134508],[-96.684281938638151,40.834355793171234],[-96.682504284444988,40.834320078223165],[-96.682457241938337,40.835670245208135],[-96.680679554931046,40.835634501203224],[-96.680726633443143,40.834284335909594],[-96.680773708761507,40.832934170254106],[-96.678996096956155,40.832898402267737],[-96.67894898563506,40.834248566230656],[-96.67717134102314,40.834212769186486],[-96.67539369960987,40.834176944777234],[-96.675440882935732,40.832826784203306],[-96.673663280725521,40.832790934125562],[-96.673616061397638,40.834141093003034],[-96.671838426388902,40.834105213864056],[-96.671885681718564,40.832755056684306],[-96.671932933842527,40.83140489914237],[-96.670155374040348,40.831368996036709],[-96.670108085917306,40.832719151879694],[-96.668330493324163,40.832683219711846],[-96.666552903941579,40.832647260180927],[-96.6665055406081,40.833997412259713],[-96.664727918437748,40.833961423662956],[-96.664775317771998,40.832611273287078],[-96.662997734817878,40.832575259030435],[-96.662950299483086,40.833925407702111],[-96.661172683746528,40.833889364377335],[-96.661220155081608,40.832539217411131],[-96.65944257856566,40.832503148429339],[-96.659490082678019,40.831153002807277],[-96.657712545382168,40.831116908171111],[-96.657760082266947,40.82976676389432],[-96.655982584190696,40.829730643606489],[-96.655935011311257,40.831080786174056],[-96.655887435204448,40.832430928378812],[-96.655839855870013,40.833781070220773],[-96.655792273307711,40.835131211699931],[-96.657569915377223,40.835167338825123],[-96.65934756067243,40.835203438585495],[-96.659300046891076,40.836553583119567],[-96.661077731414451,40.836589657221914],[-96.661030250416943,40.837939803100284],[-96.660982766198146,40.839289948616035],[-96.660935278757776,40.840640093769167],[-96.660887788095621,40.841990238559667],[-96.662665619885061,40.842026292118824],[-96.662618162018205,40.843376438252655],[-96.660840294211397,40.843340382987513],[-96.660792797104889,40.844690527052734],[-96.660745296775843,40.846040670755293],[-96.658967360149816,40.846004584702591],[-96.657189426749042,40.845968471274581],[-96.655411496575937,40.845932330471427],[-96.655363884951569,40.847282468685052],[-96.655316270096847,40.848632606535809],[-96.6552686520115,40.849982744023691],[-96.653490616990169,40.849946570711275],[-96.651712585202134,40.849910370020133],[-96.65176027534433,40.848560235956505],[-96.649982282820076,40.84852400960083],[-96.648204293533752,40.848487755867993],[-96.6464263074878,40.848451474758136],[-96.646474102470592,40.847101345477405],[-96.646521894210821,40.845751215833459],[-96.646569682708758,40.844401085826313],[-96.644791807972894,40.844364782493024],[-96.643013936481523,40.844328451786893],[-96.643061793772233,40.842978324853192],[-96.641283961544843,40.842941968494628],[-96.641236068237077,40.84429209370807],[-96.639458203242029,40.844255708256682],[-96.637680341498765,40.844219295432886],[-96.63772830683989,40.842869173663857],[-96.635950484367171,40.842832735191926],[-96.635998482468139,40.84148261478343],[-96.637776268926999,40.841519051531286],[-96.637824227760362,40.84016892903518],[-96.639601981461283,40.840205336690637],[-96.63955405863959,40.841555460909454],[-96.641331851603496,40.841591842917801],[-96.643109647816274,40.841628197556162],[-96.643157498613874,40.840278069895795],[-96.644935262060656,40.840314395445219],[-96.644983073602091,40.838964265702785],[-96.646760804282408,40.839000562165765],[-96.646808576572553,40.83765043034267],[-96.64685634562187,40.836300298156438],[-96.648634007529594,40.836336563819444],[-96.648681737335181,40.83498642955405],[-96.650459366477605,40.835022666137007],[-96.650507057044351,40.833672529793922],[-96.650554744375924,40.832322393087821],[-96.648777187233037,40.832286159934021],[-96.648729463902924,40.833636294925583],[-96.646951873999114,40.833600032694441],[-96.646999633327511,40.832249899418713],[-96.645222082661817,40.832213611542066],[-96.64526987474602,40.830863479620255],[-96.645317663588216,40.829513347335244],[-96.647095142265144,40.829549631777844],[-96.647142891874864,40.828199497412712],[-96.645365449188674,40.828163214687024],[-96.645413231547636,40.82681308167561],[-96.643635828090993,40.826776773310748],[-96.643683643194308,40.825426641654211],[-96.641906278966729,40.825390307652818],[-96.641954126809537,40.824040177352344],[-96.640176801810497,40.824003817717077],[-96.64012891798501,40.825353946296964],[-96.638351560251593,40.825317557586793],[-96.638399480059519,40.823967430728793],[-96.636622161559018,40.82393101638764],[-96.634844846311452,40.823894574693746],[-96.634796854539431,40.825244698104093],[-96.633019506565574,40.825208227331856],[-96.631242161849741,40.825171729205877],[-96.631290225584863,40.823821609248355],[-96.629512920110699,40.823785085497143],[-96.629561016564324,40.822434966904147],[-96.629609109755521,40.82108484794739],[-96.627831879498572,40.821048300303097],[-96.627880005401224,40.819698182711981],[-96.629657199684544,40.819734728626841],[-96.629705286351665,40.818384608942516],[-96.629753369757111,40.8170344888944],[-96.627976247413699,40.8169979464382],[-96.62619912833415,40.816961376636456],[-96.626150972991454,40.818311493224691],[-96.624373821209957,40.818274894345663],[-96.624422012520895,40.81692477948932],[-96.622644899976336,40.816888154996917],[-96.622693123984106,40.81553804150969],[-96.620916050676016,40.815501391406585],[-96.620867790702945,40.816851503159405],[-96.619090684703139,40.816814823976955],[-96.619042385488996,40.818164933629902],[-96.61726524679797,40.818128225365584],[-96.615488111385673,40.818091489755297],[-96.615439736956148,40.819441595568549],[-96.61366256885583,40.819404830872742],[-96.61371097925452,40.818054726799197],[-96.611933850406928,40.818017936497419],[-96.611982293488509,40.816667833800395],[-96.610205203893173,40.816631017895304],[-96.610156724845368,40.81798111885012],[-96.608379602572256,40.817944273857449],[-96.608331084267604,40.819294372704142],[-96.606553929317201,40.819257498621383],[-96.606505371750814,40.820607595358517],[-96.604728184123672,40.820570692183146],[-96.604776777660405,40.819220597192221],[-96.604825367901114,40.817870501836559],[-96.603048255507971,40.817833574808638],[-96.603096878418128,40.816483480835622],[-96.601319805288128,40.816446528211564],[-96.599542735458485,40.816409548244181],[-96.597765668931643,40.816372540933585],[-96.595988605710033,40.816335506279934],[-96.596037369170844,40.814985418944268],[-96.596086129324263,40.813635331243518],[-96.597863120624766,40.813672362392282],[-96.599640115230017,40.81370936620057],[-96.601417113137543,40.813746342668232],[-96.60146576211234,40.812396249349256],[-96.603242727362087,40.812433196727689],[-96.605019695908993,40.812470116766512],[-96.605068269673495,40.811120019587165],[-96.603291337082055,40.811083101295466],[-96.603339943505105,40.809733005498458],[-96.605116840143495,40.809769922043124],[-96.605165407319262,40.808419824134376],[-96.606942271301023,40.8084567115962],[-96.606893740076117,40.80980681125061],[-96.606845205559409,40.811156910540404],[-96.608622144737382,40.811193774155022],[-96.608670643300542,40.80984367312076],[-96.610447549814324,40.809880507653446],[-96.612224459615049,40.809917314848505],[-96.612272882985849,40.808567209964821],[-96.614049760119201,40.808603988081593],[-96.615826640534351,40.808640738861754],[-96.615778289067549,40.809990847225151],[-96.617555208714464,40.810027572406455],[-96.617603524228883,40.808677462305127],[-96.619380411200368,40.808714158411583],[-96.619332131638572,40.810064270249541],[-96.621109057837444,40.810100940754268],[-96.621060810956223,40.811451053963488],[-96.622837776382994,40.81148769886385],[-96.62461474507991,40.81152431642424],[-96.624566566842361,40.81287443273645],[-96.62278956218718,40.812837813443153],[-96.622741344720964,40.814187927658445],[-96.624518385336827,40.814224548684713],[-96.624470200563096,40.815574664268986],[-96.626247280410553,40.815611259684317],[-96.626295429220917,40.814261142368302],[-96.628072476370789,40.814297708709084],[-96.629849526784014,40.814334247706903],[-96.629897600405954,40.812984126567535],[-96.628120585954179,40.812947589298787],[-96.628168692274471,40.811597469524663],[-96.629945670767228,40.811634005064391],[-96.629993737868105,40.810283883197513],[-96.630041801708828,40.808933760966923],[-96.628264895126776,40.808897228885023],[-96.628312991659271,40.807547108019499],[-96.628361084929693,40.806196986790184],[-96.63013791961076,40.806233515414533],[-96.631914757551243,40.806270016703529],[-96.633691598748683,40.806306490657029],[-96.633643613326839,40.807656617068673],[-96.633595624650212,40.809006743116754],[-96.635372541004699,40.809043193184408],[-96.637149460611781,40.809079615913681],[-96.638926383469041,40.809116011304447],[-96.640703309574064,40.809152379356547],[-96.640655461463467,40.810502511933294],[-96.642432426769673,40.810538854366413],[-96.642384611371838,40.811888988299749],[-96.644161615879739,40.811925305111245],[-96.645938623628595,40.811961594581057],[-96.647715634615949,40.811997856709063],[-96.64776334213731,40.81064771762378],[-96.649540320401414,40.810683950695072],[-96.649492648839384,40.8120340914951],[-96.649444974043718,40.813384231932147],[-96.651222027462794,40.813420441089569],[-96.651269666296443,40.81207029893902],[-96.651317301898914,40.810720156425546],[-96.653094286627351,40.810756334815061],[-96.654871274584323,40.810792485863466],[-96.656648265767373,40.810828609570635],[-96.656600738045128,40.812178757216678],[-96.658377768412407,40.812214855290712],[-96.660154802001145,40.812250926021925],[-96.660202257802013,40.810900774960615],[-96.661979258648714,40.810936816643164],[-96.662026675272159,40.809586663513684],[-96.66380364337634,40.809622676150077],[-96.663756262711772,40.810972830983886],[-96.665533269988742,40.811008817982639],[-96.665580614694193,40.809658661445781],[-96.667357589223272,40.809694619400688],[-96.667310280477196,40.811044777639282],[-96.667262968522067,40.812394935515599],[-96.667215653357644,40.813745093029617],[-96.668992738981672,40.813781028745119],[-96.668945456574647,40.81513118759748],[-96.670722581372956,40.81516709766737],[-96.670769827812819,40.813816937115639],[-96.672546919848628,40.813852818141036],[-96.674324015086682,40.813888671821168],[-96.676101113524538,40.813924498155892],[-96.676053974987653,40.815274663797972],[-96.677831112591008,40.815310464481342],[-96.679608253389574,40.815346237817728],[-96.681385397380851,40.815381983806986],[-96.68316254456245,40.815417702448968],[-96.684939694931913,40.815453393743546],[-96.686716848486824,40.815489057690563],[-96.68849400522474,40.815524694289891],[-96.688447115289506,40.816874871402703],[-96.690224311180287,40.816910482339409],[-96.690271165143216,40.815560303541375],[-96.692048328239807,40.815595885444885],[-96.69200151024944,40.816946065926849],[-96.691954689083133,40.818296246047431],[-96.69373192730346,40.818331803968157],[-96.695509168697541,40.818367334538031],[-96.695462416310619,40.819717517661495],[-96.697239696854169,40.819753022560555],[-96.697192977276288,40.82110320700302],[-96.69897029696979,40.821138686228622],[-96.699016980566839,40.819788500107201],[-96.699063660997197,40.818438313624682],[-96.700840911897899,40.818473762141167],[-96.700794267446184,40.819823950301291],[-96.70257155748979,40.81985937314267],[-96.704348850695212,40.819894768631208],[-96.70612614705999,40.81993013676675],[-96.70607960738873,40.821280329591076],[-96.707856942892505,40.821315672045991],[-96.707903446581724,40.819965477549175],[-96.70968074925797,40.820000790978334],[-96.711458055086268,40.820036077054077],[-96.711411623361883,40.821386274892006],[-96.709634281551033,40.821350987146346]],[[-96.701452005037567,40.852263820910004],[-96.701405317446287,40.85361400172021],[-96.703183510922145,40.853649439105851],[-96.703230162473318,40.852299256618956],[-96.701452005037567,40.852263820910004]],[[-96.631818711550778,40.808970265710876],[-96.631866736179617,40.80762014138903],[-96.630089862289623,40.807583638372584],[-96.630041801708828,40.808933760966923],[-96.631818711550778,40.808970265710876]],[[-96.674088110559765,40.820639487933654],[-96.674135297866229,40.819289325435257],[-96.67235805874293,40.819253464967588],[-96.670580822822856,40.81921757714948],[-96.668803590108411,40.819181661981098],[-96.667026360602094,40.819145719462547],[-96.667073688606152,40.817795563397787],[-96.66529649828432,40.817759595231394],[-96.665343859049656,40.816409440506405],[-96.663566707911855,40.816373446694804],[-96.663614101433566,40.815023293310752],[-96.661836989479283,40.81498727385663],[-96.660059880742068,40.814951227056802],[-96.660107342981249,40.813601076720651],[-96.658330273429257,40.813565004282395],[-96.65655320709898,40.813528904500011],[-96.656505672928702,40.81487905142064],[-96.656458135533995,40.816229197978529],[-96.65468100049506,40.816193067432692],[-96.652903868683211,40.816156909540439],[-96.651126740100864,40.816120724301896],[-96.649349614750477,40.816084511717236],[-96.649301930252406,40.817434651065291],[-96.651079091572115,40.817470865363674],[-96.652856256124011,40.817507052314639],[-96.652808640335053,40.818857194725958],[-96.652761021316067,40.820207336774416],[-96.654538261044664,40.82024349980027],[-96.654585844088956,40.818893356040554],[-96.654633423905679,40.817543211918014],[-96.656410594914675,40.817579344173701],[-96.658187769148569,40.817615449081522],[-96.658235273797587,40.8162653011778],[-96.660012415283376,40.816301377030371],[-96.661789559988947,40.816337425536091],[-96.661742127281272,40.817687576853025],[-96.661694691356018,40.819037727807441],[-96.659917474706404,40.81900167588973],[-96.659869999587642,40.8203518247755],[-96.659822521248358,40.821701973298666],[-96.658045235865728,40.821665890616657],[-96.65799771832539,40.823016037069671],[-96.659775039688299,40.823052121459213],[-96.659727554907235,40.824402269257149],[-96.66150491547414,40.824438327999673],[-96.663282279259874,40.824474359387459],[-96.663234863228624,40.825824510234213],[-96.665012266216664,40.825860515970888],[-96.665059646262009,40.824510363420345],[-96.66683701647807,40.824546340098195],[-96.666884357325742,40.823196185482793],[-96.668661694769355,40.823232133104334],[-96.668708996424215,40.82188197642553],[-96.670486301094897,40.821917894993277],[-96.672263608971733,40.821953786208127],[-96.674040920052278,40.821989650069973],[-96.674088110559765,40.820639487933654]],[[-96.69518183537788,40.827818608815846],[-96.695228606797812,40.82646842785995],[-96.695275375044943,40.825118246542793],[-96.693497953736951,40.825082707564867],[-96.691720535603949,40.825047141229646],[-96.691673695376863,40.826397319181886],[-96.693451149499737,40.82643288720022],[-96.693404342087277,40.827783066474225],[-96.69518183537788,40.827818608815846]],[[-96.691814206526132,40.822346784240928],[-96.691767372653615,40.823696962915982],[-96.69354475479922,40.823732527568175],[-96.693591552686755,40.822382347210151],[-96.691814206526132,40.822346784240928]],[[-96.676322141994788,40.858515628123818],[-96.676369346931324,40.85716547237147],[-96.674591093106486,40.857129619134334],[-96.674543852123776,40.858479773190311],[-96.676322141994788,40.858515628123818]],[[-96.636957761021677,40.8144801302657],[-96.636909827996831,40.815830257945031],[-96.636861891720557,40.817180385260869],[-96.638639030346681,40.817216790987182],[-96.638686930655396,40.815866661948576],[-96.638734827715112,40.814516532546548],[-96.636957761021677,40.8144801302657]],[[-96.642193317344265,40.817289520400415],[-96.642241145717094,40.815939387920153],[-96.64046403656296,40.815903038606997],[-96.640416172222075,40.817253169367085],[-96.642193317344265,40.817289520400415]],[[-96.633211598034535,40.81980773841159],[-96.633259612758536,40.818457615272415],[-96.631482447925478,40.818421125781022],[-96.63143439722981,40.819771247193422],[-96.633211598034535,40.81980773841159]]],[[[-96.697096864517448,40.772460893441384],[-96.697050219818408,40.773811088843658],[-96.695274164330073,40.773775613724744],[-96.695320844924311,40.772425420001639],[-96.697096864517448,40.772460893441384]]],[[[-96.692936595114958,40.738599514793293],[-96.692889921915906,40.739949714183318],[-96.691114772565371,40.739914199196541],[-96.689339626381724,40.739878656934216],[-96.689386371248105,40.738528460908256],[-96.689433112945409,40.737178264521056],[-96.691208187464383,40.737213803418108],[-96.691161481598201,40.738564001487902],[-96.692936595114958,40.738599514793293]]],[[[-96.690364863534882,40.81285994486101],[-96.688587775553728,40.812824338979759],[-96.688634655947993,40.811474160782467],[-96.690411707964159,40.811509764978702],[-96.690364863534882,40.81285994486101]]],[[[-96.682269039993685,40.841070909530011],[-96.684046874239641,40.841106632928962],[-96.683999851790617,40.842456799795293],[-96.682221981526794,40.84242107470596],[-96.680444114455753,40.842385322243359],[-96.680491208940268,40.841035158759091],[-96.678713381081835,40.840999380616324],[-96.678760508386333,40.839649218463066],[-96.680538300229813,40.839684994912936],[-96.68058538832463,40.838334830704902],[-96.682363147350102,40.838370578092679],[-96.684140909567617,40.838406298111074],[-96.684093893498556,40.839756465700887],[-96.682316095268035,40.839720743992252],[-96.682269039993685,40.841070909530011]]],[[[-96.683811730088621,40.847857463643031],[-96.682033715728892,40.847821731791484],[-96.682080786968413,40.84647156806286],[-96.683858765300485,40.846507298223742],[-96.683811730088621,40.847857463643031]]],[[[-96.679299045880853,40.722112385639491],[-96.679345964375315,40.72076219503596],[-96.681120590077995,40.72079787728898],[-96.682895218958691,40.720833532285361],[-96.682848372065649,40.722183726266678],[-96.681073707384115,40.722148069582047],[-96.681026821511949,40.723498261513633],[-96.679252124205689,40.723462575881484],[-96.679205199349582,40.724812765761897],[-96.677430469419079,40.724777051179714],[-96.675655742672177,40.72474130933729],[-96.675608743019922,40.726091495472808],[-96.673833983651932,40.726055724676698],[-96.672059227472644,40.726019926619351],[-96.670284474484461,40.725984101300909],[-96.670237364218053,40.727334281989862],[-96.672012153015274,40.727370109004539],[-96.673786945003869,40.727405908756843],[-96.675561740181394,40.727441681246624],[-96.677336538545433,40.727477426473733],[-96.677289568332583,40.728827613578282],[-96.675514734156337,40.728791866658725],[-96.675467724944525,40.730142051709088],[-96.677242594935407,40.730177800321165],[-96.677195618353636,40.73152798670241],[-96.675420712545687,40.731492236397749],[-96.673645809925006,40.731456458826557],[-96.673598758519702,40.732806641459533],[-96.671823823269705,40.73277083492674],[-96.671870910494007,40.731420653988984],[-96.670096014255094,40.73138482188515],[-96.670048891212062,40.732735001126386],[-96.670001764974245,40.734085180005685],[-96.66995463554143,40.735435358523034],[-96.668179635034292,40.735399494059465],[-96.666404637724824,40.735363602326082],[-96.666357433445441,40.736713777084169],[-96.664582403510821,40.736677856380503],[-96.662807376778957,40.736641908406],[-96.661032353252295,40.736605933160789],[-96.661079665006767,40.735255763508341],[-96.659304680512278,40.735219762697049],[-96.659257332933265,40.736569930645054],[-96.657482315824296,40.736533900858902],[-96.657529699227581,40.735183734616633],[-96.657577079418658,40.73383356801196],[-96.655802137167811,40.733797514369542],[-96.655849549966106,40.732447349109329],[-96.655896959550233,40.731097183486639],[-96.655944365920448,40.72974701750146],[-96.657719200720976,40.729783066023394],[-96.657766568065597,40.728432897969064],[-96.657813932199232,40.727082729552329],[-96.65786129312211,40.72573256077321],[-96.659636023704621,40.7257685769153],[-96.661410757495204,40.725804565797311],[-96.661458043597534,40.724454393246688],[-96.661505326494449,40.723104220333823],[-96.663279991882305,40.723140178550409],[-96.665054660472904,40.723176109509204],[-96.665007449182184,40.724526285825881],[-96.664960234690909,40.725876461780459],[-96.666734978091171,40.725912368881325],[-96.666782156776577,40.724562191226703],[-96.668556867569109,40.724598069368135],[-96.670331581557349,40.724633920250056],[-96.67037868543693,40.72328373883731],[-96.670425786123445,40.721933557062655],[-96.672200431698997,40.721969377292766],[-96.673975080464956,40.722005170265632],[-96.674022106359701,40.720654984738417],[-96.675796722513752,40.720690748760539],[-96.675749732418851,40.722040935981148],[-96.677524387558293,40.722076674439151],[-96.679299045880853,40.722112385639491]]],[[[-96.676854895440215,40.79232179865943],[-96.676807808031668,40.793671970092234],[-96.675031248820346,40.793636169181717],[-96.67507837215787,40.792285999443308],[-96.676854895440215,40.79232179865943]]],[[[-96.67676071742946,40.795022141163159],[-96.676807808031668,40.793671970092234],[-96.678584370436667,40.793707743676585],[-96.678537315766107,40.795057916440697],[-96.67676071742946,40.795022141163159]]],[[[-96.677925314533553,40.812610129446895],[-96.676148248864052,40.81257433215184],[-96.674371186391681,40.812538507512542],[-96.674418354497121,40.811188342841895],[-96.676195381006465,40.811224165785845],[-96.67797241071267,40.811259961386824],[-96.677925314533553,40.812610129446895]]],[[[-96.683905797321287,40.845157132442694],[-96.6821278550144,40.845121403972385],[-96.682174919867109,40.843771239520088],[-96.683952826151256,40.843806966299873],[-96.683905797321287,40.845157132442694]]],[[[-96.680208594099838,40.849136134236289],[-96.680255704562938,40.847785972561525],[-96.682033715728892,40.847821731791484],[-96.681986641295623,40.849171895158278],[-96.680208594099838,40.849136134236289]]],[[[-96.669701590372782,40.793528602494526],[-96.66974882149573,40.792178437847085],[-96.671525335183205,40.792214319036994],[-96.673301852071376,40.792250172902449],[-96.673254692805145,40.793600340945154],[-96.675031248820346,40.793636169181717],[-96.67498412228673,40.794986338558168],[-96.674936992556752,40.796336507572661],[-96.673160364676789,40.796300675944522],[-96.671383739995875,40.7962648169879],[-96.671430941592774,40.794914651366341],[-96.671478139988466,40.79356448538271],[-96.669701590372782,40.793528602494526]]],[[[-96.664371960755872,40.793420789876912],[-96.664419299662057,40.792070630332056],[-96.666195803732734,40.792106593494474],[-96.66797231101144,40.792142529332864],[-96.667925043960494,40.793492692280729],[-96.666148500754048,40.793456754741477],[-96.664371960755872,40.793420789876912]]],[[[-96.669040018181619,40.812430869530509],[-96.669087294174687,40.811080709953671],[-96.670864311078802,40.811116614925666],[-96.67081707104802,40.812466776201738],[-96.669040018181619,40.812430869530509]]],[[[-96.663921637553187,40.856913924590913],[-96.665699872109897,40.856949942147509],[-96.665652450900055,40.858300087702226],[-96.663874180298663,40.858264068441507],[-96.662095912917422,40.858228021793416],[-96.660317648758777,40.858191947758108],[-96.658539387825158,40.858155846335727],[-96.656761130119008,40.858119717526392],[-96.654982875642773,40.858083561330282],[-96.654935234936204,40.859433696277875],[-96.653156947646693,40.85939751098315],[-96.653204624398896,40.858047377747525],[-96.651426376389807,40.858011166778255],[-96.651474085950142,40.856661034892838],[-96.651521792273513,40.855310902644362],[-96.653299968199164,40.85534711018731],[-96.653347635247727,40.853996975862742],[-96.65156949536015,40.853960770032849],[-96.651617195210292,40.852610637058305],[-96.653395299062254,40.852646841175215],[-96.653442959642987,40.851296706124728],[-96.655221030695316,40.851332881148693],[-96.655173406148023,40.852683017910806],[-96.655125778369367,40.854033154310017],[-96.655078147359106,40.855383290346353],[-96.656856329750909,40.855419443121328],[-96.656903924722599,40.85406930537453],[-96.658682074304991,40.854105429056141],[-96.6586345153721,40.855455568512106],[-96.660412704220292,40.855491666518517],[-96.662190896293012,40.855527737140463],[-96.662238383147525,40.854177594270034],[-96.664016542402777,40.85421363580204],[-96.663969091587816,40.855563780377757],[-96.663921637553187,40.856913924590913]]],[[[-96.662476355511785,40.746093097752542],[-96.662523653883042,40.744742928932659],[-96.664298895616,40.744778887119857],[-96.664251633086749,40.746129057642094],[-96.662476355511785,40.746093097752542]]],[[[-96.660866301154485,40.79199862203572],[-96.662642798801826,40.79203463984576],[-96.662595423968398,40.793384797687168],[-96.660818890394054,40.793348778172394],[-96.659042360035272,40.79331273133274],[-96.659089806722463,40.79196257690208],[-96.660866301154485,40.79199862203572]]],[[[-96.646832280717163,40.736317149471425],[-96.646879879061032,40.734966993490701],[-96.648654841036006,40.735003185182819],[-96.648607278514959,40.73635334287701],[-96.646832280717163,40.736317149471425]]],[[[-96.651396991733364,40.758028176432809],[-96.649621413986182,40.757992010182726],[-96.649668992268587,40.756641856580416],[-96.651444534153654,40.756678021118489],[-96.651396991733364,40.758028176432809]]],[[[-96.637096791873546,40.760438364385742],[-96.637144627670239,40.7590882235301],[-96.638920218646319,40.759124582530518],[-96.638872418714854,40.760474725107336],[-96.637096791873546,40.760438364385742]]],[[[-96.636809708968727,40.768539201890192],[-96.636857564230851,40.767189063214424],[-96.638633370434675,40.767225432542851],[-96.63858555105233,40.7685755729402],[-96.636809708968727,40.768539201890192]]],[[[-96.638537728427295,40.769925712974278],[-96.638489902559328,40.771275852645083],[-96.636713988708863,40.771239478151728],[-96.636761850461482,40.769889340202624],[-96.638537728427295,40.769925712974278]]],[[[-96.638442073448189,40.772625991952609],[-96.638489902559328,40.771275852645083],[-96.640265819652967,40.771312199836082],[-96.640218026429139,40.772662340864102],[-96.638442073448189,40.772625991952609]]],[[[-96.641993982651115,40.77269866247179],[-96.641946222076285,40.774048804855866],[-96.640170229964312,40.774012481528899],[-96.640218026429139,40.772662340864102],[-96.641993982651115,40.77269866247179]]],[[[-96.641898458262617,40.775398946876784],[-96.641946222076285,40.774048804855866],[-96.643722217427069,40.774085100877592],[-96.643674489506097,40.775435244616553],[-96.641898458262617,40.775398946876784]]],[[[-96.634124627777453,40.844146387668623],[-96.634172665150899,40.842796269349172],[-96.635950484367171,40.842832735191926],[-96.635902483009758,40.844182855236816],[-96.634124627777453,40.844146387668623]]],[[[-96.631192822997946,40.726539190573156],[-96.631144921747719,40.727889333255185],[-96.629370171214745,40.727852877519226],[-96.627595423931524,40.727816394523039],[-96.627547447817818,40.72916653338828],[-96.625772667979064,40.729130021403407],[-96.625724652802774,40.730480158176412],[-96.623949840408997,40.730443617200343],[-96.623997891395149,40.729093482157303],[-96.622223118068533,40.729056915650112],[-96.620448348001602,40.72902032188199],[-96.618673581196759,40.728983700853078],[-96.618721736346529,40.727633570643746],[-96.616947008612712,40.727596924089227],[-96.615172284145586,40.727560250275509],[-96.615220507638881,40.726210123173495],[-96.615268727863281,40.724859995707455],[-96.617043380725249,40.7248966660487],[-96.61881803685344,40.724933309133334],[-96.618866182211079,40.723583177832289],[-96.618914324305194,40.722233046167354],[-96.620688912100704,40.722269658528162],[-96.622463503157078,40.722306243634627],[-96.624238097471888,40.72234280148659],[-96.624286128918158,40.720992664261388],[-96.626060690693649,40.721029193129169],[-96.626012695042704,40.722379332083925],[-96.627787295867151,40.722415835426467],[-96.62773933276064,40.72376597574592],[-96.629513972634513,40.72380245356058],[-96.629466042077269,40.725152595243607],[-96.631240721001092,40.725189047527728],[-96.631192822997946,40.726539190573156]],[[-96.625964696138183,40.723729470675053],[-96.625916693979789,40.725079608902576],[-96.627691366402701,40.725116115701852],[-96.62773933276064,40.72376597574592],[-96.625964696138183,40.723729470675053]],[[-96.622415432657249,40.723656378765241],[-96.622367358898728,40.725006513532101],[-96.622319281881275,40.726356647935205],[-96.624093983595913,40.726393210980092],[-96.624142024811007,40.725043074845949],[-96.624190062769586,40.723692938348108],[-96.622415432657249,40.723656378765241]]],[[[-96.628938591441752,40.740004129765808],[-96.630713664335829,40.74004060103848],[-96.630665730601052,40.741390740085976],[-96.628890621876963,40.741354267086663],[-96.628842649059919,40.742704404043941],[-96.627067507755896,40.742667902043486],[-96.625292369706798,40.74263137276877],[-96.623517234915056,40.742594816219949],[-96.62346915134242,40.743944947625579],[-96.625244321968282,40.743981505905062],[-96.625196270972154,40.745331638677634],[-96.626971480692404,40.745368171411151],[-96.627019495851741,40.744018036909139],[-96.628794672990395,40.74405454063767],[-96.630569853381786,40.74409101709049],[-96.632345037023498,40.744127466267479],[-96.632297129376028,40.745477605950057],[-96.632249218480425,40.746827745269194],[-96.630473963161194,40.746791292641007],[-96.62869871109281,40.746754812734409],[-96.628650725264251,40.748104948237405],[-96.630426013174784,40.748141429871005],[-96.630378059937314,40.749491566737476],[-96.630330103448514,40.750841703240418],[-96.628554743846408,40.750805218152642],[-96.628506748256626,40.752155352564856],[-96.626731356059366,40.752118838466444],[-96.626779387498331,40.750768705782704],[-96.625004034406672,40.750732166130781],[-96.623228684573846,40.750695599196987],[-96.621453338002325,40.750659004981486],[-96.62140519901736,40.752009132472025],[-96.623180581437296,40.75204572841988],[-96.623132475039242,40.753395857278953],[-96.624907896571798,40.753432427674952],[-96.626683321363728,40.753468970786507],[-96.628458749412573,40.753505486613477],[-96.628410747314021,40.754855620298486],[-96.630186214471635,40.754892110568072],[-96.630138244975029,40.756242245616853],[-96.630090272225857,40.757592380302093],[-96.628314733352425,40.757555886577627],[-96.626539197734246,40.757519365564562],[-96.6264911500094,40.75886949642986],[-96.626443099026616,40.760219626931452],[-96.624667494941605,40.760183075169621],[-96.624715581787854,40.758832946398229],[-96.622940016826647,40.758796369076997],[-96.621164455128252,40.758759764466326],[-96.619388896695042,40.758723132566338],[-96.619340702259876,40.760073256139421],[-96.617565111231841,40.760036595214935],[-96.617613341529477,40.758686473377203],[-96.61766156855704,40.757336351175425],[-96.619437087862565,40.757373008629273],[-96.619485275762713,40.756022884328232],[-96.62126076247776,40.756059512760288],[-96.621308911255326,40.754709386361434],[-96.619533460395729,40.754672759663229],[-96.619581641761854,40.753322634634252],[-96.617806230021898,40.753285982385826],[-96.617854443971737,40.751935858727904],[-96.616079071350939,40.751899180931922],[-96.616030821550993,40.753249302853554],[-96.614255416351583,40.753212596037578],[-96.614207127427903,40.75456271585746],[-96.612431689650393,40.754525980018975],[-96.612383361598134,40.755876097735666],[-96.614158835230086,40.755912835313161],[-96.614110539757846,40.757262954404688],[-96.615886052521333,40.757299666433852],[-96.615837789633972,40.758649786899056],[-96.615789523474106,40.759999907000143],[-96.615741254041524,40.761350026737098],[-96.613965633692146,40.761313309494149],[-96.614013938989132,40.759963191495196],[-96.612238357779304,40.759926448700242],[-96.612190016618186,40.7612765649599],[-96.610414402822059,40.761239793134507],[-96.610462779847069,40.75988967861543],[-96.610511153592071,40.758539563732008],[-96.608735614801063,40.75850276809927],[-96.608784021125075,40.757152654593249],[-96.610559524057294,40.757189448484247],[-96.610607891243006,40.755839332872171],[-96.610656255149465,40.754489216895792],[-96.610704615776896,40.753139100555089],[-96.612480014426069,40.753175861938033],[-96.612528335925418,40.751825743492851],[-96.614303702001337,40.751862475853535],[-96.614351984377464,40.750512355305325],[-96.616127317879631,40.7505490586462],[-96.616175561137354,40.74919893599639],[-96.617950862065257,40.74923561032],[-96.619726166261472,40.7492722573636],[-96.619774334562592,40.747922130878834],[-96.619822499598087,40.746572004030135],[-96.619870661368211,40.745221876817503],[-96.619918819873192,40.743871749240959],[-96.619966975113314,40.742521621300504],[-96.620015127088791,40.741171492996131],[-96.620063275799936,40.739821364327867],[-96.621838332409737,40.739857971958237],[-96.623613392281257,40.739894552317374],[-96.623661466075333,40.73854441982045],[-96.625436493379269,40.738580971177726],[-96.62721152393982,40.738617495264776],[-96.628986557754544,40.738653992081417],[-96.628938591441752,40.740004129765808]],[[-96.623421064509756,40.745295078667425],[-96.623372974416824,40.746645209345509],[-96.623324881063368,40.747995339659802],[-96.625100159206113,40.748031903131654],[-96.626875440607222,40.748068439324243],[-96.626923462277659,40.746718305549514],[-96.625148216718188,40.746681771086507],[-96.625196270972154,40.745331638677634],[-96.623421064509756,40.745295078667425]],[[-96.621212610435478,40.757409638795259],[-96.622988136273349,40.757446241673229],[-96.62303625245751,40.756096113905627],[-96.62126076247776,40.756059512760288],[-96.621212610435478,40.757409638795259]],[[-96.624859822765472,40.754782557901407],[-96.624811745699532,40.756132687764108],[-96.62658724220141,40.756169234335566],[-96.626635283411161,40.754819102742886],[-96.624859822765472,40.754782557901407]]],[[[-96.637240289533764,40.756387940728914],[-96.635464773523708,40.756351557882581],[-96.635512635448734,40.755001417659322],[-96.637288115601095,40.755037798783391],[-96.637240289533764,40.756387940728914]]],[[[-96.624518385336827,40.814224548684713],[-96.624566566842361,40.81287443273645],[-96.6263435747655,40.812911024688376],[-96.626295429220917,40.814261142368302],[-96.624518385336827,40.814224548684713]]],[[[-96.632394849193517,40.842759776135736],[-96.630617036497441,40.842723255551761],[-96.628839227065114,40.84268670759738],[-96.628887369219015,40.841336594098124],[-96.630665142638478,40.841373140323249],[-96.632442919321448,40.84140965917927],[-96.632394849193517,40.842759776135736]]],[[[-96.611622845021188,40.727486820870979],[-96.609848130368746,40.7274500652805],[-96.608073418992689,40.727413282431378],[-96.608025049007949,40.728763402211101],[-96.607976675744155,40.730113521626485],[-96.606201896034605,40.730076708033252],[-96.604427119606797,40.730039867179102],[-96.602652346463159,40.730002999064176],[-96.600877576606123,40.729966103688646],[-96.600829056825333,40.731316215760295],[-96.602603862491421,40.731353112882609],[-96.604378671444337,40.731389982743025],[-96.604330219997451,40.732740097942468],[-96.604281765265895,40.734090212777424],[-96.604233307249416,40.735440327247893],[-96.606008226929916,40.735477175079303],[-96.605959801447483,40.736827290929753],[-96.604184845947756,40.736790441353861],[-96.604136381360661,40.73814055509532],[-96.604087913487888,40.739490668472257],[-96.602312889628351,40.739453788137396],[-96.602264382643398,40.740803899403836],[-96.604039442329167,40.740840781484678],[-96.603990967884272,40.742190894132584],[-96.602215872369811,40.742154010305676],[-96.602167358807364,40.743504120842921],[-96.600392230750941,40.743467207996382],[-96.600440780144211,40.742117099206567],[-96.600489326246205,40.740766990052059],[-96.598714273140075,40.740730053429495],[-96.598665691209902,40.742080160835364],[-96.596890605569314,40.742043195192231],[-96.596841984515109,40.743393300483362],[-96.595066866340574,40.743356305817159],[-96.595115523224862,40.742006202277324],[-96.593340444178963,40.74196918209077],[-96.593389133592112,40.740619079938547],[-96.591614093674366,40.740582034234293],[-96.591662815611514,40.739231933470826],[-96.589887814821395,40.73919486225153],[-96.589936569277683,40.737844762878005],[-96.58816160761468,40.737807666146317],[-96.588210394585303,40.736457568163871],[-96.588259178248677,40.735107469816285],[-96.590034068275344,40.735144563035725],[-96.589985320428923,40.736494663139403],[-96.591760249577376,40.736531730848895],[-96.591808961606588,40.735181628990411],[-96.591857670333653,40.733831526766956],[-96.590082812817201,40.733794462566998],[-96.588307958605071,40.733757371103572],[-96.588356735654727,40.732407272025739],[-96.588405509397901,40.731057172582787],[-96.590180291988247,40.731094260534377],[-96.590229026617948,40.729744158970512],[-96.592003776704573,40.729781217906705],[-96.592052472225618,40.728431114223348],[-96.590277757944094,40.728394057041605],[-96.590326485966955,40.727043954747671],[-96.592101164445808,40.727081010175048],[-96.593875846225274,40.72711803834526],[-96.593827189808025,40.728468144146646],[-96.59560191068887,40.728505146811344],[-96.595650531302937,40.727155039258157],[-96.597425219676381,40.727192012913591],[-96.599199911343177,40.727228959311432],[-96.599248457059204,40.725878847893824],[-96.597473801193672,40.72584190324514],[-96.597522379417853,40.724491793211946],[-96.597570954349209,40.723141682814024],[-96.597619525987938,40.72179157205138],[-96.5993940744642,40.721828511453026],[-96.60116862623039,40.721865423602061],[-96.602943181284076,40.72190230849835],[-96.604717739622842,40.721939166141752],[-96.606492301244259,40.721975996532123],[-96.608266866145911,40.722012799669301],[-96.608218509274948,40.723362920906283],[-96.608170149125925,40.724713041778962],[-96.609944788898858,40.724749821145309],[-96.611719431947677,40.724786573255606],[-96.611671140121288,40.72613669724538],[-96.611622845021188,40.727486820870979]],[[-96.595212827098038,40.739305994102978],[-96.595164176810613,40.740656098372583],[-96.596939223327396,40.740693089536286],[-96.596987837789598,40.739342983515535],[-96.595212827098038,40.739305994102978]]],[[[-96.605620731132149,40.746278091678271],[-96.607395940719144,40.746314926191133],[-96.607347524804467,40.747665040869656],[-96.607299105607197,40.749015155183763],[-96.605523824340025,40.74897831718333],[-96.605572279378592,40.747628204613051],[-96.603797037237754,40.74759134107876],[-96.603845524829921,40.746241229889044],[-96.605620731132149,40.746278091678271]]],[[[-96.605426904406784,40.751678541230397],[-96.605475366016165,40.750328429389107],[-96.607250683127063,40.750365269133439],[-96.607202257363838,40.751715382718693],[-96.605426904406784,40.751678541230397]]],[[[-96.603603053992018,40.752991782192026],[-96.603651554735507,40.751641672460558],[-96.605426904406784,40.751678541230397],[-96.605378439511611,40.753028652707187],[-96.603603053992018,40.752991782192026]]],[[[-96.607105395987034,40.754415608795874],[-96.607153828317237,40.753065495939502],[-96.608929220406466,40.753102311888853],[-96.608880823927535,40.754452426488037],[-96.607105395987034,40.754415608795874]]],[[[-96.61214167217922,40.762626680855305],[-96.612190016618186,40.7612765649599],[-96.613965633692146,40.761313309494149],[-96.613917325119743,40.762663427128906],[-96.61214167217922,40.762626680855305]]],[[[-96.61214167217922,40.762626680855305],[-96.612093324462151,40.763976796386416],[-96.610317638930965,40.763940021079648],[-96.610366022516786,40.762589907289254],[-96.61214167217922,40.762626680855305]]],[[[-96.612044973466752,40.765326911553259],[-96.612093324462151,40.763976796386416],[-96.613869013271682,40.764013544399454],[-96.613820698147691,40.765363661305784],[-96.612044973466752,40.765326911553259]]],[[[-96.6188585781331,40.773574471849805],[-96.618906805258433,40.77222435191689],[-96.620682722428057,40.772261001160615],[-96.620634531189722,40.773611122828271],[-96.6188585781331,40.773574471849805]]],[[[-96.608154482829733,40.774704101746543],[-96.608202928556707,40.773353992613742],[-96.609978861954517,40.773390807410117],[-96.609930452115449,40.774740918285481],[-96.608154482829733,40.774704101746543]]],[[[-96.603554549960066,40.754341891558902],[-96.601779131878445,40.754304992014376],[-96.601827671760887,40.752954884394185],[-96.603603053992018,40.752991782192026],[-96.603554549960066,40.754341891558902]]],[[[-96.601730588704868,40.755655099269909],[-96.601682042239872,40.75700520616077],[-96.599906555741626,40.756968275836272],[-96.599955138061702,40.755618170693502],[-96.600003717087958,40.754268065186025],[-96.601779131878445,40.754304992014376],[-96.601730588704868,40.755655099269909]]],[[[-96.605184547068063,40.758429094969095],[-96.605136065740197,40.759779204623243],[-96.6033605009426,40.759742325380429],[-96.60158493943473,40.759705418848483],[-96.601633492483245,40.758355312686966],[-96.601682042239872,40.75700520616077],[-96.603457532029779,40.757042109198863],[-96.603409018130918,40.758392217471958],[-96.605184547068063,40.758429094969095]]],[[[-96.60158493943473,40.759705418848483],[-96.601536383094057,40.761055524645307],[-96.601487823460971,40.762405630077446],[-96.601439260535244,40.763755735144898],[-96.599663594725129,40.763718796078791],[-96.599712193518073,40.7623686927598],[-96.59976078901596,40.761018589076052],[-96.599809381219018,40.759668485027547],[-96.60158493943473,40.759705418848483]]],[[[-96.601342124804802,40.766455944185665],[-96.601390694316592,40.765105839847642],[-96.603166399289535,40.765142753368139],[-96.603117865650077,40.766492859453457],[-96.601342124804802,40.766455944185665]]],[[[-96.599469166597373,40.769119205706929],[-96.599517778573201,40.76776910384708],[-96.601293551999575,40.767806048158981],[-96.601244975900684,40.769156151767575],[-96.599469166597373,40.769119205706929]]],[[[-96.597644709439123,40.770432332093371],[-96.597693360590426,40.76908223234841],[-96.599469166597373,40.769119205706929],[-96.599420551325196,40.770469307201992],[-96.597644709439123,40.770432332093371]]],[[[-96.602923698179751,40.771893280148305],[-96.601147813820873,40.77185635789057],[-96.599371932756412,40.771819408332227],[-96.599420551325196,40.770469307201992],[-96.601196396507859,40.770506255011441],[-96.602972244984713,40.770543175521588],[-96.602923698179751,40.771893280148305]]]]}}
]
}
