{
"type": "FeatureCollection",
"name": "bryan-east__wk_1500",
"crs": { "type": "name", "properties": { "name": "urn:ogc:def:crs:OGC:1.3:CRS84" } },
"features": [
{"type":"Feature","properties":{"band":15},"geometry":{"type":"MultiPolygon","coordinates":[[[[-96.66245328018833,40.797435269036868],[-96.6624058925009,40.798785425428562],[-96.662358501599329,40.800135581457802],[-96.66231110748339,40.801485737124615],[-96.660534358295976,40.801449707380002],[-96.658757612325601,40.801413650302749],[-96.656980869574724,40.801377565892999],[-96.65520413004576,40.801341454150894],[-96.655156588940585,40.802691602626645],[-96.656933364412836,40.802727716077833],[-96.658710143107243,40.802763802195386],[-96.660486925021402,40.802799860979142],[-96.660439488529519,40.80415001421575],[-96.660392048820086,40.805500167089818],[-96.662168905846897,40.805536201950289],[-96.662216309607416,40.80418604737087],[-96.663993133900448,40.804222053190621],[-96.663945766089057,40.805572209474086],[-96.665722629544135,40.805608189661108],[-96.66567529447164,40.806958347285011],[-96.663898395064734,40.806922365395174],[-96.663851020827252,40.808272520953821],[-96.662074088679518,40.8082365100217],[-96.660297159747628,40.808200471750325],[-96.660344605892888,40.806850319601352],[-96.658567716132808,40.80681425569766],[-96.658520234034029,40.808164406139866],[-96.656743311541163,40.808128313190444],[-96.656790829593177,40.806778164456311],[-96.655013946276483,40.806742045877456],[-96.654966392271433,40.808092192902215],[-96.653189476227311,40.808056045275322],[-96.653237066185127,40.806705899961216],[-96.65146018932154,40.806669726707732],[-96.651507812001682,40.805319582742683],[-96.649730974318132,40.805283383865294],[-96.649778629715712,40.803933241250448],[-96.648001831211715,40.803897016751797],[-96.646225035942308,40.80386076491893],[-96.646272759996933,40.802510625371077],[-96.646320480814808,40.801160485460144],[-96.644543760668427,40.801124209726972],[-96.644591514189131,40.799774071169729],[-96.644639264471152,40.798423932249364],[-96.646415912741247,40.798460204549087],[-96.648192564247353,40.798496449519902],[-96.648240239421682,40.797146306804429],[-96.648287911362672,40.795796163725981],[-96.648335580070594,40.794446020284546],[-96.648383245545659,40.793095876480152],[-96.650159756559987,40.793132087266123],[-96.65193627080447,40.793168270728081],[-96.651983861196172,40.791818123134448],[-96.653760342742601,40.791854277561043],[-96.655536827514084,40.791890404664606],[-96.657313315508176,40.791926504444994],[-96.657265832894495,40.793276657168327],[-96.657218347060379,40.794626809529028],[-96.658994910130104,40.794662885400825],[-96.660771476418063,40.794698933946584],[-96.660724059226254,40.796049089358277],[-96.658947457006676,40.796013039106356],[-96.658900000664772,40.797363192449325],[-96.660676638818401,40.797399244407472],[-96.66245328018833,40.797435269036868]]],[[[-96.672782924182314,40.807102001460613],[-96.671006011947057,40.807066128924554],[-96.671053239162603,40.805715966199898],[-96.672830115445052,40.805751837038287],[-96.672782924182314,40.807102001460613]]],[[[-96.66745219708929,40.806994301836617],[-96.667499496209714,40.805644142511163],[-96.669276366083352,40.805680068024145],[-96.669229102915239,40.807030229049857],[-96.66745219708929,40.806994301836617]]],[[[-96.654283229069662,40.777002611267612],[-96.654235710065578,40.778352764562385],[-96.652459587643051,40.778316627243974],[-96.652507142546156,40.776966475659641],[-96.652554694224548,40.775616323712534],[-96.65433074485145,40.77565245761015],[-96.656106798700407,40.775688564200237],[-96.65605931881548,40.777038719566789],[-96.654283229069662,40.777002611267612]]],[[[-96.654140662389437,40.781053070063862],[-96.654188187838898,40.779702917494483],[-96.655964349385684,40.779739029212017],[-96.655916859840346,40.781089183490671],[-96.654140662389437,40.781053070063862]]],[[[-96.655631854926369,40.789190101547113],[-96.653855441999625,40.789153977863151],[-96.652079032297408,40.789117826858735],[-96.652126613007439,40.787767678176664],[-96.65217419049074,40.786417529131789],[-96.652221764747551,40.785067379724119],[-96.650445466019676,40.78503120653604],[-96.650493072961183,40.78368105847764],[-96.652269335778129,40.783717229953645],[-96.654045601821039,40.783753374114511],[-96.655821871087525,40.783789490960096],[-96.657598143575129,40.783825580490266],[-96.657550680278817,40.78517573538921],[-96.655774371879545,40.785139644150846],[-96.655726869450191,40.786489796978934],[-96.655679363799223,40.787839949444354],[-96.655631854926369,40.789190101547113]]],[[[-96.654093133716884,40.782403222270545],[-96.652316903582715,40.782367079820396],[-96.652364468161551,40.781016929324359],[-96.654140662389437,40.781053070063862],[-96.654093133716884,40.782403222270545]]],[[[-96.650968964854229,40.770179557937716],[-96.651016536296794,40.768829405888255],[-96.652792404253901,40.768865558535964],[-96.652744868695521,40.770215712296746],[-96.650968964854229,40.770179557937716]]]]}},
{"type":"Feature","properties":{"band":30},"geometry":{"type":"MultiPolygon","coordinates":[[[[-96.69981011741254,40.796835280797794],[-96.699763487616025,40.798185473057316],[-96.699716854656714,40.799535664955819],[-96.699670218534365,40.800885856493281],[-96.699623579248751,40.80223604766973],[-96.70140039859568,40.802271476060291],[-96.701353792095972,40.803621668552495],[-96.701307182434931,40.804971860683729],[-96.703084076844718,40.805007265089444],[-96.704860974413648,40.805042642156543],[-96.704814433500346,40.806392837276761],[-96.704767889430101,40.807743032036129],[-96.706544862068213,40.807778385110616],[-96.708321837861078,40.807813710843611],[-96.708275362553678,40.809163908587195],[-96.7082288840937,40.810514105970057],[-96.708182402480929,40.811864302992184],[-96.70640531880035,40.811828972243319],[-96.706358798067086,40.813179167232612],[-96.706312274178089,40.814529361861091],[-96.704535121716177,40.814494000420019],[-96.702757972412655,40.814458611631132],[-96.70271137342381,40.815808802550464],[-96.700934191309571,40.815773384737795],[-96.700887553185623,40.817123573619988],[-96.699110338261121,40.81708812678103],[-96.697333126502812,40.817052652592096],[-96.69555591791314,40.817017151053328],[-96.695602663957672,40.815666967207399],[-96.693825494512112,40.81563144000026],[-96.693872273356419,40.814281257474377],[-96.692095143054487,40.814245704601561],[-96.692141954693696,40.812895523396875],[-96.692188763157716,40.811545341830836],[-96.690411707964159,40.811509764978702],[-96.688634655947993,40.811474160782467],[-96.686857607111648,40.811438529242267],[-96.685080561457582,40.811402870358251],[-96.685033609134067,40.812753045181637],[-96.683256530700419,40.812717357265051],[-96.681479455454166,40.812681642003632],[-96.679702383397753,40.812645899397531],[-96.677925314533553,40.812610129446895],[-96.67797241071267,40.811259961386824],[-96.676195381006465,40.811224165785845],[-96.674418354497121,40.811188342841895],[-96.674371186391681,40.812538507512542],[-96.67259412711887,40.81250265552913],[-96.67081707104802,40.812466776201738],[-96.670864311078802,40.811116614925666],[-96.669087294174687,40.811080709953671],[-96.669040018181619,40.812430869530509],[-96.667262968522067,40.812394935515599],[-96.667310280477196,40.811044777639282],[-96.667357589223272,40.809694619400688],[-96.665580614694193,40.809658661445781],[-96.665533269988742,40.811008817982639],[-96.663756262711772,40.810972830983886],[-96.66380364337634,40.809622676150077],[-96.662026675272159,40.809586663513684],[-96.661979258648714,40.810936816643164],[-96.660202257802013,40.810900774960615],[-96.660154802001145,40.812250926021925],[-96.658377768412407,40.812214855290712],[-96.656600738045128,40.812178757216678],[-96.656648265767373,40.810828609570635],[-96.654871274584323,40.810792485863466],[-96.653094286627351,40.810756334815061],[-96.653141883041457,40.809406190226618],[-96.651364934270404,40.809370013549184],[-96.651412563411213,40.808019870309899],[-96.649635653825555,40.807983668006109],[-96.649683315688165,40.806633526117174],[-96.647906445287433,40.806597298189679],[-96.647954139866982,40.805247157652246],[-96.646177308650678,40.805210904103696],[-96.646225035942308,40.80386076491893],[-96.648001831211715,40.803897016751797],[-96.649778629715712,40.803933241250448],[-96.649730974318132,40.805283383865294],[-96.651507812001682,40.805319582742683],[-96.65146018932154,40.806669726707732],[-96.653237066185127,40.806705899961216],[-96.653189476227311,40.808056045275322],[-96.654966392271433,40.808092192902215],[-96.655013946276483,40.806742045877456],[-96.656790829593177,40.806778164456311],[-96.656743311541163,40.808128313190444],[-96.658520234034029,40.808164406139866],[-96.658567716132808,40.80681425569766],[-96.660344605892888,40.806850319601352],[-96.660297159747628,40.808200471750325],[-96.662074088679518,40.8082365100217],[-96.663851020827252,40.808272520953821],[-96.663898395064734,40.806922365395174],[-96.66567529447164,40.806958347285011],[-96.665722629544135,40.805608189661108],[-96.663945766089057,40.805572209474086],[-96.663993133900448,40.804222053190621],[-96.662216309607416,40.80418604737087],[-96.662168905846897,40.805536201950289],[-96.660392048820086,40.805500167089818],[-96.660439488529519,40.80415001421575],[-96.660486925021402,40.802799860979142],[-96.660534358295976,40.801449707380002],[-96.66231110748339,40.801485737124615],[-96.662358501599329,40.800135581457802],[-96.6624058925009,40.798785425428562],[-96.66245328018833,40.797435269036868],[-96.662500664661906,40.796085112282725],[-96.660724059226254,40.796049089358277],[-96.660771476418063,40.794698933946584],[-96.658994910130104,40.794662885400825],[-96.657218347060379,40.794626809529028],[-96.657265832894495,40.793276657168327],[-96.657313315508176,40.791926504444994],[-96.655536827514084,40.791890404664606],[-96.653760342742601,40.791854277561043],[-96.651983861196172,40.791818123134448],[-96.65193627080447,40.793168270728081],[-96.650159756559987,40.793132087266123],[-96.648383245545659,40.793095876480152],[-96.648430907788153,40.791745732312783],[-96.650207382877198,40.791781941384983],[-96.650255005964524,40.790431795140961],[-96.648478566798303,40.790395587782463],[-96.646702130864185,40.790359353102673],[-96.646749822562398,40.789009209924316],[-96.644973425782695,40.788972949639586],[-96.645021150164098,40.78762280781438],[-96.646797511026321,40.78765906638295],[-96.646845196256237,40.786308922478582],[-96.646892878252388,40.784958778211198],[-96.645116589217807,40.784922523074705],[-96.64516430389061,40.783572380160287],[-96.646940557015,40.783608633580819],[-96.648716813372673,40.783644859686646],[-96.648764452994001,40.782294712978697],[-96.648812089384734,40.780944565907831],[-96.647035904840649,40.780908343231097],[-96.647083573904155,40.779558197511768],[-96.64713123973516,40.778208051429466],[-96.645355130227188,40.778171804872024],[-96.645402828723931,40.77682166014236],[-96.647178902333863,40.77685790498419],[-96.647226561700535,40.775507758175962],[-96.647274217835431,40.774157611004775],[-96.645498216014275,40.774121369593949],[-96.645450523986213,40.775471515049659],[-96.643674489506097,40.775435244616553],[-96.643722217427069,40.774085100877592],[-96.641946222076285,40.774048804855866],[-96.641993982651115,40.77269866247179],[-96.640218026429139,40.772662340864102],[-96.640265819652967,40.771312199836082],[-96.638489902559328,40.771275852645083],[-96.638537728427295,40.769925712974278],[-96.63858555105233,40.7685755729402],[-96.638633370434675,40.767225432542851],[-96.636857564230851,40.767189063214424],[-96.636905416248126,40.765838924175327],[-96.636953265020779,40.764488784772894],[-96.637001110549065,40.763138645007153],[-96.63704895283324,40.761788504878098],[-96.637096791873546,40.760438364385742],[-96.638872418714854,40.760474725107336],[-96.638920218646319,40.759124582530518],[-96.638968015336843,40.757774439590477],[-96.639015808786681,40.756424296287221],[-96.637240289533764,40.756387940728914],[-96.637288115601095,40.755037798783391],[-96.637335938425807,40.753687656474611],[-96.637383758008156,40.752337513802551],[-96.639159169694523,40.752373864198191],[-96.639206950184075,40.751023719442124],[-96.639254727434192,40.749673574322884],[-96.641030070660861,40.749709893995366],[-96.641077808825713,40.748359746793604],[-96.641125543754043,40.74700959922874],[-96.639350272217072,40.74697328299483],[-96.639398039750319,40.745623136786044],[-96.637622807293013,40.745586794993471],[-96.637670607426358,40.744236650141936],[-96.639445804045124,40.744272990214121],[-96.639493565101745,40.742922843279032],[-96.637718404319074,40.742886504927192],[-96.637766197971416,40.741536359349226],[-96.63599107626257,40.74149999544381],[-96.636038902505788,40.74014985122411],[-96.637813988383627,40.74018621340803],[-96.637861775555947,40.738836067103648],[-96.639636828844814,40.738872400294881],[-96.639684576951112,40.73752225190723],[-96.641459597650524,40.737558556108283],[-96.643234621584483,40.737594833039068],[-96.643282294805076,40.736244680852153],[-96.643329964793807,40.734894528302284],[-96.645104920312818,40.734930774530476],[-96.645057286146397,40.736280928796418],[-96.646832280717163,40.736317149471425],[-96.648607278514959,40.73635334287701],[-96.648559712769327,40.737703500208426],[-96.650334749617173,40.737739668056726],[-96.650287216474609,40.739089826737697],[-96.652062292373031,40.739125969026055],[-96.652109789687458,40.737775808634062],[-96.652157283781889,40.736425647879415],[-96.652204774656568,40.735075486762128],[-96.65397974629731,40.735111596649034],[-96.653932291246178,40.73646175947593],[-96.65388483297771,40.737811921940263],[-96.65565987948554,40.737848007975188],[-96.65743492920852,40.737884066738715],[-96.659209982144219,40.737920098230681],[-96.659257332933265,40.736569930645054],[-96.661032353252295,40.736605933160789],[-96.660985038290221,40.737956102450951],[-96.662760097644068,40.737992079399397],[-96.664535160203386,40.738028029075835],[-96.666310225965717,40.738063951480157],[-96.666357433445441,40.736713777084169],[-96.668132466580431,40.736749670516858],[-96.668085294928659,40.738099846612215],[-96.669860367089768,40.738135714471866],[-96.669813228070424,40.739485891903335],[-96.67158833925815,40.739521734187285],[-96.673363453639439,40.739557549197251],[-96.673410520996811,40.738207368373352],[-96.675185602737898,40.73824315441491],[-96.675138571211889,40.73959333693309],[-96.675091536497149,40.740943519089484],[-96.676866693092336,40.740979281244101],[-96.676913691973041,40.739629097394655],[-96.67696068766746,40.738278913183493],[-96.678735775783082,40.738314644678965],[-96.680510867082319,40.738350348901164],[-96.680463943051834,40.739700536494432],[-96.682239073364613,40.739736215132339],[-96.682192181987432,40.74108640405322],[-96.682145287430984,40.742436592612592],[-96.68037008544627,40.742400910596253],[-96.678594886643481,40.742365201302619],[-96.67854791722857,40.743715386120556],[-96.676772685771041,40.74367964785791],[-96.674997457500538,40.74364388231696],[-96.674950413218156,40.744994063388013],[-96.673175152296068,40.744958268874392],[-96.673222232419491,40.74360808949789],[-96.673269309351028,40.742257909759516],[-96.671494123300235,40.742222091358222],[-96.669718940443531,40.742186245680351],[-96.669671791835469,40.743536422025905],[-96.667896576337355,40.743500547373266],[-96.667849388692233,40.744850721658388],[-96.666074140553206,40.744814818028487],[-96.666121364038389,40.743464645443055],[-96.664346154941001,40.743428716235428],[-96.66257094904762,40.743392759750527],[-96.660795746360691,40.743356775988467],[-96.660748415356778,40.744706943467037],[-96.658973180039595,40.744670930723132],[-96.657197947933952,40.744634890701079],[-96.655422719042278,40.744598823401013],[-96.655375277305467,40.745948985398584],[-96.65360001578938,40.745912889111864],[-96.653552534992755,40.747263049038025],[-96.651777240852795,40.747226923762142],[-96.651824757492363,40.74587676554615],[-96.650049502416806,40.745840614701564],[-96.650001949934548,40.747190771206107],[-96.649954394228132,40.748540927347904],[-96.649906835297301,40.749891083126933],[-96.648131475911029,40.74985489986522],[-96.648083877905833,40.751205053568526],[-96.646308485897137,40.75116884131014],[-96.64626084881273,40.752518992936309],[-96.64621320849831,40.753869144199562],[-96.647988672213245,40.753905359886623],[-96.648036276673324,40.752555206909001],[-96.649811707761486,40.752591393596674],[-96.649764139155991,40.753941548287379],[-96.651539609324118,40.753977709401667],[-96.651492073350482,40.755327865441451],[-96.651444534153654,40.756678021118489],[-96.649668992268587,40.756641856580416],[-96.649621413986182,40.757992010182726],[-96.651396991733364,40.758028176432809],[-96.651349446089355,40.759378331384383],[-96.649573832477657,40.759342163422247],[-96.64779822209232,40.759305968168491],[-96.647750601490685,40.760656119331763],[-96.649526247742727,40.760692316298943],[-96.649478659781181,40.762042468812822],[-96.65125434512926,40.762078640199306],[-96.651206789812647,40.763428794062627],[-96.652982514257204,40.763464939865742],[-96.654758241924057,40.76350105837308],[-96.654710755131987,40.764851215294449],[-96.65648652189364,40.764887308214341],[-96.656439067758896,40.766237466481613],[-96.65821487361589,40.7662735338114],[-96.658167452143331,40.767623693423417],[-96.658120027455041,40.768973852672922],[-96.659895908290622,40.769009896116039],[-96.661671792339732,40.769045912257646],[-96.661624436206097,40.77039607455567],[-96.661577076861107,40.77174623649131],[-96.661529714304493,40.773096398064553],[-96.659753722591759,40.773060376808139],[-96.659706320930582,40.774410536313916],[-96.659658916054852,40.775760695457222],[-96.661434979555466,40.775796720123857],[-96.661387607362528,40.777146880609898],[-96.661340231957013,40.778497040733519],[-96.661292853338651,40.779847200494736],[-96.663069027752385,40.779883202965223],[-96.663021681826052,40.781233364068122],[-96.661245471507186,40.781197359893525],[-96.661198086462377,40.782547518929874],[-96.661150698203997,40.783897677603797],[-96.662926980340401,40.783933685186838],[-96.662879624780587,40.785283845202635],[-96.661103306731761,40.785247835915257],[-96.66105591204547,40.786597993864284],[-96.661008514144825,40.787948151450834],[-96.662784904025756,40.787984164147083],[-96.662832266009119,40.786634004856055],[-96.664608623184677,40.786669988529255],[-96.664561297118837,40.788020149523454],[-96.664513967843291,40.789370310155327],[-96.664466635357769,40.790720470424866],[-96.66624310350339,40.790756431885193],[-96.666290400066273,40.789406269913634],[-96.668066835496802,40.7894422023505],[-96.668114092931702,40.788092038316037],[-96.669890495646627,40.78812794173195],[-96.669937713958419,40.786777775635976],[-96.671714083957269,40.786813650033459],[-96.671666901563981,40.788163817827432],[-96.673443310681321,40.788199666602331],[-96.675219722996204,40.788235488056507],[-96.676996138506226,40.788271282189832],[-96.676949060677245,40.789621454708218],[-96.678725515301878,40.789657223213439],[-96.678772557208944,40.788307049002142],[-96.680548979101928,40.788342788493296],[-96.682325404182734,40.788378500663164],[-96.68410183244896,40.788414185511606],[-96.685878263898147,40.788449843038471],[-96.687654698527865,40.788485473243611],[-96.687607836234093,40.789835655900085],[-96.68938430996532,40.789871260468544],[-96.691160786872459,40.789906837713694],[-96.691207577319204,40.788556651688189],[-96.692984021475951,40.788592199927336],[-96.692937266953095,40.789942387635435],[-96.69471375020477,40.789977910233581],[-96.696490236625095,40.79001340550802],[-96.696536919299447,40.788663214438643],[-96.698313372961337,40.788698680710532],[-96.698266726211585,40.790048873458609],[-96.700043218961866,40.790084314085185],[-96.699996604975624,40.791434508149699],[-96.699949987827821,40.792784701853222],[-96.699903367518203,40.794134895195754],[-96.699856744046528,40.795485088177266],[-96.69981011741254,40.796835280797794]],[[-96.702990919949173,40.807707651620291],[-96.702944336762087,40.809057844344331],[-96.70472134220266,40.809093226434648],[-96.704767889430101,40.807743032036129],[-96.702990919949173,40.807707651620291]],[[-96.650097051675175,40.744490457834274],[-96.648321835663566,40.744454281423643],[-96.648274250565166,40.745804436578261],[-96.650049502416806,40.745840614701564],[-96.650097051675175,40.744490457834274]],[[-96.669229102915239,40.807030229049857],[-96.669276366083352,40.805680068024145],[-96.667499496209714,40.805644142511163],[-96.66745219708929,40.806994301836617],[-96.669229102915239,40.807030229049857]],[[-96.66591193773165,40.800207555542151],[-96.667688660613294,40.800243501586728],[-96.669465386701987,40.80027942029939],[-96.671242115995341,40.800315311679995],[-96.673018848490884,40.80035117572838],[-96.674795584186214,40.800387012444453],[-96.674842723506742,40.799036844515818],[-96.676619426458274,40.79907265220465],[-96.676572323078872,40.800422821828008],[-96.678349065166458,40.800458603878944],[-96.678301994535971,40.801808774833923],[-96.680078775760066,40.801844531244306],[-96.681855560174455,40.801880260320495],[-96.681902558916576,40.800530085982352],[-96.681949554471089,40.799179911282508],[-96.683726270186668,40.799215609645117],[-96.683679310574263,40.800565786034532],[-96.685456065417128,40.800601458753519],[-96.685502989087169,40.799251280675819],[-96.687279711170163,40.799286924374478],[-96.687326595717536,40.797936744248283],[-96.685549909574704,40.797901102236544],[-96.685596826879987,40.796550923435724],[-96.683820179856909,40.796515255781379],[-96.683773226614122,40.797865432894064],[-96.681996546838235,40.797829736220962],[-96.680219870249459,40.797794012217373],[-96.680266895366501,40.796443838484876],[-96.678490257904045,40.796408088842988],[-96.678443196850239,40.797758260883469],[-96.67666652664299,40.797722482219378],[-96.67488985963017,40.797686676225226],[-96.673113195814182,40.797650842901177],[-96.673160364676789,40.796300675944522],[-96.674936992556752,40.796336507572661],[-96.67498412228673,40.794986338558168],[-96.675031248820346,40.793636169181717],[-96.673254692805145,40.793600340945154],[-96.671478139988466,40.79356448538271],[-96.669701590372782,40.793528602494526],[-96.669654356046422,40.79487876677981],[-96.671430941592774,40.794914651366341],[-96.671383739995875,40.7962648169879],[-96.66960711851641,40.796228930702952],[-96.667830500240854,40.796193017089813],[-96.666053885171635,40.796157076148646],[-96.664277273311171,40.796121107879557],[-96.664229924772144,40.797471266337347],[-96.664182573021677,40.798821424432759],[-96.664135218059528,40.800171582165795],[-96.664087859885427,40.801521739536462],[-96.665864615499643,40.801557714615377],[-96.66591193773165,40.800207555542151]],[[-96.66974882149573,40.792178437847085],[-96.66797231101144,40.792142529332864],[-96.667925043960494,40.793492692280729],[-96.669701590372782,40.793528602494526],[-96.66974882149573,40.792178437847085]],[[-96.690833164873922,40.799358129775072],[-96.69078634903245,40.800708312909876],[-96.692563116591671,40.800743876294653],[-96.692609896489827,40.79939369147673],[-96.692656673215211,40.798043506297518],[-96.69087997754022,40.798007946278908],[-96.68910328504019,40.797972358929115],[-96.689056436433233,40.799322540740945],[-96.690833164873922,40.799358129775072]],[[-96.689243811797695,40.793921811325134],[-96.689196972722158,40.795271994221203],[-96.690973593348176,40.795307578202511],[-96.69102039649033,40.793957393622307],[-96.689243811797695,40.793921811325134]],[[-96.671006011947057,40.807066128924554],[-96.672782924182314,40.807102001460613],[-96.672830115445052,40.805751837038287],[-96.671053239162603,40.805715966199898],[-96.671006011947057,40.807066128924554]],[[-96.660937720120259,40.739306271378808],[-96.659162628144884,40.739270265453939],[-96.659115270934976,40.74062043231482],[-96.660890398742168,40.740656439944345],[-96.660937720120259,40.739306271378808]],[[-96.655631854926369,40.789190101547113],[-96.655679363799223,40.787839949444354],[-96.655726869450191,40.786489796978934],[-96.655774371879545,40.785139644150846],[-96.657550680278817,40.78517573538921],[-96.657598143575129,40.783825580490266],[-96.655821871087525,40.783789490960096],[-96.654045601821039,40.783753374114511],[-96.652269335778129,40.783717229953645],[-96.650493072961183,40.78368105847764],[-96.650445466019676,40.78503120653604],[-96.652221764747551,40.785067379724119],[-96.65217419049074,40.786417529131789],[-96.652126613007439,40.787767678176664],[-96.652079032297408,40.789117826858735],[-96.653855441999625,40.789153977863151],[-96.655631854926369,40.789190101547113]],[[-96.654140662389437,40.781053070063862],[-96.652364468161551,40.781016929324359],[-96.652316903582715,40.782367079820396],[-96.654093133716884,40.782403222270545],[-96.654140662389437,40.781053070063862]],[[-96.655916859840346,40.781089183490671],[-96.655964349385684,40.779739029212017],[-96.654188187838898,40.779702917494483],[-96.654140662389437,40.781053070063862],[-96.655916859840346,40.781089183490671]],[[-96.65605931881548,40.777038719566789],[-96.656106798700407,40.775688564200237],[-96.65433074485145,40.77565245761015],[-96.652554694224548,40.775616323712534],[-96.652507142546156,40.776966475659641],[-96.652459587643051,40.778316627243974],[-96.654235710065578,40.778352764562385],[-96.654283229069662,40.777002611267612],[-96.65605931881548,40.777038719566789]],[[-96.650968964854229,40.770179557937716],[-96.652744868695521,40.770215712296746],[-96.652792404253901,40.768865558535964],[-96.651016536296794,40.768829405888255],[-96.650968964854229,40.770179557937716]],[[-96.655612453828169,40.739198171785397],[-96.655565024955393,40.740548335233093],[-96.657340146338584,40.740584397411027],[-96.657387539380039,40.739234232256088],[-96.655612453828169,40.739198171785397]]],[[[-96.680557787931605,40.73700016094633],[-96.682332846582128,40.737035836206076],[-96.682379728422987,40.735685646200714],[-96.684154754424327,40.7357212925005],[-96.684107908411221,40.737071484193557],[-96.685882973416398,40.737107104908652],[-96.685836160057576,40.738457297926765],[-96.684061059222003,40.738421675525196],[-96.682285961562769,40.738386025849955],[-96.680510867082319,40.738350348901164],[-96.680557787931605,40.73700016094633]]],[[[-96.660676638818401,40.797399244407472],[-96.658900000664772,40.797363192449325],[-96.658947457006676,40.796013039106356],[-96.660724059226254,40.796049089358277],[-96.660676638818401,40.797399244407472]]],[[[-96.656933364412836,40.802727716077833],[-96.655156588940585,40.802691602626645],[-96.65520413004576,40.801341454150894],[-96.656980869574724,40.801377565892999],[-96.658757612325601,40.801413650302749],[-96.658710143107243,40.802763802195386],[-96.656933364412836,40.802727716077833]]],[[[-96.648335580070594,40.794446020284546],[-96.648287911362672,40.795796163725981],[-96.648240239421682,40.797146306804429],[-96.646463623850323,40.797110063548956],[-96.64651133172363,40.795759922185781],[-96.644734755320087,40.795723653319257],[-96.644782495887497,40.794373513309537],[-96.64655903636141,40.794409780459553],[-96.646606737763946,40.793059638370295],[-96.648383245545659,40.793095876480152],[-96.648335580070594,40.794446020284546]]]]}},
{"type":"Feature","properties":{"band":45},"geometry":{"type":"MultiPolygon","coordinates":[[[[-96.712339659695587,40.794382249618124],[-96.712293287772795,40.795732454307242],[-96.710516629213771,40.795697198278418],[-96.710470218206979,40.797047400938311],[-96.710423804052255,40.798397603237589],[-96.71220053449116,40.798432862603896],[-96.71215415313182,40.799783066211404],[-96.710377386749329,40.799747805176253],[-96.710330966297988,40.801098006754287],[-96.710284542697963,40.802448207971707],[-96.712061380974902,40.802483472344726],[-96.712014990176854,40.803833674870553],[-96.713791867551393,40.803868913574576],[-96.713745509560169,40.805219117407646],[-96.713699148424411,40.806569320880193],[-96.713652784143875,40.807919523992219],[-96.713606416718321,40.809269726743736],[-96.713560046147506,40.81061992913471],[-96.713513672431191,40.811970131165154],[-96.713467295569131,40.813320332835069],[-96.715244427815691,40.813355555867965],[-96.717021563205819,40.813390751553499],[-96.717067868130812,40.812040546551039],[-96.718844970693169,40.81207571322475],[-96.720622076393937,40.812110852552088],[-96.720575843406962,40.81346106088192],[-96.722352988213117,40.813496174524531],[-96.722306788061701,40.814846384155913],[-96.720529607283737,40.814811268851479],[-96.718752429642251,40.814776126197991],[-96.716975255139701,40.814740956195557],[-96.715198083778503,40.814705758844319],[-96.713420915561088,40.814670534144433],[-96.713374532406817,40.816020735093232],[-96.713328146106079,40.817370935681481],[-96.713281756658631,40.818721135909158],[-96.713235364064204,40.820071335776277],[-96.711458055086268,40.820036077054077],[-96.711411623361883,40.821386274892006],[-96.709634281551033,40.821350987146346],[-96.709587810691815,40.822701182953637],[-96.707810436048547,40.822665866182014],[-96.707763926049594,40.824016059957259],[-96.707717412895391,40.825366253371712],[-96.70593996943083,40.825330905898909],[-96.705986518574392,40.823980714157152],[-96.704209114256855,40.823945341000034],[-96.70416252912419,40.825295531067809],[-96.702385091977888,40.825260128878561],[-96.702338467693551,40.826610316910049],[-96.700560997718981,40.826574885686128],[-96.698783530909878,40.82653942710305],[-96.698736831475742,40.827889611418819],[-96.696959331841526,40.827854123797415],[-96.69518183537788,40.827818608815846],[-96.695228606797812,40.82646842785995],[-96.69700606726866,40.826503941160951],[-96.69705279952548,40.825153758163268],[-96.695275375044943,40.825118246542793],[-96.693497953736951,40.825082707564867],[-96.691720535603949,40.825047141229646],[-96.689943120648337,40.82501154753723],[-96.68816570887256,40.824975926487802],[-96.686388300279077,40.824940278081478],[-96.686341352083915,40.826290450976664],[-96.686294400703787,40.827640623510227],[-96.688071881277949,40.827676275290585],[-96.68984936503486,40.827711899711453],[-96.691626851972131,40.827747496772716],[-96.691580005389497,40.829097674002142],[-96.68980248245775,40.829062075256353],[-96.688024962706606,40.829026449149637],[-96.686247446138466,40.828990795682181],[-96.684469932755775,40.828955114854089],[-96.684422939008812,40.830305284975921],[-96.682645392818088,40.830269575097581],[-96.680867849817943,40.830233837857605],[-96.679090310010793,40.830198073256149],[-96.677312773399095,40.83016228129334],[-96.67735991112832,40.828812117938341],[-96.675582413709449,40.828776300309279],[-96.673804919490664,40.828740455320428],[-96.672027428474379,40.828704582971959],[-96.670249940663055,40.82866868326402],[-96.670297219163203,40.827318526334317],[-96.672074670982767,40.827354424343511],[-96.672121910286435,40.826004265352893],[-96.673899329321102,40.826040134306496],[-96.67385212600702,40.827390294994508],[-96.675629584233548,40.82742613828718],[-96.677407045659891,40.827461954221377],[-96.677454176994075,40.826111790142463],[-96.679231605627493,40.826147577024528],[-96.679278697776667,40.824797410890213],[-96.679325786731354,40.823447244394011],[-96.67937287249184,40.822097077535943],[-96.67941995505835,40.820746910316018],[-96.681197242948556,40.8207826630724],[-96.68124428634296,40.819432493798715],[-96.681291326546315,40.81808232416325],[-96.681338363558851,40.816732154165997],[-96.679561183596491,40.816696406485057],[-96.679608253389574,40.815346237817728],[-96.677831112591008,40.815310464481342],[-96.677878215159751,40.813960297145059],[-96.677925314533553,40.812610129446895],[-96.679702383397753,40.812645899397531],[-96.681479455454166,40.812681642003632],[-96.683256530700419,40.812717357265051],[-96.685033609134067,40.812753045181637],[-96.685080561457582,40.811402870358251],[-96.686857607111648,40.811438529242267],[-96.688634655947993,40.811474160782467],[-96.690411707964159,40.811509764978702],[-96.692188763157716,40.811545341830836],[-96.692141954693696,40.812895523396875],[-96.692095143054487,40.814245704601561],[-96.693872273356419,40.814281257474377],[-96.693825494512112,40.81563144000026],[-96.695602663957672,40.815666967207399],[-96.69555591791314,40.817017151053328],[-96.697333126502812,40.817052652592096],[-96.699110338261121,40.81708812678103],[-96.700887553185623,40.817123573619988],[-96.700934191309571,40.815773384737795],[-96.70271137342381,40.815808802550464],[-96.702757972412655,40.814458611631132],[-96.704535121716177,40.814494000420019],[-96.706312274178089,40.814529361861091],[-96.706358798067086,40.813179167232612],[-96.70640531880035,40.811828972243319],[-96.708182402480929,40.811864302992184],[-96.7082288840937,40.810514105970057],[-96.708275362553678,40.809163908587195],[-96.708321837861078,40.807813710843611],[-96.706544862068213,40.807778385110616],[-96.704767889430101,40.807743032036129],[-96.704814433500346,40.806392837276761],[-96.704860974413648,40.805042642156543],[-96.703084076844718,40.805007265089444],[-96.701307182434931,40.804971860683729],[-96.701353792095972,40.803621668552495],[-96.70140039859568,40.802271476060291],[-96.699623579248751,40.80223604766973],[-96.699670218534365,40.800885856493281],[-96.699716854656714,40.799535664955819],[-96.699763487616025,40.798185473057316],[-96.69981011741254,40.796835280797794],[-96.699856744046528,40.795485088177266],[-96.699903367518203,40.794134895195754],[-96.699949987827821,40.792784701853222],[-96.699996604975624,40.791434508149699],[-96.700043218961866,40.790084314085185],[-96.698266726211585,40.790048873458609],[-96.698313372961337,40.788698680710532],[-96.696536919299447,40.788663214438643],[-96.696490236625095,40.79001340550802],[-96.69471375020477,40.789977910233581],[-96.692937266953095,40.789942387635435],[-96.692984021475951,40.788592199927336],[-96.691207577319204,40.788556651688189],[-96.691160786872459,40.789906837713694],[-96.68938430996532,40.789871260468544],[-96.687607836234093,40.789835655900085],[-96.687654698527865,40.788485473243611],[-96.685878263898147,40.788449843038471],[-96.68410183244896,40.788414185511606],[-96.682325404182734,40.788378500663164],[-96.680548979101928,40.788342788493296],[-96.678772557208944,40.788307049002142],[-96.678725515301878,40.789657223213439],[-96.676949060677245,40.789621454708218],[-96.676996138506226,40.788271282189832],[-96.675219722996204,40.788235488056507],[-96.673443310681321,40.788199666602331],[-96.671666901563981,40.788163817827432],[-96.671714083957269,40.786813650033459],[-96.669937713958419,40.786777775635976],[-96.669890495646627,40.78812794173195],[-96.668114092931702,40.788092038316037],[-96.668066835496802,40.7894422023505],[-96.666290400066273,40.789406269913634],[-96.66624310350339,40.790756431885193],[-96.664466635357769,40.790720470424866],[-96.664513967843291,40.789370310155327],[-96.664561297118837,40.788020149523454],[-96.664608623184677,40.786669988529255],[-96.666384983569699,40.786705944883742],[-96.668161347161771,40.786741873919368],[-96.668208598187221,40.785391709160521],[-96.669984929068036,40.785427609177894],[-96.671761263150813,40.785463481877436],[-96.673537600433065,40.785499327258975],[-96.67349045715585,40.786849497111632],[-96.675266833551746,40.786885316870396],[-96.675313940912389,40.785535145322363],[-96.677090284586356,40.785570936067494],[-96.678866631452522,40.785606699494188],[-96.680642981508456,40.785642435602306],[-96.682419334751742,40.785678144391724],[-96.684195691179923,40.785713825862295],[-96.684148763405801,40.787064005867734],[-96.685925158934509,40.787099661706925],[-96.685972050790596,40.785749480013877],[-96.687748413581318,40.785785106846312],[-96.687701557643521,40.787135290225685],[-96.689477959530393,40.787170891423877],[-96.689524779549672,40.785820706359488],[-96.691301148693185,40.78585627855324],[-96.691347929620932,40.784506091443809],[-96.693124266020632,40.78454163463563],[-96.693077521009485,40.785891823427434],[-96.694853896496085,40.785927340981921],[-96.694900605590405,40.784577150509037],[-96.696676948327834,40.784612639063901],[-96.696630275150582,40.785962831216573],[-96.698406656970548,40.785998294131254],[-96.69845329423049,40.784648100300068],[-96.698499928327621,40.783297906107862],[-96.698546559262226,40.781947711554629],[-96.700322836499836,40.781983142117745],[-96.700369428361867,40.780632945526499],[-96.698593187034533,40.780597516640384],[-96.698639811644767,40.779247321365141],[-96.698686433093201,40.777897125728906],[-96.700462602607288,40.777932551261195],[-96.700509184991162,40.776582353587138],[-96.702285321761181,40.776617750131393],[-96.70233186508537,40.775267550420978],[-96.702378405253341,40.773917350349706],[-96.704154473380186,40.773952716234348],[-96.704107969110837,40.775302917979708],[-96.704061461687672,40.776653119364283],[-96.705837604768206,40.77668846128568],[-96.70579113009471,40.7780386639824],[-96.705744652269374,40.779388866318399],[-96.705698171291928,40.78073906829367],[-96.70565168716216,40.782089269908212],[-96.705605199879813,40.783439471161998],[-96.705558709444631,40.784789672055041],[-96.70733507113691,40.784824996695633],[-96.707288613467213,40.786175198899976],[-96.709065014228898,40.786210497891808],[-96.709018589329517,40.787560701406264],[-96.708972161281466,40.788910904560083],[-96.708925730084488,40.790261107353253],[-96.710702241766242,40.790296384032906],[-96.710655843348846,40.79164658813518],[-96.710609441784442,40.792996791876845],[-96.712386028473347,40.79303204456847],[-96.712339659695587,40.794382249618124]],[[-96.691767372653615,40.823696962915982],[-96.69354475479922,40.823732527568175],[-96.693591552686755,40.822382347210151],[-96.691814206526132,40.822346784240928],[-96.691767372653615,40.823696962915982]]],[[[-96.727684441424699,40.813601351364248],[-96.727638349190158,40.814951565973324],[-96.725861159017356,40.814916532716964],[-96.724083971973727,40.814881472111125],[-96.724130136153079,40.813531260819218],[-96.724176297201069,40.812181049167158],[-96.725953412302545,40.812216106454599],[-96.725907287224416,40.813566319765819],[-96.727684441424699,40.813601351364248]]],[[[-96.703976156987565,40.830696287729467],[-96.70392955605071,40.832046475992506],[-96.703882951952281,40.833396663894568],[-96.70210529882155,40.833361251652214],[-96.702058655555376,40.834711437517576],[-96.702012009124715,40.836061623021877],[-96.703789734269748,40.83609703861579],[-96.705567462577079,40.836132426841196],[-96.707345194044265,40.836167787697967],[-96.707298652482038,40.837517977864998],[-96.705520885003551,40.837482615334942],[-96.703743120685161,40.837447225434929],[-96.703696503938019,40.838797411893083],[-96.701918706768936,40.838761992947333],[-96.70014091276505,40.838726546630639],[-96.700187601538445,40.837376363525685],[-96.698409846714995,40.837340891516718],[-96.698456568331281,40.835990709729117],[-96.700234287144426,40.836026180059605],[-96.700280969583218,40.834675996232413],[-96.70032764885508,40.833325812044102],[-96.698550002055299,40.833290345070353],[-96.698596714163472,40.83194016219921],[-96.696819106535585,40.831904669539526],[-96.696865851475224,40.830554487986724],[-96.69864342310278,40.830589978966906],[-96.698690128873451,40.829239795373432],[-96.698736831475742,40.827889611418819],[-96.700514334278111,40.827925071679893],[-96.70229184024619,40.827960504580517],[-96.702245209635549,40.829310691889972],[-96.704022754763102,40.829346099105472],[-96.705800303051717,40.829381478958929],[-96.705753741275046,40.83073166925719],[-96.703976156987565,40.830696287729467]]],[[[-96.702471476121559,40.771216949124657],[-96.702424942265324,40.772567149917592],[-96.700648913190378,40.772531758399495],[-96.70069548294012,40.7711815592818],[-96.698919492916616,40.771146142132885],[-96.698966095399257,40.76979594433076],[-96.700742049531939,40.769831359803199],[-96.700788612966065,40.768481159963706],[-96.702564534367795,40.768516546456262],[-96.70434045892452,40.768551905645197],[-96.70429396726793,40.76990210883362],[-96.704247472458505,40.771252311661307],[-96.702471476121559,40.771216949124657]]],[[[-96.70472134220266,40.809093226434648],[-96.702944336762087,40.809057844344331],[-96.702990919949173,40.807707651620291],[-96.704767889430101,40.807743032036129],[-96.70472134220266,40.809093226434648]]],[[[-96.701825391752251,40.841462361428555],[-96.703603260955163,40.841497783726396],[-96.70355663471895,40.842847969101548],[-96.703510005319217,40.844198154115681],[-96.701732064072729,40.844162728465463],[-96.699954125992434,40.844127275439121],[-96.699907421378285,40.845477456738379],[-96.698129450441684,40.84544197465717],[-96.696351482676391,40.845406465198849],[-96.696398259340199,40.844056287258631],[-96.698176191080776,40.844091795036796],[-96.698222928548802,40.842741615055196],[-96.700000827437933,40.842777093778714],[-96.700047525715036,40.841426911757161],[-96.700094220823999,40.840076729374459],[-96.70187205084332,40.840112177368468],[-96.701825391752251,40.841462361428555]]],[[[-96.696859530167188,40.727868824595575],[-96.696906103272212,40.726518618598291],[-96.696952673220025,40.72516841224008],[-96.698727438010309,40.725203826950427],[-96.69868090387277,40.726554034985462],[-96.700455707628123,40.726589424109434],[-96.700409206148748,40.727939633459258],[-96.698634366580464,40.727904242659676],[-96.696859530167188,40.727868824595575]]],[[[-96.700037080800058,40.738741295269534],[-96.701812210113715,40.738776672201553],[-96.701765716087294,40.740126879979144],[-96.701719218908508,40.741477087395964],[-96.699944017922391,40.741441707114014],[-96.699990550938608,40.740091501372191],[-96.698215388944703,40.740056095488995],[-96.698261954640913,40.738705891062558],[-96.700037080800058,40.738741295269534]]],[[[-96.703262069084289,40.748263480442333],[-96.703215588838546,40.749613687368587],[-96.70144016962287,40.749578324320638],[-96.699664753561237,40.749542933987264],[-96.699711305511201,40.74819273041053],[-96.701486685720852,40.748228119068486],[-96.703262069084289,40.748263480442333]]],[[[-96.697656354259223,40.756258520454708],[-96.697702957857842,40.754908320359391],[-96.69947851419424,40.754943744685484],[-96.699525078771543,40.753593542552245],[-96.701300602403705,40.753628937912225],[-96.70307612919062,40.753664305982916],[-96.703029636336936,40.7550145114662],[-96.701254073688077,40.754979141721115],[-96.701207541817453,40.756329345169199],[-96.701161006791565,40.757679548256448],[-96.701114468610186,40.759029750982847],[-96.699338801516689,40.758994348919778],[-96.697563137581398,40.758958919562424],[-96.697609747500479,40.757608720189033],[-96.697656354259223,40.756258520454708]]],[[[-96.699292224308167,40.760344549609407],[-96.701067927273058,40.760379953348405],[-96.701021382779928,40.761730155353114],[-96.699245643941211,40.761694749938115],[-96.697469908261155,40.761659317226218],[-96.697516524501694,40.760309118574817],[-96.699292224308167,40.760344549609407]]],[[[-96.697330040572083,40.76570991101449],[-96.697376666296591,40.764359713446062],[-96.699152473731104,40.764395149512751],[-96.70092828432476,40.764430558279962],[-96.700881730362241,40.765780759202094],[-96.699105883887469,40.765745348758664],[-96.699059290884449,40.767095547643656],[-96.69728341168576,40.767060108221912],[-96.697330040572083,40.76570991101449]]],[[[-96.694573518084866,40.845370928363522],[-96.692795556669523,40.845335364151346],[-96.692842405382038,40.843985189575349],[-96.694620330773134,40.844020752104768],[-96.694573518084866,40.845370928363522]]],[[[-96.689713496592191,40.72907707861259],[-96.68966677390425,40.730427277166967],[-96.68962004804871,40.73177747536019],[-96.689573319025286,40.733127673192207],[-96.689526586833765,40.734477870663035],[-96.689479851473877,40.735828067772651],[-96.689433112945409,40.737178264521056],[-96.689386371248105,40.738528460908256],[-96.689339626381724,40.739878656934216],[-96.689292878346009,40.741228852598951],[-96.687517699495942,40.741193281377207],[-96.687564483367396,40.739843087396494],[-96.685789343524803,40.739807490583516],[-96.685742523817879,40.741157682878899],[-96.68569570093652,40.742507874812929],[-96.685648874880513,40.743858066385563],[-96.683873630699111,40.743822437237441],[-96.683826765625668,40.745172626761899],[-96.682051488779308,40.745136968646818],[-96.682098389695028,40.743786780810467],[-96.680323151870709,40.743751097104798],[-96.67854791722857,40.743715386120556],[-96.678594886643481,40.742365201302619],[-96.68037008544627,40.742400910596253],[-96.682145287430984,40.742436592612592],[-96.682192181987432,40.74108640405322],[-96.682239073364613,40.739736215132339],[-96.680463943051834,40.739700536494432],[-96.680510867082319,40.738350348901164],[-96.678735775783082,40.738314644678965],[-96.67696068766746,40.738278913183493],[-96.676913691973041,40.739629097394655],[-96.676866693092336,40.740979281244101],[-96.675091536497149,40.740943519089484],[-96.675138571211889,40.73959333693309],[-96.675185602737898,40.73824315441491],[-96.675232631075417,40.736892971534978],[-96.677007680175819,40.736928728610643],[-96.677054669498375,40.735578543676098],[-96.677101655635354,40.734228358379873],[-96.678876636270004,40.734264084800657],[-96.678923583399524,40.732913897451326],[-96.678970527346394,40.731563709740385],[-96.677195618353636,40.73152798670241],[-96.677242594935407,40.730177800321165],[-96.675467724944525,40.730142051709088],[-96.675514734156337,40.728791866658725],[-96.673739903166833,40.728756092475209],[-96.671965075366543,40.728720291027876],[-96.670190250757855,40.728684462316878],[-96.670237364218053,40.727334281989862],[-96.668462578614623,40.727298427712938],[-96.668509724689841,40.725948248721522],[-96.670284474484461,40.725984101300909],[-96.670331581557349,40.724633920250056],[-96.672106298738896,40.724669743872312],[-96.673881019111306,40.724705540234787],[-96.673928051382234,40.723355355431089],[-96.675702739138416,40.72339112284007],[-96.677477430080373,40.723426862990245],[-96.679252124205689,40.723462575881484],[-96.681026821511949,40.723498261513633],[-96.681073707384115,40.722148069582047],[-96.682848372065649,40.722183726266678],[-96.682801521996723,40.72353391988657],[-96.682754668751727,40.724884113145031],[-96.682707812330378,40.726234306042066],[-96.684482587605515,40.726269940529882],[-96.686257366054789,40.726305547755608],[-96.688032147675827,40.72634112771911],[-96.689806932466169,40.726376680420245],[-96.689760216112745,40.727726879697002],[-96.687985395510907,40.727691325312513],[-96.687938640176441,40.729041522544676],[-96.689713496592191,40.72907707861259]],[[-96.682285961562769,40.738386025849955],[-96.684061059222003,40.738421675525196],[-96.685836160057576,40.738457297926765],[-96.685882973416398,40.737107104908652],[-96.684107908411221,40.737071484193557],[-96.684154754424327,40.7357212925005],[-96.682379728422987,40.735685646200714],[-96.682332846582128,40.737035836206076],[-96.680557787931605,40.73700016094633],[-96.680510867082319,40.738350348901164],[-96.682285961562769,40.738386025849955]]],[[[-96.690973593348176,40.795307578202511],[-96.689196972722158,40.795271994221203],[-96.689243811797695,40.793921811325134],[-96.69102039649033,40.793957393622307],[-96.690973593348176,40.795307578202511]]],[[[-96.685456065417128,40.800601458753519],[-96.683679310574263,40.800565786034532],[-96.683726270186668,40.799215609645117],[-96.681949554471089,40.799179911282508],[-96.681902558916576,40.800530085982352],[-96.681855560174455,40.801880260320495],[-96.680078775760066,40.801844531244306],[-96.678301994535971,40.801808774833923],[-96.678349065166458,40.800458603878944],[-96.676572323078872,40.800422821828008],[-96.676619426458274,40.79907265220465],[-96.674842723506742,40.799036844515818],[-96.674795584186214,40.800387012444453],[-96.673018848490884,40.80035117572838],[-96.671242115995341,40.800315311679995],[-96.669465386701987,40.80027942029939],[-96.667688660613294,40.800243501586728],[-96.66591193773165,40.800207555542151],[-96.665864615499643,40.801557714615377],[-96.664087859885427,40.801521739536462],[-96.664135218059528,40.800171582165795],[-96.664182573021677,40.798821424432759],[-96.664229924772144,40.797471266337347],[-96.664277273311171,40.796121107879557],[-96.666053885171635,40.796157076148646],[-96.667830500240854,40.796193017089813],[-96.66960711851641,40.796228930702952],[-96.671383739995875,40.7962648169879],[-96.671430941592774,40.794914651366341],[-96.671478139988466,40.79356448538271],[-96.673254692805145,40.793600340945154],[-96.675031248820346,40.793636169181717],[-96.67498412228673,40.794986338558168],[-96.674936992556752,40.796336507572661],[-96.673160364676789,40.796300675944522],[-96.673113195814182,40.797650842901177],[-96.67488985963017,40.797686676225226],[-96.67666652664299,40.797722482219378],[-96.678443196850239,40.797758260883469],[-96.678490257904045,40.796408088842988],[-96.680266895366501,40.796443838484876],[-96.680219870249459,40.797794012217373],[-96.681996546838235,40.797829736220962],[-96.683773226614122,40.797865432894064],[-96.683820179856909,40.796515255781379],[-96.685596826879987,40.796550923435724],[-96.685549909574704,40.797901102236544],[-96.687326595717536,40.797936744248283],[-96.687279711170163,40.799286924374478],[-96.685502989087169,40.799251280675819],[-96.685456065417128,40.800601458753519]]],[[[-96.690833164873922,40.799358129775072],[-96.689056436433233,40.799322540740945],[-96.68910328504019,40.797972358929115],[-96.69087997754022,40.798007946278908],[-96.692656673215211,40.798043506297518],[-96.692609896489827,40.79939369147673],[-96.692563116591671,40.800743876294653],[-96.69078634903245,40.800708312909876],[-96.690833164873922,40.799358129775072]]],[[[-96.692842405382038,40.843985189575349],[-96.691064483169328,40.843949599670516],[-96.691111364724989,40.842599426417081],[-96.692889250916153,40.842635014637935],[-96.692842405382038,40.843985189575349]]],[[[-96.668132466580431,40.736749670516858],[-96.666357433445441,40.736713777084169],[-96.666404637724824,40.735363602326082],[-96.668179635034292,40.735399494059465],[-96.668132466580431,40.736749670516858]]],[[[-96.669813228070424,40.739485891903335],[-96.669860367089768,40.738135714471866],[-96.668085294928659,40.738099846612215],[-96.668132466580431,40.736749670516858],[-96.669907502913361,40.736785536678426],[-96.671682542441772,40.736821375568731],[-96.671729639243836,40.735471195716613],[-96.673504646139079,40.735507005640081],[-96.675279656224745,40.735542788293287],[-96.675232631075417,40.736892971534978],[-96.673457585163263,40.736857187187631],[-96.673410520996811,40.738207368373352],[-96.673363453639439,40.739557549197251],[-96.67158833925815,40.739521734187285],[-96.669813228070424,40.739485891903335]]],[[[-96.671352775407314,40.746272624400234],[-96.66957748502891,40.74623677363099],[-96.66962464003069,40.744886598009437],[-96.667849388692233,40.744850721658388],[-96.667896576337355,40.743500547373266],[-96.669671791835469,40.743536422025905],[-96.669718940443531,40.742186245680351],[-96.671494123300235,40.742222091358222],[-96.673269309351028,40.742257909759516],[-96.673222232419491,40.74360808949789],[-96.673175152296068,40.744958268874392],[-96.674950413218156,40.744994063388013],[-96.674903365746076,40.746344244097287],[-96.673128068980517,40.746308447889042],[-96.671352775407314,40.746272624400234]]],[[[-96.676725677329969,40.745029830622222],[-96.674950413218156,40.744994063388013],[-96.674997457500538,40.74364388231696],[-96.676772685771041,40.74367964785791],[-96.676725677329969,40.745029830622222]]],[[[-96.667802197847735,40.746200895581453],[-96.66602691386619,40.746164990251771],[-96.666074140553206,40.744814818028487],[-96.667849388692233,40.744850721658388],[-96.667802197847735,40.746200895581453]]],[[[-96.674371186391681,40.812538507512542],[-96.676148248864052,40.81257433215184],[-96.676101113524538,40.813924498155892],[-96.674324015086682,40.813888671821168],[-96.672546919848628,40.813852818141036],[-96.67259412711887,40.81250265552913],[-96.674371186391681,40.812538507512542]]],[[[-96.670769827812819,40.813816937115639],[-96.668992738981672,40.813781028745119],[-96.669040018181619,40.812430869530509],[-96.67081707104802,40.812466776201738],[-96.670769827812819,40.813816937115639]]],[[[-96.664865796105659,40.728576812603286],[-96.663090984287635,40.72854087483902],[-96.663138240991273,40.727190701310143],[-96.66491301699881,40.727226637372929],[-96.664865796105659,40.728576812603286]]],[[[-96.663043724380259,40.729891048005697],[-96.661268879953298,40.729855081275652],[-96.661316175673335,40.728504909811811],[-96.663090984287635,40.72854087483902],[-96.663043724380259,40.729891048005697]]],[[[-96.66659342284369,40.729962899672898],[-96.6648185720112,40.729926987471494],[-96.664865796105659,40.728576812603286],[-96.66664061112499,40.72861272310444],[-96.66659342284369,40.729962899672898]]],[[[-96.664771344715206,40.73127716197758],[-96.662996461268932,40.73124122081019],[-96.663043724380259,40.729891048005697],[-96.6648185720112,40.729926987471494],[-96.664771344715206,40.73127716197758]]],[[[-96.662949194953384,40.732591393252463],[-96.664724114217421,40.732627336121531],[-96.664676880517575,40.733977509903347],[-96.66290192543336,40.733941565332522],[-96.661126973553849,40.733905593493596],[-96.66117427889381,40.732555423116565],[-96.662949194953384,40.732591393252463]]],[[[-96.648607278514959,40.73635334287701],[-96.646832280717163,40.736317149471425],[-96.646879879061032,40.734966993490701],[-96.648654841036006,40.735003185182819],[-96.648607278514959,40.73635334287701]]],[[[-96.662760097644068,40.737992079399397],[-96.660985038290221,40.737956102450951],[-96.661032353252295,40.736605933160789],[-96.662807376778957,40.736641908406],[-96.662854652708646,40.735291737050368],[-96.66462964361547,40.735327683322993],[-96.664582403510821,40.736677856380503],[-96.666357433445441,40.736713777084169],[-96.666310225965717,40.738063951480157],[-96.664535160203386,40.738028029075835],[-96.662760097644068,40.737992079399397]]],[[[-96.661032353252295,40.736605933160789],[-96.659257332933265,40.736569930645054],[-96.659304680512278,40.735219762697049],[-96.661079665006767,40.735255763508341],[-96.661032353252295,40.736605933160789]]],[[[-96.655707301927777,40.736497843802475],[-96.657482315824296,40.736533900858902],[-96.659257332933265,40.736569930645054],[-96.659209982144219,40.737920098230681],[-96.65743492920852,40.737884066738715],[-96.65565987948554,40.737848007975188],[-96.655707301927777,40.736497843802475]]],[[[-96.652157283781889,40.736425647879415],[-96.652109789687458,40.737775808634062],[-96.652062292373031,40.739125969026055],[-96.650287216474609,40.739089826737697],[-96.650334749617173,40.737739668056726],[-96.65038227953734,40.736389509013065],[-96.652157283781889,40.736425647879415]]],[[[-96.657340146338584,40.740584397411027],[-96.655565024955393,40.740548335233093],[-96.655612453828169,40.739198171785397],[-96.657387539380039,40.739234232256088],[-96.657340146338584,40.740584397411027]]],[[[-96.660890398742168,40.740656439944345],[-96.659115270934976,40.74062043231482],[-96.659162628144884,40.739270265453939],[-96.660937720120259,40.739306271378808],[-96.660890398742168,40.740656439944345]]],[[[-96.664298895616,40.744778887119857],[-96.662523653883042,40.744742928932659],[-96.660748415356778,40.744706943467037],[-96.660795746360691,40.743356775988467],[-96.66257094904762,40.743392759750527],[-96.664346154941001,40.743428716235428],[-96.666121364038389,40.743464645443055],[-96.666074140553206,40.744814818028487],[-96.664298895616,40.744778887119857]]],[[[-96.660701081143756,40.746057110583273],[-96.658925809985064,40.74602109613442],[-96.657150542038181,40.745985054406148],[-96.657197947933952,40.744634890701079],[-96.658973180039595,40.744670930723132],[-96.660748415356778,40.744706943467037],[-96.660701081143756,40.746057110583273]]],[[[-96.640218026429139,40.772662340864102],[-96.638442073448189,40.772625991952609],[-96.638489902559328,40.771275852645083],[-96.640265819652967,40.771312199836082],[-96.640218026429139,40.772662340864102]]],[[[-96.640218026429139,40.772662340864102],[-96.641993982651115,40.77269866247179],[-96.641946222076285,40.774048804855866],[-96.640170229964312,40.774012481528899],[-96.640218026429139,40.772662340864102]]],[[[-96.643674489506097,40.775435244616553],[-96.641898458262617,40.775398946876784],[-96.641946222076285,40.774048804855866],[-96.643722217427069,40.774085100877592],[-96.643674489506097,40.775435244616553]]],[[[-96.664608623184677,40.786669988529255],[-96.662832266009119,40.786634004856055],[-96.662879624780587,40.785283845202635],[-96.664655946041051,40.785319827172728],[-96.664608623184677,40.786669988529255]]],[[[-96.646749822562398,40.789009209924316],[-96.646702130864185,40.790359353102673],[-96.648478566798303,40.790395587782463],[-96.650255005964524,40.790431795140961],[-96.650207382877198,40.791781941384983],[-96.648430907788153,40.791745732312783],[-96.648383245545659,40.793095876480152],[-96.646606737763946,40.793059638370295],[-96.64655903636141,40.794409780459553],[-96.644782495887497,40.794373513309537],[-96.644734755320087,40.795723653319257],[-96.644687011514719,40.797073792965875],[-96.646463623850323,40.797110063548956],[-96.646415912741247,40.798460204549087],[-96.644639264471152,40.798423932249364],[-96.644591514189131,40.799774071169729],[-96.644543760668427,40.801124209726972],[-96.646320480814808,40.801160485460144],[-96.646272759996933,40.802510625371077],[-96.646225035942308,40.80386076491893],[-96.646177308650678,40.805210904103696],[-96.644400480671607,40.805174623219784],[-96.642623655932255,40.805138315000654],[-96.64084683443501,40.805101979446455],[-96.640894669565867,40.803751845416485],[-96.640942501452429,40.802401711023244],[-96.639165755089138,40.802365351575745],[-96.639117887259104,40.803715484248208],[-96.637341108199081,40.803679095746439],[-96.635564332388228,40.803642679911306],[-96.633787559828988,40.803606236742979],[-96.633739580915986,40.804956363881786],[-96.631962775665869,40.804919891654379],[-96.630185973672496,40.804883392092762],[-96.63013791961076,40.806233515414533],[-96.628361084929693,40.806196986790184],[-96.628312991659271,40.807547108019499],[-96.628264895126776,40.808897228885023],[-96.630041801708828,40.808933760966923],[-96.629993737868105,40.810283883197513],[-96.629945670767228,40.811634005064391],[-96.628168692274471,40.811597469524663],[-96.628120585954179,40.812947589298787],[-96.629897600405954,40.812984126567535],[-96.629849526784014,40.814334247706903],[-96.628072476370789,40.814297708709084],[-96.626295429220917,40.814261142368302],[-96.6263435747655,40.812911024688376],[-96.624566566842361,40.81287443273645],[-96.62461474507991,40.81152431642424],[-96.622837776382994,40.81148769886385],[-96.621060810956223,40.811451053963488],[-96.621109057837444,40.810100940754268],[-96.619332131638572,40.810064270249541],[-96.619380411200368,40.808714158411583],[-96.619428687487641,40.807364046209486],[-96.619476960500648,40.80601393364325],[-96.61952523023966,40.804663820712868],[-96.619573496704916,40.803313707418376],[-96.617796753519627,40.803277018257745],[-96.617845052651859,40.80192690633541],[-96.617893348508389,40.800576794048887],[-96.61967001981516,40.800613479737024],[-96.619718276460659,40.799263365350185],[-96.621494915104591,40.799300021974176],[-96.62154313254392,40.797949905488458],[-96.623319738524486,40.797986533050768],[-96.623367916762504,40.796636414467606],[-96.623416091733148,40.795286295520491],[-96.621639557612625,40.795249671424948],[-96.621687765242513,40.793899553847162],[-96.62173596960308,40.792549435905393],[-96.619959510601944,40.792512787954628],[-96.61818305487229,40.792476112682301],[-96.618231327806086,40.79112599784667],[-96.618279597466213,40.789775882646921],[-96.620055981356259,40.78981255444787],[-96.620104211826828,40.788462437148404],[-96.62015243902664,40.787112319484883],[-96.618376126966453,40.787075651155043],[-96.618424386807092,40.785725534862934],[-96.618472643375043,40.784375418206707],[-96.616696406407414,40.784338726034022],[-96.616744695609142,40.782988610750294],[-96.618520896670603,40.783025301186385],[-96.620297101004198,40.783061964310086],[-96.620345315123586,40.781711845190422],[-96.620393525973512,40.780361725706754],[-96.620441733554202,40.779011605859047],[-96.620489937865912,40.77766148564735],[-96.620538138908898,40.776311365071649],[-96.620586336683431,40.774961244131966],[-96.622362328897694,40.774997869540464],[-96.624138324377753,40.775034467644055],[-96.624186447104464,40.773684342874589],[-96.62241048751433,40.773647746503258],[-96.622458642865396,40.772297623102126],[-96.620682722428057,40.772261001160615],[-96.620730910398663,40.770910879128976],[-96.618955029113593,40.770874231619942],[-96.618906805258433,40.77222435191689],[-96.61713089135894,40.772187675371114],[-96.615354980732036,40.77215097152343],[-96.615306681833474,40.773501087982957],[-96.61353073859533,40.773464355094866],[-96.613579073380123,40.772114240373966],[-96.611803169305659,40.772077481922892],[-96.610027268511033,40.772040696170336],[-96.608251370998715,40.772003883116454],[-96.608299810156012,40.770653773254722],[-96.606523951811198,40.770616934643378],[-96.604748096753298,40.770580068732279],[-96.602972244984713,40.770543175521588],[-96.603020788497901,40.769193070530207],[-96.603069328719613,40.767842965174161],[-96.604845108730885,40.767879854892456],[-96.604796604386621,40.769229961994668],[-96.606572423564415,40.76926682616083],[-96.606620892030975,40.767916717313753],[-96.608396678617467,40.767953552437874],[-96.608445107922122,40.766603441482772],[-96.610220861916787,40.766640247567373],[-96.610269252064398,40.76529013450569],[-96.612044973466752,40.765326911553259],[-96.611996619192723,40.766677026355786],[-96.61377237974753,40.766713777847883],[-96.615548143578749,40.766750502043536],[-96.615596426104815,40.765400383763158],[-96.61737215733568,40.76543707892521],[-96.617323910683965,40.766787198942573],[-96.617275660760683,40.768137318595862],[-96.619051467014515,40.768173989933914],[-96.61909968106076,40.766823868544861],[-96.620875454706677,40.766860510850258],[-96.622651231619329,40.766897125858591],[-96.624427011796257,40.766933713569763],[-96.626202795235045,40.766970273983581],[-96.626154724699433,40.76832040230282],[-96.627930547275952,40.768356937148475],[-96.627882509361385,40.769707066833341],[-96.627834468189306,40.771057196154516],[-96.626058573848937,40.771020657850009],[-96.626010493533528,40.77237078507796],[-96.625962409957708,40.773720911942156],[-96.625914323121179,40.775071038442569],[-96.625866233023729,40.776421164579197],[-96.627642270920958,40.776457709802216],[-96.629418312076922,40.77649422771858],[-96.629370290509115,40.777844356949721],[-96.631146370817206,40.777880849286504],[-96.631098381891022,40.779230979881291],[-96.629322265684721,40.779194485817229],[-96.629274237603497,40.780544614321066],[-96.629226206265187,40.781894742461247],[-96.629178171669565,40.783244870237745],[-96.629130133816361,40.784594997650565],[-96.629082092705318,40.785945124699715],[-96.627305800229564,40.785908594682319],[-96.627257719947906,40.787258719638771],[-96.629034048336209,40.787295251385153],[-96.630810379982833,40.787331755814392],[-96.630858388439151,40.785981627401249],[-96.632634687428634,40.786018102786812],[-96.632586714885349,40.787368232926369],[-96.634363053041355,40.787404682720926],[-96.634410989671338,40.78605455085625],[-96.636187295164831,40.786090971609411],[-96.637963603906684,40.786127365046156],[-96.638011465463393,40.78477722937177],[-96.63978774153955,40.784813593770771],[-96.639739915894467,40.78616373116634],[-96.639692087005869,40.787513868198644],[-96.641468438151435,40.787550208722074],[-96.641516231125735,40.786200069969816],[-96.643292549598073,40.786236381456447],[-96.643340303419194,40.784886240622392],[-96.645116589217807,40.784922523074705],[-96.64506887130905,40.786272665626086],[-96.646845196256237,40.786308922478582],[-96.646797511026321,40.78765906638295],[-96.645021150164098,40.78762280781438],[-96.644973425782695,40.788972949639586],[-96.646749822562398,40.789009209924316]]],[[[-96.66245328018833,40.797435269036868],[-96.660676638818401,40.797399244407472],[-96.660724059226254,40.796049089358277],[-96.662500664661906,40.796085112282725],[-96.66245328018833,40.797435269036868]]],[[[-96.660486925021402,40.802799860979142],[-96.658710143107243,40.802763802195386],[-96.658757612325601,40.801413650302749],[-96.660534358295976,40.801449707380002],[-96.660486925021402,40.802799860979142]]],[[[-96.638639030346681,40.817216790987182],[-96.636861891720557,40.817180385260869],[-96.636909827996831,40.815830257945031],[-96.636957761021677,40.8144801302657],[-96.638734827715112,40.814516532546548],[-96.638686930655396,40.815866661948576],[-96.638639030346681,40.817216790987182]]],[[[-96.654300297400837,40.826994213156517],[-96.654252694985871,40.828344354739265],[-96.652475239358054,40.828308181444349],[-96.652522877762323,40.826958041573285],[-96.652570512935085,40.825607901339303],[-96.654347896586742,40.825644071210938],[-96.654300297400837,40.826994213156517]]],[[[-96.657807615927027,40.82841661925481],[-96.656030153843005,40.82838050067614],[-96.656077720268428,40.827030357383002],[-96.657855146362664,40.827066474252582],[-96.657807615927027,40.82841661925481]]],[[[-96.637240289533764,40.756387940728914],[-96.635464773523708,40.756351557882581],[-96.635512635448734,40.755001417659322],[-96.637288115601095,40.755037798783391],[-96.637240289533764,40.756387940728914]]],[[[-96.638872418714854,40.760474725107336],[-96.637096791873546,40.760438364385742],[-96.637144627670239,40.7590882235301],[-96.638920218646319,40.759124582530518],[-96.638872418714854,40.760474725107336]]],[[[-96.63858555105233,40.7685755729402],[-96.636809708968727,40.768539201890192],[-96.636857564230851,40.767189063214424],[-96.638633370434675,40.767225432542851],[-96.63858555105233,40.7685755729402]]],[[[-96.638489902559328,40.771275852645083],[-96.636713988708863,40.771239478151728],[-96.636761850461482,40.769889340202624],[-96.638537728427295,40.769925712974278],[-96.638489902559328,40.771275852645083]]],[[[-96.622741344720964,40.814187927658445],[-96.62278956218718,40.812837813443153],[-96.624566566842361,40.81287443273645],[-96.624518385336827,40.814224548684713],[-96.622741344720964,40.814187927658445]]],[[[-96.626295429220917,40.814261142368302],[-96.626247280410553,40.815611259684317],[-96.624470200563096,40.815574664268986],[-96.624518385336827,40.814224548684713],[-96.626295429220917,40.814261142368302]]],[[[-96.619485275762713,40.756022884328232],[-96.617709792314798,40.755986228609586],[-96.61593431213646,40.755949545604523],[-96.614158835230086,40.755912835313161],[-96.614207127427903,40.75456271585746],[-96.615982568479595,40.75459942441109],[-96.617758012803009,40.754636105679729],[-96.619533460395729,40.754672759663229],[-96.619485275762713,40.756022884328232]]],[[[-96.606911633825092,40.759816056576774],[-96.608687205194869,40.759852881240882],[-96.608638792306209,40.761202994018099],[-96.610414402822059,40.761239793134507],[-96.610366022516786,40.762589907289254],[-96.60859037613487,40.7625531064309],[-96.608541956680568,40.763903218479285],[-96.608493533943076,40.765253330163247],[-96.606717819105214,40.76521649852608],[-96.60666935721116,40.76656660810216],[-96.606620892030975,40.767916717313753],[-96.604845108730885,40.767879854892456],[-96.60489360978633,40.766529747425679],[-96.604942107553214,40.765179639594322],[-96.603166399289535,40.765142753368139],[-96.603214929638284,40.763792646918148],[-96.604990602031791,40.763829531398393],[-96.605039093222317,40.762479422837892],[-96.605087581125034,40.761129313912832],[-96.605136065740197,40.759779204623243],[-96.605184547068063,40.758429094969095],[-96.605233025108888,40.757078984950411],[-96.605281499862926,40.75572887456719],[-96.605329971330406,40.754378763819446],[-96.607105395987034,40.754415608795874],[-96.607056960372972,40.755765721287787],[-96.608832424167147,40.75580254072284],[-96.608784021125075,40.757152654593249],[-96.608735614801063,40.75850276809927],[-96.60696007929225,40.758465945178251],[-96.606911633825092,40.759816056576774]]]]}},
{"type":"Feature","properties":{"band":60},"geometry":{"type":"MultiPolygon","coordinates":[[[[-96.765096062388096,40.811630197920017],[-96.766873212860531,40.811664624564123],[-96.766827918227875,40.813014876037983],[-96.768605107745898,40.813049276961372],[-96.770382300334177,40.81308365053453],[-96.770427523020302,40.811733395805796],[-96.77220468270275,40.811767740403099],[-96.772249866350123,40.810417483690514],[-96.774026993126299,40.810451799314478],[-96.775804122964928,40.810486087590405],[-96.777581255863595,40.810520348518146],[-96.777536180131207,40.81187061009927],[-96.779313352059603,40.81190484529894],[-96.779268309243946,40.813255108142208],[-96.781045520202525,40.813289317611165],[-96.782822734214307,40.813323499728952],[-96.784599951276817,40.813357654495405],[-96.784644886167385,40.812007386798932],[-96.784689818009852,40.810657118744544],[-96.786466966172128,40.810691242929316],[-96.788244117379804,40.810725339765099],[-96.790021271630479,40.810759409251745],[-96.789976447707915,40.812109682147515],[-96.791753640972885,40.812143725896092],[-96.791708849985767,40.813494000045431],[-96.791664055960069,40.814844273837103],[-96.78988679074024,40.814810226865916],[-96.789841957694634,40.816160498688532],[-96.789797121607563,40.817510770153419],[-96.788019787464847,40.817476692603627],[-96.786242456366281,40.817442587698231],[-96.786287364419678,40.816092319460154],[-96.784510072350528,40.816058188814637],[-96.782732783330147,40.816024030815093],[-96.780955497361006,40.815989845461651],[-96.781000510308473,40.814639581715426],[-96.779223263372671,40.814605370627376],[-96.7774460194927,40.814571132186991],[-96.775668778671047,40.814536866394405],[-96.77562365778526,40.815887125279261],[-96.775578533838512,40.817237383805882],[-96.775533406830561,40.818587641974233],[-96.773756061125425,40.818553343960296],[-96.773801224117221,40.817203087415095],[-96.772023917459578,40.817168763669805],[-96.770246613868025,40.817134412570141],[-96.770291845758265,40.815784158916706],[-96.768514581215925,40.815749782089782],[-96.768559846016146,40.814399529704829],[-96.766782620522534,40.814365127153295],[-96.766737319744294,40.815715377910038],[-96.764960061345789,40.815680946377633],[-96.764914721514174,40.817031195146242],[-96.764869378606718,40.818381443556198],[-96.763092051321422,40.818346981409462],[-96.763137430211287,40.816996734630443],[-96.761360141986671,40.816962246760944],[-96.759582856842755,40.816927731537895],[-96.759537405988766,40.818277975051188],[-96.761314727114623,40.818312491907754],[-96.761269309161634,40.819662736695797],[-96.759491952051377,40.819628218205658],[-96.759446495030403,40.820978461001275],[-96.757669105017172,40.820943913520196],[-96.757714598024748,40.819593672359517],[-96.755937247084148,40.819559099157523],[-96.755982772989569,40.818208859274094],[-96.756028295806757,40.816858619031692],[-96.75425101991955,40.816824021748808],[-96.752473747122778,40.81678939711292],[-96.75242815234337,40.818139634079252],[-96.752382554470842,40.819489870686468],[-96.754159899232036,40.81952449859979],[-96.754114334252023,40.820874736486708],[-96.752336953504965,40.820840106934583],[-96.750559575851497,40.820805450025709],[-96.748782201294048,40.82077076576023],[-96.748827874230969,40.819420532793607],[-96.747050538757151,40.819385822814354],[-96.747004829835092,40.820736054138273],[-96.745227461477029,40.820701315159994],[-96.745181713466707,40.822051544480537],[-96.743404312224868,40.82201677650071],[-96.743450096222304,40.820666548825507],[-96.741672734073347,40.820631755134976],[-96.739895375032631,40.820596934088535],[-96.738118019102544,40.820562085686312],[-96.736340666285557,40.820527209928443],[-96.736386591113515,40.819176988487833],[-96.734609277395535,40.819142087026215],[-96.73283196679526,40.819107158210521],[-96.731054659315134,40.819072202040886],[-96.73110068897023,40.817721985199491],[-96.732877960469779,40.817756939714847],[-96.732923951024375,40.816406720859362],[-96.731146715502959,40.816371767998191],[-96.729369483103653,40.816336787785829],[-96.727592253828888,40.816301780222389],[-96.727546155340619,40.817651994111415],[-96.725768893215431,40.817616957538974],[-96.725722755620112,40.818967169409838],[-96.723945460644998,40.818932103825894],[-96.722168168802199,40.818897010888712],[-96.720390880094186,40.818861890598434],[-96.71861359452339,40.818826742955196],[-96.716836312092241,40.81879156795916],[-96.716882629583154,40.817441364398377],[-96.715105386272469,40.817406163715553],[-96.715059032803183,40.818756365610419],[-96.713281756658631,40.818721135909158],[-96.713328146106079,40.817370935681481],[-96.713374532406817,40.816020735093232],[-96.713420915561088,40.814670534144433],[-96.715198083778503,40.814705758844319],[-96.716975255139701,40.814740956195557],[-96.718752429642251,40.814776126197991],[-96.720529607283737,40.814811268851479],[-96.722306788061701,40.814846384155913],[-96.722352988213117,40.813496174524531],[-96.720575843406962,40.81346106088192],[-96.720622076393937,40.812110852552088],[-96.718844970693169,40.81207571322475],[-96.717067868130812,40.812040546551039],[-96.717021563205819,40.813390751553499],[-96.715244427815691,40.813355555867965],[-96.713467295569131,40.813320332835069],[-96.713513672431191,40.811970131165154],[-96.713560046147506,40.81061992913471],[-96.715337106459685,40.810655148833838],[-96.717114169914936,40.810690341188192],[-96.717160468558447,40.809340135464915],[-96.715383441066976,40.809304944776066],[-96.713606416718321,40.809269726743736],[-96.713652784143875,40.807919523992219],[-96.713699148424411,40.806569320880193],[-96.713745509560169,40.805219117407646],[-96.713791867551393,40.803868913574576],[-96.712014990176854,40.803833674870553],[-96.712061380974902,40.802483472344726],[-96.710284542697963,40.802448207971707],[-96.710330966297988,40.801098006754287],[-96.710377386749329,40.799747805176253],[-96.71215415313182,40.799783066211404],[-96.71220053449116,40.798432862603896],[-96.710423804052255,40.798397603237589],[-96.710470218206979,40.797047400938311],[-96.710516629213771,40.795697198278418],[-96.712293287772795,40.795732454307242],[-96.712339659695587,40.794382249618124],[-96.712386028473347,40.79303204456847],[-96.710609441784442,40.792996791876845],[-96.710655843348846,40.79164658813518],[-96.710702241766242,40.790296384032906],[-96.708925730084488,40.790261107353253],[-96.708972161281466,40.788910904560083],[-96.709018589329517,40.787560701406264],[-96.709065014228898,40.786210497891808],[-96.707288613467213,40.786175198899976],[-96.70733507113691,40.784824996695633],[-96.705558709444631,40.784789672055041],[-96.705605199879813,40.783439471161998],[-96.70565168716216,40.782089269908212],[-96.705698171291928,40.78073906829367],[-96.705744652269374,40.779388866318399],[-96.70579113009471,40.7780386639824],[-96.707567312230793,40.778073980263791],[-96.707520870311825,40.779424184271491],[-96.709297091503942,40.779459474910219],[-96.709250682344376,40.780809680227769],[-96.711026942593008,40.780844945221176],[-96.710980566197691,40.782195151847375],[-96.71093418665707,40.783545358113017],[-96.712710521877128,40.783580599126509],[-96.712664175107804,40.784930806699712],[-96.714440549388016,40.784966022061354],[-96.714394235394863,40.786316230940933],[-96.712617825195153,40.786281013912429],[-96.712571472138919,40.787631220764659],[-96.71252511593886,40.788981427256374],[-96.712478756594734,40.790331633387581],[-96.714255274567549,40.79036685541714],[-96.714208948008348,40.791717062854993],[-96.714162618307043,40.793067269932386],[-96.714116285463376,40.794417476649329],[-96.714069949477107,40.795767683005792],[-96.715846614324249,40.795802884373913],[-96.715800311134345,40.797153092036041],[-96.715754004803784,40.79850329933776],[-96.717530744672658,40.798538476705041],[-96.717484471145511,40.799888685311302],[-96.715707695332341,40.799853506279071],[-96.715661382719759,40.801203712859945],[-96.717438194479683,40.801238893557219],[-96.717391914674891,40.80258910144277],[-96.71561506696581,40.802553919080403],[-96.71556874807024,40.803904124940431],[-96.715522426032805,40.805254330440022],[-96.715476100853294,40.806604535579147],[-96.715429772531422,40.807954740357836],[-96.717206764061544,40.807989929381257],[-96.71898375873181,40.808025091062333],[-96.719030015135615,40.806674882954212],[-96.720806976984221,40.806710015630038],[-96.720760756539804,40.808060225400943],[-96.722537757483067,40.808095332396945],[-96.722491569865454,40.809445543469138],[-96.722445379114745,40.810795754181143],[-96.724222455117911,40.810830837154967],[-96.725999534251969,40.810865892783326],[-96.726045653072958,40.80951567875195],[-96.72782269937025,40.809550705376935],[-96.729599748793319,40.809585704657465],[-96.731376801339735,40.809620676593376],[-96.731422809143396,40.808270457232815],[-96.733199828847205,40.808305400170191],[-96.734976851669259,40.808340315763978],[-96.736753877607114,40.808375204014041],[-96.73853090665834,40.808410064920238],[-96.738485042710167,40.809760290888249],[-96.740262110836795,40.809795126099083],[-96.742039182072148,40.809829933964451],[-96.742084974091142,40.808479704700481],[-96.743862012467844,40.808514483574235],[-96.743816256413808,40.809864714484256],[-96.745593333859333,40.809899467658354],[-96.74554761066905,40.811249699853796],[-96.74732472718388,40.811284427325567],[-96.747370414406291,40.809934193486598],[-96.749147498052238,40.80996889196885],[-96.750924584794745,40.810003563104978],[-96.75087896950879,40.811353800227117],[-96.752656095314009,40.811388445656632],[-96.752610512904681,40.812738684059333],[-96.754387677773082,40.812773303779565],[-96.754433224211141,40.811423063738445],[-96.754478767559718,40.810072823338309],[-96.756255863577294,40.810107412435222],[-96.756301367869995,40.808757170039087],[-96.758078431007547,40.808791730153615],[-96.758123896249231,40.807441485762901],[-96.759900926506276,40.807476016897567],[-96.761677959844775,40.807510520687863],[-96.761632566532626,40.808860768345987],[-96.761587170141212,40.810211015645351],[-96.763364278491466,40.810245495354749],[-96.763318914990521,40.811595743927271],[-96.763273548412286,40.812945992141096],[-96.765050731782523,40.812980447764524],[-96.765096062388096,40.811630197920017]],[[-96.727638349190158,40.814951565973324],[-96.727684441424699,40.813601351364248],[-96.725907287224416,40.813566319765819],[-96.725953412302545,40.812216106454599],[-96.724176297201069,40.812181049167158],[-96.724130136153079,40.813531260819218],[-96.724083971973727,40.814881472111125],[-96.725861159017356,40.814916532716964],[-96.725815027681108,40.81626674530802],[-96.727592253828888,40.816301780222389],[-96.727638349190158,40.814951565973324]],[[-96.709111435979821,40.784860294016717],[-96.709157854582543,40.783510089781025],[-96.70738152565599,40.783474794130626],[-96.70733507113691,40.784824996695633],[-96.709111435979821,40.784860294016717]],[[-96.773981845450351,40.811802057651214],[-96.773936694711722,40.813152315629637],[-96.775713896496114,40.813186607151316],[-96.775759011260647,40.811836347549978],[-96.773981845450351,40.811802057651214]]],[[[-96.785928014674909,40.826894455344238],[-96.785972944059353,40.825544189611321],[-96.787750491107374,40.825578304202388],[-96.787705597723047,40.8269285715498],[-96.789483183816969,40.826962660390706],[-96.789438323389632,40.828312928993562],[-96.789393459918699,40.829663197238617],[-96.787615801816784,40.829629105171087],[-96.78757089929438,40.830979371444968],[-96.789348593403957,40.831013465125906],[-96.789303723845165,40.832363732655395],[-96.789258851242067,40.83371399982709],[-96.78921397559445,40.83506426664097],[-96.787436173447261,40.835030168119424],[-96.787391258737472,40.836380432961839],[-96.785613423620305,40.836346305452935],[-96.785658374347264,40.834996042225477],[-96.785703322024602,40.83364577864009],[-96.785748266652533,40.832295514696753],[-96.785793208231283,40.830945250395501],[-96.785838146761108,40.829594985736328],[-96.784060494754158,40.829560838934455],[-96.784105466240021,40.828210575533291],[-96.78588308224225,40.828244720719226],[-96.785928014674909,40.826894455344238]]],[[[-96.785568469843469,40.83769656832245],[-96.78734634098025,40.837730697446382],[-96.789124215164705,40.837764799195305],[-96.789079330382108,40.839115064935754],[-96.787301420175368,40.839080961573032],[-96.785523513016514,40.839046830834015],[-96.785568469843469,40.83769656832245]]],[[[-96.711225864963154,40.826787062637145],[-96.711179417486974,40.828137258671759],[-96.712956942398151,40.828172527406657],[-96.712910527768258,40.829522724749616],[-96.711132966859694,40.829487454345688],[-96.711086513081085,40.830837649658953],[-96.711040056150907,40.832187844611518],[-96.710993596068903,40.83353803920339],[-96.709215930305561,40.833502736425544],[-96.709169431064595,40.834852928986145],[-96.70912292866889,40.836203121185946],[-96.709076423118191,40.837553313024983],[-96.709029914412284,40.838903504503229],[-96.707252107762145,40.838868167671173],[-96.707205559884329,40.840218357116491],[-96.708983402550899,40.840253695620682],[-96.70893688753381,40.841603886377335],[-96.708890369360745,40.842954076773196],[-96.708843848031492,40.844304266808223],[-96.708797323545795,40.84565445648245],[-96.708750795903427,40.847004645795856],[-96.708704265104117,40.84835483474842],[-96.708657731147639,40.849705023340157],[-96.70861119403375,40.851055211571051],[-96.706833063148011,40.851019859687341],[-96.706786486838098,40.852370045884655],[-96.706739907367819,40.853720231721056],[-96.70669332473696,40.855070417196508],[-96.706646738945295,40.85642060231104],[-96.708425013999175,40.85645596088613],[-96.708378461094568,40.857806147312736],[-96.708331905031073,40.859156333378472],[-96.706553557878465,40.859120971457294],[-96.706600149992539,40.857770787064638],[-96.704821842051814,40.857735399427064],[-96.704775213887402,40.859085582145347],[-96.702996873060357,40.859050165442767],[-96.702950205679414,40.860400346124301],[-96.702903535131782,40.861750526444752],[-96.701125125364143,40.861715078997548],[-96.699346718765881,40.861679604157409],[-96.69939346142273,40.860329427192447],[-96.697615094050533,40.860293926639187],[-96.697568315339439,40.861644101924462],[-96.695789915087232,40.861608572298863],[-96.694011518011735,40.861573015280747],[-96.692233124115376,40.86153743087025],[-96.692186234061424,40.862887600747229],[-96.690407807290939,40.862851987259567],[-96.6904547334006,40.86150181906752],[-96.688676345869837,40.861466179872693],[-96.68872330484848,40.860116013005232],[-96.686944956556985,40.860080348105896],[-96.685166611454122,40.860044655816061],[-96.68511958037017,40.861394819307328],[-96.685072546094858,40.862744982436837],[-96.685025508627959,40.864095145204566],[-96.683247058552027,40.864059420454033],[-96.683199981833681,40.865409581169743],[-96.684978467969216,40.8654453076105],[-96.684931424118403,40.866795469654654],[-96.683152901920806,40.866759741523587],[-96.683105818813161,40.868109901515581],[-96.681327263746113,40.868074144296131],[-96.681374382917994,40.866723985995812],[-96.679595867112397,40.866688203071469],[-96.677817354506459,40.866652392750716],[-96.67603884510261,40.86661655503368],[-96.674260338903323,40.866580689920525],[-96.674307599122756,40.865230538037615],[-96.672529132191016,40.865194647226538],[-96.670750668468457,40.865158729020912],[-96.668972207957509,40.865122783420865],[-96.669019573143842,40.863772636273673],[-96.669066935116376,40.862422488764068],[-96.670845323514484,40.862458430962995],[-96.670797997597163,40.863808580173128],[-96.672576425261838,40.863844496679448],[-96.67262371512372,40.862494345770102],[-96.674402109941639,40.862530233185232],[-96.674354856135437,40.863880385792534],[-96.676133290215546,40.863916247512194],[-96.67618050796581,40.862566093208265],[-96.67622772251228,40.86121593854223],[-96.676274933855197,40.859865783514067],[-96.674496607935566,40.859829926884125],[-96.672718285221691,40.85979404286465],[-96.670939965716002,40.859758131455806],[-96.670987282000695,40.858407981158749],[-96.669209001753501,40.858372044060992],[-96.667430724719154,40.858336079575423],[-96.667478109884044,40.856985932317876],[-96.665699872109897,40.856949942147509],[-96.665652450900055,40.858300087702226],[-96.663874180298663,40.858264068441507],[-96.662095912917422,40.858228021793416],[-96.660317648758777,40.858191947758108],[-96.660270116190603,40.859542087833837],[-96.658491819210596,40.859505984703368],[-96.656713525458315,40.859469854184667],[-96.656761130119008,40.858119717526392],[-96.654982875642773,40.858083561330282],[-96.654935234936204,40.859433696277875],[-96.653156947646693,40.85939751098315],[-96.651378663592212,40.859361298300627],[-96.651426376389807,40.858011166778255],[-96.649648131617937,40.857974928422628],[-96.649695877220978,40.856624798251694],[-96.651474085950142,40.856661034892838],[-96.651521792273513,40.855310902644362],[-96.65156949536015,40.853960770032849],[-96.651617195210292,40.852610637058305],[-96.653395299062254,40.852646841175215],[-96.653442959642987,40.851296706124728],[-96.651664891824211,40.851260503720724],[-96.651712585202134,40.849910370020133],[-96.65176027534433,40.848560235956505],[-96.649982282820076,40.84852400960083],[-96.648204293533752,40.848487755867993],[-96.6464263074878,40.848451474758136],[-96.644648324684667,40.848415166271415],[-96.644696155692316,40.847065038708564],[-96.646474102470592,40.847101345477405],[-96.646521894210821,40.845751215833459],[-96.646569682708758,40.844401085826313],[-96.644791807972894,40.844364782493024],[-96.643013936481523,40.844328451786893],[-96.643061793772233,40.842978324853192],[-96.641283961544843,40.842941968494628],[-96.641236068237077,40.84429209370807],[-96.639458203242029,40.844255708256682],[-96.637680341498765,40.844219295432886],[-96.63772830683989,40.842869173663857],[-96.635950484367171,40.842832735191926],[-96.635998482468139,40.84148261478343],[-96.637776268926999,40.841519051531286],[-96.637824227760362,40.84016892903518],[-96.639601981461283,40.840205336690637],[-96.63955405863959,40.841555460909454],[-96.641331851603496,40.841591842917801],[-96.643109647816274,40.841628197556162],[-96.643157498613874,40.840278069895795],[-96.644935262060656,40.840314395445219],[-96.644983073602091,40.838964265702785],[-96.646760804282408,40.839000562165765],[-96.646808576572553,40.83765043034267],[-96.64685634562187,40.836300298156438],[-96.648634007529594,40.836336563819444],[-96.648681737335181,40.83498642955405],[-96.650459366477605,40.835022666137007],[-96.650507057044351,40.833672529793922],[-96.650554744375924,40.832322393087821],[-96.648777187233037,40.832286159934021],[-96.648729463902924,40.833636294925583],[-96.646951873999114,40.833600032694441],[-96.646999633327511,40.832249899418713],[-96.645222082661817,40.832213611542066],[-96.64526987474602,40.830863479620255],[-96.643492363317932,40.830827166100732],[-96.641714855134268,40.830790825221449],[-96.639937350197471,40.830754456982532],[-96.638159848509986,40.83071806138414],[-96.638207781322379,40.829367935980002],[-96.636430318878567,40.829331514745718],[-96.634652859688686,40.829295066153541],[-96.632875403755165,40.829258590203594],[-96.631097951080463,40.82922208689606],[-96.629320501666982,40.829185556231032],[-96.629368611172794,40.827835439093271],[-96.627591201011228,40.827798882800778],[-96.625813794115544,40.827762299152404],[-96.625765612633515,40.829112412829176],[-96.623988173018375,40.829075800092646],[-96.624036390488129,40.827725688148313],[-96.624084604687141,40.82637557583994],[-96.625861972329275,40.826412185111685],[-96.627639343239423,40.826448767028992],[-96.629416717415182,40.826485321591697],[-96.631194094854138,40.826521848799679],[-96.632971475553816,40.826558348652767],[-96.634748859511802,40.826594821150842],[-96.636526246725651,40.826631266293745],[-96.638303637192934,40.826667684081336],[-96.640081030911205,40.826704074513451],[-96.64012891798501,40.825353946296964],[-96.638351560251593,40.825317557586793],[-96.638399480059519,40.823967430728793],[-96.636622161559018,40.82393101638764],[-96.634844846311452,40.823894574693746],[-96.634796854539431,40.825244698104093],[-96.633019506565574,40.825208227331856],[-96.631242161849741,40.825171729205877],[-96.631290225584863,40.823821609248355],[-96.629512920110699,40.823785085497143],[-96.629561016564324,40.822434966904147],[-96.629609109755521,40.82108484794739],[-96.627831879498572,40.821048300303097],[-96.627880005401224,40.819698182711981],[-96.629657199684544,40.819734728626841],[-96.629705286351665,40.818384608942516],[-96.629753369757111,40.8170344888944],[-96.627976247413699,40.8169979464382],[-96.62619912833415,40.816961376636456],[-96.626150972991454,40.818311493224691],[-96.624373821209957,40.818274894345663],[-96.624422012520895,40.81692477948932],[-96.622644899976336,40.816888154996917],[-96.622693123984106,40.81553804150969],[-96.622741344720964,40.814187927658445],[-96.624518385336827,40.814224548684713],[-96.624470200563096,40.815574664268986],[-96.626247280410553,40.815611259684317],[-96.626295429220917,40.814261142368302],[-96.628072476370789,40.814297708709084],[-96.629849526784014,40.814334247706903],[-96.629897600405954,40.812984126567535],[-96.628120585954179,40.812947589298787],[-96.628168692274471,40.811597469524663],[-96.629945670767228,40.811634005064391],[-96.629993737868105,40.810283883197513],[-96.630041801708828,40.808933760966923],[-96.628264895126776,40.808897228885023],[-96.628312991659271,40.807547108019499],[-96.628361084929693,40.806196986790184],[-96.63013791961076,40.806233515414533],[-96.631914757551243,40.806270016703529],[-96.633691598748683,40.806306490657029],[-96.633643613326839,40.807656617068673],[-96.633595624650212,40.809006743116754],[-96.635372541004699,40.809043193184408],[-96.637149460611781,40.809079615913681],[-96.638926383469041,40.809116011304447],[-96.640703309574064,40.809152379356547],[-96.640655461463467,40.810502511933294],[-96.640607610107295,40.811852644146711],[-96.642384611371838,40.811888988299749],[-96.644161615879739,40.811925305111245],[-96.645938623628595,40.811961594581057],[-96.647715634615949,40.811997856709063],[-96.64776334213731,40.81064771762378],[-96.649540320401414,40.810683950695072],[-96.649492648839384,40.8120340914951],[-96.649444974043718,40.813384231932147],[-96.651222027462794,40.813420441089569],[-96.651269666296443,40.81207029893902],[-96.651317301898914,40.810720156425546],[-96.653094286627351,40.810756334815061],[-96.654871274584323,40.810792485863466],[-96.656648265767373,40.810828609570635],[-96.656600738045128,40.812178757216678],[-96.658377768412407,40.812214855290712],[-96.660154802001145,40.812250926021925],[-96.660202257802013,40.810900774960615],[-96.661979258648714,40.810936816643164],[-96.662026675272159,40.809586663513684],[-96.66380364337634,40.809622676150077],[-96.663756262711772,40.810972830983886],[-96.665533269988742,40.811008817982639],[-96.665580614694193,40.809658661445781],[-96.667357589223272,40.809694619400688],[-96.667310280477196,40.811044777639282],[-96.667262968522067,40.812394935515599],[-96.669040018181619,40.812430869530509],[-96.668992738981672,40.813781028745119],[-96.670769827812819,40.813816937115639],[-96.67081707104802,40.812466776201738],[-96.67259412711887,40.81250265552913],[-96.672546919848628,40.813852818141036],[-96.674324015086682,40.813888671821168],[-96.676101113524538,40.813924498155892],[-96.676148248864052,40.81257433215184],[-96.674371186391681,40.812538507512542],[-96.674418354497121,40.811188342841895],[-96.676195381006465,40.811224165785845],[-96.67797241071267,40.811259961386824],[-96.677925314533553,40.812610129446895],[-96.677878215159751,40.813960297145059],[-96.677831112591008,40.815310464481342],[-96.679608253389574,40.815346237817728],[-96.679561183596491,40.816696406485057],[-96.681338363558851,40.816732154165997],[-96.681291326546315,40.81808232416325],[-96.68124428634296,40.819432493798715],[-96.681197242948556,40.8207826630724],[-96.67941995505835,40.820746910316018],[-96.67937287249184,40.822097077535943],[-96.679325786731354,40.823447244394011],[-96.679278697776667,40.824797410890213],[-96.679231605627493,40.826147577024528],[-96.677454176994075,40.826111790142463],[-96.677407045659891,40.827461954221377],[-96.675629584233548,40.82742613828718],[-96.67385212600702,40.827390294994508],[-96.673899329321102,40.826040134306496],[-96.672121910286435,40.826004265352893],[-96.672074670982767,40.827354424343511],[-96.670297219163203,40.827318526334317],[-96.670249940663055,40.82866868326402],[-96.672027428474379,40.828704582971959],[-96.673804919490664,40.828740455320428],[-96.675582413709449,40.828776300309279],[-96.67735991112832,40.828812117938341],[-96.677312773399095,40.83016228129334],[-96.679090310010793,40.830198073256149],[-96.680867849817943,40.830233837857605],[-96.682645392818088,40.830269575097581],[-96.684422939008812,40.830305284975921],[-96.684469932755775,40.828955114854089],[-96.686247446138466,40.828990795682181],[-96.688024962706606,40.829026449149637],[-96.68980248245775,40.829062075256353],[-96.691580005389497,40.829097674002142],[-96.691626851972131,40.827747496772716],[-96.68984936503486,40.827711899711453],[-96.688071881277949,40.827676275290585],[-96.686294400703787,40.827640623510227],[-96.686341352083915,40.826290450976664],[-96.686388300279077,40.824940278081478],[-96.68816570887256,40.824975926487802],[-96.689943120648337,40.82501154753723],[-96.691720535603949,40.825047141229646],[-96.693497953736951,40.825082707564867],[-96.695275375044943,40.825118246542793],[-96.69705279952548,40.825153758163268],[-96.69700606726866,40.826503941160951],[-96.695228606797812,40.82646842785995],[-96.69518183537788,40.827818608815846],[-96.696959331841526,40.827854123797415],[-96.698736831475742,40.827889611418819],[-96.698783530909878,40.82653942710305],[-96.700560997718981,40.826574885686128],[-96.702338467693551,40.826610316910049],[-96.702385091977888,40.825260128878561],[-96.70416252912419,40.825295531067809],[-96.704209114256855,40.823945341000034],[-96.705986518574392,40.823980714157152],[-96.70593996943083,40.825330905898909],[-96.707717412895391,40.825366253371712],[-96.707763926049594,40.824016059957259],[-96.707810436048547,40.822665866182014],[-96.709587810691815,40.822701182953637],[-96.709634281551033,40.821350987146346],[-96.711411623361883,40.821386274892006],[-96.711365188487633,40.822736472369279],[-96.713142569433558,40.82277173442877],[-96.713096167396827,40.824121933214137],[-96.714873587478337,40.824157169584822],[-96.714827218284029,40.825507369677126],[-96.714780845943977,40.82685756940888],[-96.713003353879373,40.826822329703084],[-96.711225864963154,40.826787062637145]],[[-96.665747290102274,40.855599796230273],[-96.663969091587816,40.855563780377757],[-96.663921637553187,40.856913924590913],[-96.665699872109897,40.856949942147509],[-96.665747290102274,40.855599796230273]],[[-96.667525491833942,40.855635784697874],[-96.669303696780389,40.855671745780406],[-96.671081904939157,40.855707679477732],[-96.671129211593438,40.854357528093786],[-96.67290738692131,40.854393432706928],[-96.672860116307831,40.855743585789696],[-96.674638330883937,40.855779464716178],[-96.676416548665046,40.855815316257015],[-96.676463747196209,40.854465159780496],[-96.676510942525042,40.853115002941898],[-96.678289091428098,40.853150823707132],[-96.678336247518217,40.851800664811655],[-96.678383400408947,40.850450505554171],[-96.676605323576752,40.850414688178468],[-96.676558134651799,40.851764845741215],[-96.674780024987228,40.851728999288866],[-96.674827249946119,40.850378843422149],[-96.674874471701003,40.849028687193304],[-96.676652509300098,40.849064530253656],[-96.676699691822108,40.847714371966795],[-96.676746871143052,40.846364213317884],[-96.67679404726313,40.845014054306937],[-96.678571979982877,40.845049864904382],[-96.678619116880355,40.843699703836982],[-96.676841220182638,40.843663894933933],[-96.675063326685247,40.843628058656755],[-96.67511053242373,40.842277900617361],[-96.675157734959669,40.840927742215861],[-96.67693555642083,40.840963575101874],[-96.678713381081835,40.840999380616324],[-96.678760508386333,40.839649218463066],[-96.680538300229813,40.839684994912936],[-96.68058538832463,40.838334830704902],[-96.678807632493644,40.838299055947871],[-96.677029879859589,40.838263253821736],[-96.675252130424894,40.838227424326632],[-96.675204934293305,40.839577583452289],[-96.673427152048632,40.83954172489166],[-96.673379916700782,40.840891881958463],[-96.67160210164667,40.840855994329779],[-96.669824289799692,40.840820079329973],[-96.669776979214561,40.842170232637059],[-96.667999134561313,40.842134288565546],[-96.666221293120344,40.842098317121909],[-96.664443454894112,40.842062318306297],[-96.664396033044852,40.843412466144791],[-96.662618162018205,40.843376438252655],[-96.660840294211397,40.843340382987513],[-96.660792797104889,40.844690527052734],[-96.660745296775843,40.846040670755293],[-96.658967360149816,40.846004584702591],[-96.657189426749042,40.845968471274581],[-96.655411496575937,40.845932330471427],[-96.655363884951569,40.847282468685052],[-96.655316270096847,40.848632606535809],[-96.6552686520115,40.849982744023691],[-96.655221030695316,40.851332881148693],[-96.655173406148023,40.852683017910806],[-96.656951516465128,40.852719167264922],[-96.656903924722599,40.85406930537453],[-96.658682074304991,40.854105429056141],[-96.6586345153721,40.855455568512106],[-96.660412704220292,40.855491666518517],[-96.662190896293012,40.855527737140463],[-96.662238383147525,40.854177594270034],[-96.664016542402777,40.85421363580204],[-96.665794704877442,40.85424964995056],[-96.665747290102274,40.855599796230273],[-96.667525491833942,40.855635784697874]],[[-96.641906278966729,40.825390307652818],[-96.641954126809537,40.824040177352344],[-96.640176801810497,40.824003817717077],[-96.64012891798501,40.825353946296964],[-96.641906278966729,40.825390307652818]],[[-96.631818711550778,40.808970265710876],[-96.631866736179617,40.80762014138903],[-96.630089862289623,40.807583638372584],[-96.630041801708828,40.808933760966923],[-96.631818711550778,40.808970265710876]],[[-96.698690128873451,40.829239795373432],[-96.69864342310278,40.830589978966906],[-96.696865851475224,40.830554487986724],[-96.696819106535585,40.831904669539526],[-96.698596714163472,40.83194016219921],[-96.698550002055299,40.833290345070353],[-96.70032764885508,40.833325812044102],[-96.700280969583218,40.834675996232413],[-96.700234287144426,40.836026180059605],[-96.698456568331281,40.835990709729117],[-96.698503286777964,40.834640527580319],[-96.696725607142099,40.834605031561445],[-96.696772358424624,40.833254850731109],[-96.694994717965528,40.833219329026512],[-96.695041502079008,40.831869149515803],[-96.695088283018734,40.830518969643769],[-96.695135060784949,40.82916878941046],[-96.693357531499359,40.829133245386892],[-96.693310717735756,40.830483423938198],[-96.691533155628704,40.830447850870144],[-96.691486302689555,40.831798027376713],[-96.689708707761554,40.831762425261651],[-96.687931116014624,40.831726795783091],[-96.687884187893502,40.833076968557457],[-96.686106563328778,40.833041310028229],[-96.686059596020158,40.834391480753638],[-96.686012625525123,40.835741651117395],[-96.687790322099758,40.835777313021467],[-96.687743384426639,40.837127484711097],[-96.689521120194371,40.837163120934164],[-96.689474215348071,40.838513293948488],[-96.689427307319477,40.83986346660128],[-96.691205118294775,40.839899078825766],[-96.692982932450164,40.839934663678847],[-96.693029768450572,40.838584487657215],[-96.694807549769166,40.838620043456281],[-96.696585334262736,40.838655571884985],[-96.696632095061403,40.83730539213839],[-96.698409846714995,40.837340891516718],[-96.700187601538445,40.837376363525685],[-96.70014091276505,40.838726546630639],[-96.701918706768936,40.838761992947333],[-96.703696503938019,40.838797411893083],[-96.703743120685161,40.837447225434929],[-96.705520885003551,40.837482615334942],[-96.707298652482038,40.837517977864998],[-96.707345194044265,40.836167787697967],[-96.705567462577079,40.836132426841196],[-96.703789734269748,40.83609703861579],[-96.702012009124715,40.836061623021877],[-96.702058655555376,40.834711437517576],[-96.70210529882155,40.833361251652214],[-96.703882951952281,40.833396663894568],[-96.70392955605071,40.832046475992506],[-96.703976156987565,40.830696287729467],[-96.705753741275046,40.83073166925719],[-96.705800303051717,40.829381478958929],[-96.704022754763102,40.829346099105472],[-96.702245209635549,40.829310691889972],[-96.70229184024619,40.827960504580517],[-96.700514334278111,40.827925071679893],[-96.698736831475742,40.827889611418819],[-96.698690128873451,40.829239795373432]],[[-96.680632473224975,40.836984666134995],[-96.680679554931046,40.835634501203224],[-96.678901871117773,40.835598729831659],[-96.678854753404039,40.836948893070733],[-96.680632473224975,40.836984666134995]],[[-96.703603260955163,40.841497783726396],[-96.701825391752251,40.841462361428555],[-96.70187205084332,40.840112177368468],[-96.700094220823999,40.840076729374459],[-96.700047525715036,40.841426911757161],[-96.700000827437933,40.842777093778714],[-96.698222928548802,40.842741615055196],[-96.698176191080776,40.844091795036796],[-96.696398259340199,40.844056287258631],[-96.696351482676391,40.845406465198849],[-96.698129450441684,40.84544197465717],[-96.699907421378285,40.845477456738379],[-96.699954125992434,40.844127275439121],[-96.701732064072729,40.844162728465463],[-96.703510005319217,40.844198154115681],[-96.70355663471895,40.842847969101548],[-96.703603260955163,40.841497783726396]],[[-96.696070756035937,40.853507525252766],[-96.696117551745985,40.852157349480407],[-96.696164344281058,40.850807173346716],[-96.696211133641384,40.8494569968517],[-96.694433060961799,40.849421454971598],[-96.694386235567251,40.850771629784866],[-96.692608130030621,40.850736058841001],[-96.692654991459179,40.849385885710745],[-96.69087692513591,40.849350289069314],[-96.690923819416369,40.848000117261876],[-96.689145792305979,40.847964494925542],[-96.687367768379588,40.847928845210198],[-96.687320802037263,40.849279013645244],[-96.685542745266773,40.849243334862905],[-96.685495739704734,40.850593501248113],[-96.687273832508239,40.850629181718659],[-96.687226859792275,40.85197934943043],[-96.689004991818408,40.852015004206486],[-96.690783127029292,40.85205063159966],[-96.690736223202634,40.853400802322554],[-96.690689316193442,40.854750972683902],[-96.692467526666292,40.854786576063006],[-96.694245740319516,40.854822152056364],[-96.694292575246351,40.853471978327271],[-96.696070756035937,40.853507525252766]],[[-96.692842405382038,40.843985189575349],[-96.692795556669523,40.845335364151346],[-96.694573518084866,40.845370928363522],[-96.694620330773134,40.844020752104768],[-96.692842405382038,40.843985189575349]],[[-96.692889250916153,40.842635014637935],[-96.691111364724989,40.842599426417081],[-96.691064483169328,40.843949599670516],[-96.692842405382038,40.843985189575349],[-96.692889250916153,40.842635014637935]],[[-96.659300046891076,40.836553583119567],[-96.661077731414451,40.836589657221914],[-96.661125209190899,40.835239510980941],[-96.65934756067243,40.835203438585495],[-96.659300046891076,40.836553583119567]],[[-96.659395071230549,40.833853293688755],[-96.657617461937562,40.833817195636527],[-96.657665005272463,40.832467052085192],[-96.655887435204448,40.832430928378812],[-96.655839855870013,40.833781070220773],[-96.655792273307711,40.835131211699931],[-96.657569915377223,40.835167338825123],[-96.65934756067243,40.835203438585495],[-96.659395071230549,40.833853293688755]],[[-96.66515439671106,40.821810057231978],[-96.665201767115278,40.820459903594191],[-96.666979029387491,40.820495875164966],[-96.668756294870491,40.820531819384449],[-96.668803590108411,40.819181661981098],[-96.667026360602094,40.819145719462547],[-96.667073688606152,40.817795563397787],[-96.66529649828432,40.817759595231394],[-96.665343859049656,40.816409440506405],[-96.663566707911855,40.816373446694804],[-96.663614101433566,40.815023293310752],[-96.661836989479283,40.81498727385663],[-96.660059880742068,40.814951227056802],[-96.660012415283376,40.816301377030371],[-96.661789559988947,40.816337425536091],[-96.661742127281272,40.817687576853025],[-96.661694691356018,40.819037727807441],[-96.659917474706404,40.81900167588973],[-96.659869999587642,40.8203518247755],[-96.659822521248358,40.821701973298666],[-96.658045235865728,40.821665890616657],[-96.65799771832539,40.823016037069671],[-96.659775039688299,40.823052121459213],[-96.661552364272239,40.823088178495425],[-96.663329692074726,40.823124208178207],[-96.663377101673447,40.821774056606465],[-96.66515439671106,40.821810057231978]],[[-96.652522877762323,40.826958041573285],[-96.652475239358054,40.828308181444349],[-96.654252694985871,40.828344354739265],[-96.654300297400837,40.826994213156517],[-96.654347896586742,40.825644071210938],[-96.652570512935085,40.825607901339303],[-96.652522877762323,40.826958041573285]],[[-96.657807615927027,40.82841661925481],[-96.657855146362664,40.827066474252582],[-96.656077720268428,40.827030357383002],[-96.656030153843005,40.82838050067614],[-96.657807615927027,40.82841661925481]],[[-96.636861891720557,40.817180385260869],[-96.638639030346681,40.817216790987182],[-96.638686930655396,40.815866661948576],[-96.638734827715112,40.814516532546548],[-96.636957761021677,40.8144801302657],[-96.636909827996831,40.815830257945031],[-96.636861891720557,40.817180385260869]],[[-96.63143439722981,40.819771247193422],[-96.633211598034535,40.81980773841159],[-96.633259612758536,40.818457615272415],[-96.631482447925478,40.818421125781022],[-96.63143439722981,40.819771247193422]],[[-96.674543852123776,40.858479773190311],[-96.676322141994788,40.858515628123818],[-96.676369346931324,40.85716547237147],[-96.674591093106486,40.857129619134334],[-96.674543852123776,40.858479773190311]]],[[[-96.707137616957681,40.738882639346471],[-96.707091230437712,40.740232852141126],[-96.707044840772681,40.741583064575217],[-96.70699844796232,40.742933276648742],[-96.706952052006415,40.744283488361702],[-96.708727337272407,40.744318762872005],[-96.708680974016389,40.745668975894418],[-96.70863460761673,40.747019188556322],[-96.708588238073219,40.748369400857698],[-96.708541865385612,40.749719612798565],[-96.706766436722347,40.749684331607682],[-96.706720025035025,40.751034541517697],[-96.704944563663375,40.750999231369406],[-96.704898112971478,40.752349439247126],[-96.706673610200681,40.752384751067098],[-96.708449110577121,40.752420035598647],[-96.708402728455766,40.75377024645789],[-96.706627192219088,40.753734960255883],[-96.706580771090003,40.755085169084062],[-96.708356343189351,40.755120456956554],[-96.708309954777633,40.756470667094689],[-96.706534346813186,40.756435377551611],[-96.704758741996727,40.756400060716231],[-96.702983140330687,40.75636471658872],[-96.702936641171576,40.75771492135047],[-96.702890138859416,40.759065125751455],[-96.70466581226195,40.75910047322548],[-96.704619342668352,40.760450678939058],[-96.704572869923609,40.761800884291894],[-96.702797124774875,40.761765533471085],[-96.702750613002024,40.763115736789722],[-96.704526394027525,40.763151089284023],[-96.7044799149798,40.764501293915423],[-96.704433432780206,40.765851498186095],[-96.704386947428546,40.767201702096017],[-96.70434045892452,40.768551905645197],[-96.702564534367795,40.768516546456262],[-96.700788612966065,40.768481159963706],[-96.700742049531939,40.769831359803199],[-96.698966095399257,40.76979594433076],[-96.698919492916616,40.771146142132885],[-96.697143506053465,40.77111069767804],[-96.695367522353095,40.771075225917428],[-96.695414196616667,40.769725031472142],[-96.693638251971606,40.769689534086226],[-96.693684958957874,40.768339340960104],[-96.695460867715269,40.768374836665728],[-96.695507535649128,40.76702464149826],[-96.693731662776997,40.766989147472842],[-96.69195579307177,40.766953626145799],[-96.692002529606526,40.765603433978811],[-96.692049262972191,40.764253241450618],[-96.693825060914705,40.76428875941486],[-96.693871755233815,40.762938564844163],[-96.692095993169019,40.76290304856122],[-96.692142720197211,40.761552855310647],[-96.692189444057036,40.760202661698862],[-96.692236164748749,40.758852467725902],[-96.694011819194984,40.75888797896534],[-96.694058500850815,40.757537782950152],[-96.694105179341435,40.756187586573873],[-96.692329596628767,40.756152078696438],[-96.6905540170835,40.756116543527831],[-96.690600764135212,40.754766350153531],[-96.692376307817568,40.754801883639942],[-96.692423015839211,40.753451688222306],[-96.694198526828004,40.753487192738007],[-96.69597404098127,40.753522669965001],[-96.696020674119183,40.752172470825961],[-96.69424519582445,40.752136995278448],[-96.694291861656652,40.750786797457799],[-96.694338524324863,40.749436599276081],[-96.696113930909803,40.749472071464844],[-96.696160554563008,40.74812187124278],[-96.696207175055136,40.746771670659712],[-96.696253792386415,40.745421469715659],[-96.694478493347972,40.745386002564523],[-96.69452514336264,40.744035802938562],[-96.694571790214525,40.742685602951539],[-96.694618433903884,40.74133540260349],[-96.692843245552396,40.741299913212231],[-96.691068060365623,40.741264396544004],[-96.691021344998745,40.74261459353032],[-96.690974626464481,40.743964790155459],[-96.689199372765614,40.743929242844715],[-96.68924612714072,40.742579047902453],[-96.687470912452497,40.742543474996602],[-96.68569570093652,40.742507874812929],[-96.685742523817879,40.741157682878899],[-96.685789343524803,40.739807490583516],[-96.687564483367396,40.739843087396494],[-96.687517699495942,40.741193281377207],[-96.689292878346009,40.741228852598951],[-96.689339626381724,40.739878656934216],[-96.689386371248105,40.738528460908256],[-96.689433112945409,40.737178264521056],[-96.689479851473877,40.735828067772651],[-96.69125489016416,40.735863604987152],[-96.693029932020593,40.735899114929992],[-96.694804977040775,40.735934597601009],[-96.694851604921112,40.734584395447847],[-96.696626617275612,40.734619849168318],[-96.69667320617026,40.733269644975614],[-96.696719791906503,40.731919440421983],[-96.696766374484582,40.730569235507431],[-96.694991469596545,40.730533786822363],[-96.694944851198741,40.73188399005852],[-96.693169913651573,40.731848512426971],[-96.693216567868859,40.730498310870516],[-96.693263218923391,40.729148108953005],[-96.693309866815397,40.727797906674454],[-96.6915350398817,40.727762406817696],[-96.689760216112745,40.727726879697002],[-96.689806932466169,40.726376680420245],[-96.68985364565269,40.725026480782304],[-96.691628397800613,40.725062004538941],[-96.693403153112754,40.725097501034199],[-96.693449791518617,40.723747297672539],[-96.693496426762906,40.722397093949844],[-96.695271113624528,40.722432559824973],[-96.695224514185185,40.723782765226936],[-96.696999240010896,40.723818205520999],[-96.697045803645054,40.722467998441019],[-96.698820496822023,40.722503409797881],[-96.698773968993322,40.723853618554564],[-96.700548701130032,40.723889004327489],[-96.702323436418624,40.723924362839639],[-96.702276977052051,40.725274574585185],[-96.702230514535813,40.726624785970053],[-96.70218404886964,40.727974996994213],[-96.703958894740694,40.728010333264379],[-96.703912461740202,40.72936054560094],[-96.703866025591736,40.730710757576851],[-96.705640946245154,40.730746069925807],[-96.70559454276939,40.732096283213039],[-96.70554813614757,40.733446496139671],[-96.707323131591593,40.733481784562372],[-96.707276757649524,40.734831998799208],[-96.707230380563345,40.736182212675502],[-96.709005450806217,40.736217477166946],[-96.708959106406809,40.737567692352343],[-96.707184000332802,40.737532426191258],[-96.707137616957681,40.738882639346471]],[[-96.699152473731104,40.764395149512751],[-96.697376666296591,40.764359713446062],[-96.697330040572083,40.76570991101449],[-96.69728341168576,40.767060108221912],[-96.699059290884449,40.767095547643656],[-96.699105883887469,40.765745348758664],[-96.700881730362241,40.765780759202094],[-96.70092828432476,40.764430558279962],[-96.699152473731104,40.764395149512751]],[[-96.69742328885954,40.763009515516629],[-96.695647520464803,40.762974053829339],[-96.695600862023653,40.764324250080058],[-96.697376666296591,40.764359713446062],[-96.69742328885954,40.763009515516629]],[[-96.699292224308167,40.760344549609407],[-96.697516524501694,40.760309118574817],[-96.697469908261155,40.761659317226218],[-96.699245643941211,40.761694749938115],[-96.701021382779928,40.761730155353114],[-96.701067927273058,40.760379953348405],[-96.699292224308167,40.760344549609407]],[[-96.701161006791565,40.757679548256448],[-96.701207541817453,40.756329345169199],[-96.701254073688077,40.754979141721115],[-96.703029636336936,40.7550145114662],[-96.70307612919062,40.753664305982916],[-96.701300602403705,40.753628937912225],[-96.699525078771543,40.753593542552245],[-96.69947851419424,40.754943744685484],[-96.697702957857842,40.754908320359391],[-96.697656354259223,40.756258520454708],[-96.697609747500479,40.757608720189033],[-96.697563137581398,40.758958919562424],[-96.699338801516689,40.758994348919778],[-96.701114468610186,40.759029750982847],[-96.701161006791565,40.757679548256448]],[[-96.703262069084289,40.748263480442333],[-96.701486685720852,40.748228119068486],[-96.699711305511201,40.74819273041053],[-96.699664753561237,40.749542933987264],[-96.70144016962287,40.749578324320638],[-96.703215588838546,40.749613687368587],[-96.703262069084289,40.748263480442333]],[[-96.701812210113715,40.738776672201553],[-96.700037080800058,40.738741295269534],[-96.698261954640913,40.738705891062558],[-96.698215388944703,40.740056095488995],[-96.699990550938608,40.740091501372191],[-96.699944017922391,40.741441707114014],[-96.701719218908508,40.741477087395964],[-96.701765716087294,40.740126879979144],[-96.701812210113715,40.738776672201553]],[[-96.69868090387277,40.726554034985462],[-96.698727438010309,40.725203826950427],[-96.696952673220025,40.72516841224008],[-96.696906103272212,40.726518618598291],[-96.696859530167188,40.727868824595575],[-96.698634366580464,40.727904242659676],[-96.700409206148748,40.727939633459258],[-96.700455707628123,40.726589424109434],[-96.69868090387277,40.726554034985462]]],[[[-96.705884076290076,40.775338258228224],[-96.705837604768206,40.77668846128568],[-96.704061461687672,40.776653119364283],[-96.704107969110837,40.775302917979708],[-96.704154473380186,40.773952716234348],[-96.702378405253341,40.773917350349706],[-96.70233186508537,40.775267550420978],[-96.702285321761181,40.776617750131393],[-96.700509184991162,40.776582353587138],[-96.700462602607288,40.777932551261195],[-96.698686433093201,40.777897125728906],[-96.698639811644767,40.779247321365141],[-96.698593187034533,40.780597516640384],[-96.700369428361867,40.780632945526499],[-96.700322836499836,40.781983142117745],[-96.698546559262226,40.781947711554629],[-96.698499928327621,40.783297906107862],[-96.69845329423049,40.784648100300068],[-96.698406656970548,40.785998294131254],[-96.696630275150582,40.785962831216573],[-96.696676948327834,40.784612639063901],[-96.694900605590405,40.784577150509037],[-96.694947311517083,40.783226959674998],[-96.694994014276361,40.78187676847979],[-96.695040713868465,40.780526576923442],[-96.696816948869255,40.78056206043933],[-96.69686360938708,40.779211866842324],[-96.696910266740673,40.777861672884235],[-96.696956920930262,40.776511478565105],[-96.697003571956088,40.775161283884898],[-96.697050219818408,40.773811088843658],[-96.698826278470023,40.773846536654219],[-96.698872887273623,40.77249633957404],[-96.700648913190378,40.772531758399495],[-96.702424942265324,40.772567149917592],[-96.702471476121559,40.771216949124657],[-96.704247472458505,40.771252311661307],[-96.706023471948498,40.771287646891615],[-96.705977009879987,40.772637851031185],[-96.707753048414858,40.772673160626397],[-96.707706619092122,40.774023366076712],[-96.7076601866207,40.775373571166377],[-96.705884076290076,40.775338258228224]]],[[[-96.695274164330073,40.773775613724744],[-96.695320844924311,40.772425420001639],[-96.697096864517448,40.772460893441384],[-96.697050219818408,40.773811088843658],[-96.695274164330073,40.773775613724744]]],[[[-96.691767372653615,40.823696962915982],[-96.691814206526132,40.822346784240928],[-96.693591552686755,40.822382347210151],[-96.69354475479922,40.823732527568175],[-96.691767372653615,40.823696962915982]]],[[[-96.691439446571763,40.833148203521837],[-96.691486302689555,40.831798027376713],[-96.693263900796182,40.83183360212815],[-96.693217080680412,40.833183779956713],[-96.691439446571763,40.833148203521837]]],[[[-96.681026821511949,40.723498261513633],[-96.679252124205689,40.723462575881484],[-96.677477430080373,40.723426862990245],[-96.675702739138416,40.72339112284007],[-96.673928051382234,40.723355355431089],[-96.673881019111306,40.724705540234787],[-96.672106298738896,40.724669743872312],[-96.670331581557349,40.724633920250056],[-96.67037868543693,40.72328373883731],[-96.670425786123445,40.721933557062655],[-96.672200431698997,40.721969377292766],[-96.673975080464956,40.722005170265632],[-96.674022106359701,40.720654984738417],[-96.675796722513752,40.720690748760539],[-96.675749732418851,40.722040935981148],[-96.677524387558293,40.722076674439151],[-96.679299045880853,40.722112385639491],[-96.679345964375315,40.72076219503596],[-96.681120590077995,40.72079787728898],[-96.682895218958691,40.720833532285361],[-96.682848372065649,40.722183726266678],[-96.681073707384115,40.722148069582047],[-96.681026821511949,40.723498261513633]]],[[[-96.675467724944525,40.730142051709088],[-96.677242594935407,40.730177800321165],[-96.677195618353636,40.73152798670241],[-96.675420712545687,40.731492236397749],[-96.673645809925006,40.731456458826557],[-96.673598758519702,40.732806641459533],[-96.671823823269705,40.73277083492674],[-96.671870910494007,40.731420653988984],[-96.670096014255094,40.73138482188515],[-96.670048891212062,40.732735001126386],[-96.670001764974245,40.734085180005685],[-96.66995463554143,40.735435358523034],[-96.668179635034292,40.735399494059465],[-96.666404637724824,40.735363602326082],[-96.666357433445441,40.736713777084169],[-96.664582403510821,40.736677856380503],[-96.66462964361547,40.735327683322993],[-96.662854652708646,40.735291737050368],[-96.662807376778957,40.736641908406],[-96.661032353252295,40.736605933160789],[-96.661079665006767,40.735255763508341],[-96.659304680512278,40.735219762697049],[-96.659257332933265,40.736569930645054],[-96.657482315824296,40.736533900858902],[-96.657529699227581,40.735183734616633],[-96.657577079418658,40.73383356801196],[-96.655802137167811,40.733797514369542],[-96.655849549966106,40.732447349109329],[-96.655896959550233,40.731097183486639],[-96.655944365920448,40.72974701750146],[-96.657719200720976,40.729783066023394],[-96.657766568065597,40.728432897969064],[-96.657813932199232,40.727082729552329],[-96.65786129312211,40.72573256077321],[-96.659636023704621,40.7257685769153],[-96.661410757495204,40.725804565797311],[-96.661458043597534,40.724454393246688],[-96.661505326494449,40.723104220333823],[-96.663279991882305,40.723140178550409],[-96.665054660472904,40.723176109509204],[-96.665007449182184,40.724526285825881],[-96.664960234690909,40.725876461780459],[-96.666734978091171,40.725912368881325],[-96.666782156776577,40.724562191226703],[-96.668556867569109,40.724598069368135],[-96.670331581557349,40.724633920250056],[-96.670284474484461,40.725984101300909],[-96.668509724689841,40.725948248721522],[-96.668462578614623,40.727298427712938],[-96.670237364218053,40.727334281989862],[-96.670190250757855,40.728684462316878],[-96.671965075366543,40.728720291027876],[-96.673739903166833,40.728756092475209],[-96.675514734156337,40.728791866658725],[-96.675467724944525,40.730142051709088]],[[-96.661126973553849,40.733905593493596],[-96.66290192543336,40.733941565332522],[-96.664676880517575,40.733977509903347],[-96.664724114217421,40.732627336121531],[-96.662949194953384,40.732591393252463],[-96.66117427889381,40.732555423116565],[-96.661126973553849,40.733905593493596]],[[-96.663138240991273,40.727190701310143],[-96.663090984287635,40.72854087483902],[-96.661316175673335,40.728504909811811],[-96.661268879953298,40.729855081275652],[-96.663043724380259,40.729891048005697],[-96.662996461268932,40.73124122081019],[-96.664771344715206,40.73127716197758],[-96.6648185720112,40.729926987471494],[-96.66659342284369,40.729962899672898],[-96.66664061112499,40.72861272310444],[-96.664865796105659,40.728576812603286],[-96.66491301699881,40.727226637372929],[-96.663138240991273,40.727190701310143]]],[[[-96.666384983569699,40.786705944883742],[-96.666432270510739,40.785355781825409],[-96.668208598187221,40.785391709160521],[-96.668161347161771,40.786741873919368],[-96.666384983569699,40.786705944883742]]],[[[-96.669040018181619,40.812430869530509],[-96.669087294174687,40.811080709953671],[-96.670864311078802,40.811116614925666],[-96.67081707104802,40.812466776201738],[-96.669040018181619,40.812430869530509]]],[[[-96.664865796105659,40.728576812603286],[-96.6648185720112,40.729926987471494],[-96.663043724380259,40.729891048005697],[-96.663090984287635,40.72854087483902],[-96.664865796105659,40.728576812603286]]],[[[-96.662476355511785,40.746093097752542],[-96.662523653883042,40.744742928932659],[-96.664298895616,40.744778887119857],[-96.664251633086749,40.746129057642094],[-96.662476355511785,40.746093097752542]]],[[[-96.649621413986182,40.757992010182726],[-96.649668992268587,40.756641856580416],[-96.651444534153654,40.756678021118489],[-96.651396991733364,40.758028176432809],[-96.649621413986182,40.757992010182726]]],[[[-96.628839227065114,40.84268670759738],[-96.628887369219015,40.841336594098124],[-96.630665142638478,40.841373140323249],[-96.632442919321448,40.84140965917927],[-96.632394849193517,40.842759776135736],[-96.630617036497441,40.842723255551761],[-96.628839227065114,40.84268670759738]]],[[[-96.634124627777453,40.844146387668623],[-96.634172665150899,40.842796269349172],[-96.635950484367171,40.842832735191926],[-96.635902483009758,40.844182855236816],[-96.634124627777453,40.844146387668623]]],[[[-96.629370171214745,40.727852877519226],[-96.627595423931524,40.727816394523039],[-96.627547447817818,40.72916653338828],[-96.625772667979064,40.729130021403407],[-96.625724652802774,40.730480158176412],[-96.623949840408997,40.730443617200343],[-96.623997891395149,40.729093482157303],[-96.622223118068533,40.729056915650112],[-96.620448348001602,40.72902032188199],[-96.618673581196759,40.728983700853078],[-96.618721736346529,40.727633570643746],[-96.616947008612712,40.727596924089227],[-96.615172284145586,40.727560250275509],[-96.615220507638881,40.726210123173495],[-96.615268727863281,40.724859995707455],[-96.617043380725249,40.7248966660487],[-96.61881803685344,40.724933309133334],[-96.618866182211079,40.723583177832289],[-96.618914324305194,40.722233046167354],[-96.620688912100704,40.722269658528162],[-96.622463503157078,40.722306243634627],[-96.624238097471888,40.72234280148659],[-96.624286128918158,40.720992664261388],[-96.626060690693649,40.721029193129169],[-96.626012695042704,40.722379332083925],[-96.627787295867151,40.722415835426467],[-96.62773933276064,40.72376597574592],[-96.629513972634513,40.72380245356058],[-96.629466042077269,40.725152595243607],[-96.631240721001092,40.725189047527728],[-96.631192822997946,40.726539190573156],[-96.631144921747719,40.727889333255185],[-96.629370171214745,40.727852877519226]],[[-96.625964696138183,40.723729470675053],[-96.625916693979789,40.725079608902576],[-96.627691366402701,40.725116115701852],[-96.62773933276064,40.72376597574592],[-96.625964696138183,40.723729470675053]],[[-96.622367358898728,40.725006513532101],[-96.624142024811007,40.725043074845949],[-96.624190062769586,40.723692938348108],[-96.622415432657249,40.723656378765241],[-96.622367358898728,40.725006513532101]]],[[[-96.630665730601052,40.741390740085976],[-96.628890621876963,40.741354267086663],[-96.628842649059919,40.742704404043941],[-96.627067507755896,40.742667902043486],[-96.627019495851741,40.744018036909139],[-96.628794672990395,40.74405454063767],[-96.630569853381786,40.74409101709049],[-96.632345037023498,40.744127466267479],[-96.632297129376028,40.745477605950057],[-96.632249218480425,40.746827745269194],[-96.630473963161194,40.746791292641007],[-96.62869871109281,40.746754812734409],[-96.628650725264251,40.748104948237405],[-96.630426013174784,40.748141429871005],[-96.630378059937314,40.749491566737476],[-96.630330103448514,40.750841703240418],[-96.628554743846408,40.750805218152642],[-96.628506748256626,40.752155352564856],[-96.628458749412573,40.753505486613477],[-96.628410747314021,40.754855620298486],[-96.630186214471635,40.754892110568072],[-96.630138244975029,40.756242245616853],[-96.630090272225857,40.757592380302093],[-96.628314733352425,40.757555886577627],[-96.626539197734246,40.757519365564562],[-96.6264911500094,40.75886949642986],[-96.626443099026616,40.760219626931452],[-96.624667494941605,40.760183075169621],[-96.624715581787854,40.758832946398229],[-96.622940016826647,40.758796369076997],[-96.621164455128252,40.758759764466326],[-96.619388896695042,40.758723132566338],[-96.619340702259876,40.760073256139421],[-96.617565111231841,40.760036595214935],[-96.617613341529477,40.758686473377203],[-96.615837789633972,40.758649786899056],[-96.615789523474106,40.759999907000143],[-96.615741254041524,40.761350026737098],[-96.613965633692146,40.761313309494149],[-96.613917325119743,40.762663427128906],[-96.61214167217922,40.762626680855305],[-96.612093324462151,40.763976796386416],[-96.610317638930965,40.763940021079648],[-96.608541956680568,40.763903218479285],[-96.60859037613487,40.7625531064309],[-96.610366022516786,40.762589907289254],[-96.610414402822059,40.761239793134507],[-96.608638792306209,40.761202994018099],[-96.608687205194869,40.759852881240882],[-96.606911633825092,40.759816056576774],[-96.60696007929225,40.758465945178251],[-96.608735614801063,40.75850276809927],[-96.608784021125075,40.757152654593249],[-96.608832424167147,40.75580254072284],[-96.607056960372972,40.755765721287787],[-96.607105395987034,40.754415608795874],[-96.605329971330406,40.754378763819446],[-96.605281499862926,40.75572887456719],[-96.60350604263941,40.755692000561169],[-96.601730588704868,40.755655099269909],[-96.601682042239872,40.75700520616077],[-96.599906555741626,40.756968275836272],[-96.599955138061702,40.755618170693502],[-96.600003717087958,40.754268065186025],[-96.601779131878445,40.754304992014376],[-96.601827671760887,40.752954884394185],[-96.603603053992018,40.752991782192026],[-96.603651554735507,40.751641672460558],[-96.605426904406784,40.751678541230397],[-96.605475366016165,40.750328429389107],[-96.607250683127063,40.750365269133439],[-96.607202257363838,40.751715382718693],[-96.607153828317237,40.753065495939502],[-96.608929220406466,40.753102311888853],[-96.608880823927535,40.754452426488037],[-96.610656255149465,40.754489216895792],[-96.610704615776896,40.753139100555089],[-96.612480014426069,40.753175861938033],[-96.612528335925418,40.751825743492851],[-96.614303702001337,40.751862475853535],[-96.614351984377464,40.750512355305325],[-96.616127317879631,40.7505490586462],[-96.616175561137354,40.74919893599639],[-96.617950862065257,40.74923561032],[-96.619726166261472,40.7492722573636],[-96.619774334562592,40.747922130878834],[-96.619822499598087,40.746572004030135],[-96.619870661368211,40.745221876817503],[-96.619918819873192,40.743871749240959],[-96.619966975113314,40.742521621300504],[-96.620015127088791,40.741171492996131],[-96.620063275799936,40.739821364327867],[-96.621838332409737,40.739857971958237],[-96.623613392281257,40.739894552317374],[-96.623661466075333,40.73854441982045],[-96.625436493379269,40.738580971177726],[-96.62721152393982,40.738617495264776],[-96.628986557754544,40.738653992081417],[-96.628938591441752,40.740004129765808],[-96.630713664335829,40.74004060103848],[-96.630665730601052,40.741390740085976]],[[-96.614013938989132,40.759963191495196],[-96.612238357779304,40.759926448700242],[-96.612190016618186,40.7612765649599],[-96.613965633692146,40.761313309494149],[-96.614013938989132,40.759963191495196]],[[-96.62126076247776,40.756059512760288],[-96.621212610435478,40.757409638795259],[-96.622988136273349,40.757446241673229],[-96.62303625245751,40.756096113905627],[-96.62126076247776,40.756059512760288]],[[-96.621453338002325,40.750659004981486],[-96.62140519901736,40.752009132472025],[-96.623180581437296,40.75204572841988],[-96.623228684573846,40.750695599196987],[-96.621453338002325,40.750659004981486]],[[-96.617709792314798,40.755986228609586],[-96.619485275762713,40.756022884328232],[-96.619533460395729,40.754672759663229],[-96.617758012803009,40.754636105679729],[-96.615982568479595,40.75459942441109],[-96.614207127427903,40.75456271585746],[-96.614158835230086,40.755912835313161],[-96.61593431213646,40.755949545604523],[-96.617709792314798,40.755986228609586]]],[[[-96.631434236045905,40.769780058082681],[-96.63138626664086,40.771130190858898],[-96.629610365787414,40.771093707157519],[-96.629562357243401,40.772443837843234],[-96.627786423759474,40.772407325111999],[-96.627738376071648,40.773757453705777],[-96.627690325125542,40.775107581935856],[-96.625914323121179,40.775071038442569],[-96.625962409957708,40.773720911942156],[-96.626010493533528,40.77237078507796],[-96.626058573848937,40.771020657850009],[-96.627834468189306,40.771057196154516],[-96.627882509361385,40.769707066833341],[-96.627930547275952,40.768356937148475],[-96.626154724699433,40.76832040230282],[-96.626202795235045,40.766970273983581],[-96.624427011796257,40.766933713569763],[-96.622651231619329,40.766897125858591],[-96.622699370646473,40.765547000638001],[-96.624475114948041,40.765583586617339],[-96.62452321483822,40.764233459301103],[-96.626298926528207,40.764270016253924],[-96.626250862511213,40.76562014530063],[-96.628026613333589,40.765656676687726],[-96.627978581933263,40.767006807099932],[-96.629754371888495,40.767043312918673],[-96.631530165098283,40.767079791439613],[-96.631482202198299,40.768429924942915],[-96.629706373109713,40.768393444695235],[-96.629658371076104,40.769743576108183],[-96.631434236045905,40.769780058082681]]],[[[-96.620634531189722,40.773611122828271],[-96.620586336683431,40.774961244131966],[-96.61881034773738,40.774924591418667],[-96.617034362061972,40.774887911400732],[-96.61525837965965,40.774851204078288],[-96.613482400532845,40.774814469451506],[-96.611706424683959,40.774777707520535],[-96.609930452115449,40.774740918285481],[-96.608154482829733,40.774704101746543],[-96.606378516829238,40.774667257903843],[-96.606426998443865,40.773317150514885],[-96.60465107161842,40.773280281113699],[-96.602875148082816,40.77324338441035],[-96.602923698179751,40.771893280148305],[-96.601147813820873,40.77185635789057],[-96.599371932756412,40.771819408332227],[-96.599420551325196,40.770469307201992],[-96.597644709439123,40.770432332093371],[-96.597693360590426,40.76908223234841],[-96.599469166597373,40.769119205706929],[-96.599517778573201,40.76776910384708],[-96.601293551999575,40.767806048158981],[-96.601342124804802,40.766455944185665],[-96.601390694316592,40.765105839847642],[-96.601439260535244,40.763755735144898],[-96.599663594725129,40.763718796078791],[-96.599712193518073,40.7623686927598],[-96.59976078901596,40.761018589076052],[-96.599809381219018,40.759668485027547],[-96.60158493943473,40.759705418848483],[-96.601633492483245,40.758355312686966],[-96.601682042239872,40.75700520616077],[-96.603457532029779,40.757042109198863],[-96.603409018130918,40.758392217471958],[-96.605184547068063,40.758429094969095],[-96.605136065740197,40.759779204623243],[-96.605087581125034,40.761129313912832],[-96.605039093222317,40.762479422837892],[-96.604990602031791,40.763829531398393],[-96.603214929638284,40.763792646918148],[-96.603166399289535,40.765142753368139],[-96.604942107553214,40.765179639594322],[-96.60489360978633,40.766529747425679],[-96.604845108730885,40.767879854892456],[-96.603069328719613,40.767842965174161],[-96.603020788497901,40.769193070530207],[-96.602972244984713,40.770543175521588],[-96.604748096753298,40.770580068732279],[-96.606523951811198,40.770616934643378],[-96.608299810156012,40.770653773254722],[-96.608251370998715,40.772003883116454],[-96.610027268511033,40.772040696170336],[-96.611803169305659,40.772077481922892],[-96.613579073380123,40.772114240373966],[-96.61353073859533,40.773464355094866],[-96.615306681833474,40.773501087982957],[-96.617082628346864,40.773537793567982],[-96.61713089135894,40.772187675371114],[-96.618906805258433,40.77222435191689],[-96.618955029113593,40.770874231619942],[-96.620730910398663,40.770910879128976],[-96.620682722428057,40.772261001160615],[-96.622458642865396,40.772297623102126],[-96.62241048751433,40.773647746503258],[-96.620634531189722,40.773611122828271]]],[[[-96.629226206265187,40.781894742461247],[-96.629274237603497,40.780544614321066],[-96.631050389710452,40.780581110112493],[-96.631002394275228,40.781931239980096],[-96.629226206265187,40.781894742461247]]],[[[-96.630906393639819,40.784631498624478],[-96.630858388439151,40.785981627401249],[-96.630810379982833,40.787331755814392],[-96.629034048336209,40.787295251385153],[-96.629082092705318,40.785945124699715],[-96.629130133816361,40.784594997650565],[-96.629178171669565,40.783244870237745],[-96.630954395585107,40.783281369484094],[-96.630906393639819,40.784631498624478]]],[[[-96.62278956218718,40.812837813443153],[-96.622741344720964,40.814187927658445],[-96.620964307375758,40.814151279289661],[-96.619187273303623,40.814114603578496],[-96.619235562690463,40.812764492833004],[-96.621012560802399,40.812801166808619],[-96.621060810956223,40.811451053963488],[-96.622837776382994,40.81148769886385],[-96.62461474507991,40.81152431642424],[-96.624566566842361,40.81287443273645],[-96.62278956218718,40.812837813443153]]],[[[-96.624518385336827,40.814224548684713],[-96.624566566842361,40.81287443273645],[-96.6263435747655,40.812911024688376],[-96.626295429220917,40.814261142368302],[-96.624518385336827,40.814224548684713]]],[[[-96.622258990131456,40.82768904978861],[-96.622210736674234,40.829039159999226],[-96.620433303603505,40.829002492549058],[-96.620481593047955,40.827652384073467],[-96.620529879216818,40.826302275233708],[-96.622307240315521,40.826338939213898],[-96.622258990131456,40.82768904978861]]],[[[-96.611671140121288,40.72613669724538],[-96.611622845021188,40.727486820870979],[-96.609848130368746,40.7274500652805],[-96.608073418992689,40.727413282431378],[-96.608025049007949,40.728763402211101],[-96.607976675744155,40.730113521626485],[-96.606201896034605,40.730076708033252],[-96.604427119606797,40.730039867179102],[-96.602652346463159,40.730002999064176],[-96.600877576606123,40.729966103688646],[-96.600829056825333,40.731316215760295],[-96.600780533755284,40.732666327467314],[-96.602555375232825,40.732703226336504],[-96.602506884687131,40.734053339425813],[-96.602458390854082,40.735403452150578],[-96.602409893733437,40.736753564510771],[-96.602361393324941,40.738103676506377],[-96.600586408577342,40.738066770649077],[-96.598811427120282,40.738029837523563],[-96.59703644895616,40.73799287712999],[-96.596987837789598,40.739342983515535],[-96.595212827098038,40.739305994102978],[-96.593437819704533,40.739268977421361],[-96.593486502516484,40.73791887453924],[-96.591711534245761,40.737881832342367],[-96.591760249577376,40.736531730848895],[-96.591808961606588,40.735181628990411],[-96.591857670333653,40.733831526766956],[-96.590082812817201,40.733794462566998],[-96.59013155405475,40.732444361733215],[-96.590180291988247,40.731094260534377],[-96.590229026617948,40.729744158970512],[-96.592003776704573,40.729781217906705],[-96.592052472225618,40.728431114223348],[-96.592101164445808,40.727081010175048],[-96.593875846225274,40.72711803834526],[-96.593827189808025,40.728468144146646],[-96.59560191068887,40.728505146811344],[-96.595650531302937,40.727155039258157],[-96.597425219676381,40.727192012913591],[-96.599199911343177,40.727228959311432],[-96.599248457059204,40.725878847893824],[-96.597473801193672,40.72584190324514],[-96.597522379417853,40.724491793211946],[-96.597570954349209,40.723141682814024],[-96.597619525987938,40.72179157205138],[-96.5993940744642,40.721828511453026],[-96.60116862623039,40.721865423602061],[-96.601120126179907,40.723215537861293],[-96.602894717028093,40.723252424503961],[-96.604669311161615,40.723289283892441],[-96.604717739622842,40.721939166141752],[-96.606492301244259,40.721975996532123],[-96.606443908578044,40.723326116026598],[-96.608218509274948,40.723362920906283],[-96.608170149125925,40.724713041778962],[-96.609944788898858,40.724749821145309],[-96.609896461271873,40.72609994339502],[-96.611671140121288,40.72613669724538]]],[[[-96.61909968106076,40.766823868544861],[-96.619051467014515,40.768173989933914],[-96.617275660760683,40.768137318595862],[-96.617323910683965,40.766787198942573],[-96.61737215733568,40.76543707892521],[-96.615596426104815,40.765400383763158],[-96.615548143578749,40.766750502043536],[-96.61377237974753,40.766713777847883],[-96.611996619192723,40.766677026355786],[-96.612044973466752,40.765326911553259],[-96.612093324462151,40.763976796386416],[-96.613869013271682,40.764013544399454],[-96.615644705357127,40.764050265118613],[-96.617420400716057,40.764086958543743],[-96.61919609934607,40.764123624674703],[-96.619147891837855,40.765473746791798],[-96.61909968106076,40.766823868544861]]],[[[-96.608493533943076,40.765253330163247],[-96.608445107922122,40.766603441482772],[-96.608396678617467,40.767953552437874],[-96.606620892030975,40.767916717313753],[-96.60666935721116,40.76656660810216],[-96.606717819105214,40.76521649852608],[-96.608493533943076,40.765253330163247]]],[[[-96.618520896670603,40.783025301186385],[-96.618569146693986,40.781675183801958],[-96.620345315123586,40.781711845190422],[-96.620297101004198,40.783061964310086],[-96.618520896670603,40.783025301186385]]],[[[-96.61664811393085,40.785688840953576],[-96.616696406407414,40.784338726034022],[-96.618472643375043,40.784375418206707],[-96.618424386807092,40.785725534862934],[-96.61664811393085,40.785688840953576]]],[[[-96.62015243902664,40.787112319484883],[-96.620104211826828,40.788462437148404],[-96.620055981356259,40.78981255444787],[-96.618279597466213,40.789775882646921],[-96.618327863852926,40.788425767083041],[-96.618376126966453,40.787075651155043],[-96.62015243902664,40.787112319484883]]],[[[-96.615681576294804,40.812691062859088],[-96.617458567853788,40.812727791516444],[-96.617410242507006,40.814077900525085],[-96.615633214988364,40.81404117012962],[-96.613856190750084,40.814004412392194],[-96.61207916979464,40.813967627312977],[-96.610302152124461,40.813930814892117],[-96.610253679652786,40.815280916575972],[-96.610205203893173,40.816631017895304],[-96.610156724845368,40.81798111885012],[-96.608379602572256,40.817944273857449],[-96.608331084267604,40.819294372704142],[-96.606553929317201,40.819257498621383],[-96.604776777660405,40.819220597192221],[-96.604825367901114,40.817870501836559],[-96.603048255507971,40.817833574808638],[-96.603096878418128,40.816483480835622],[-96.603145498030386,40.815133386497777],[-96.601368460862886,40.81509643562233],[-96.601319805288128,40.816446528211564],[-96.599542735458485,40.816409548244181],[-96.597765668931643,40.816372540933585],[-96.597814396430707,40.815022451845437],[-96.597863120624766,40.813672362392282],[-96.599640115230017,40.81370936620057],[-96.601417113137543,40.813746342668232],[-96.60146576211234,40.812396249349256],[-96.603242727362087,40.812433196727689],[-96.603194114344944,40.81378329179514],[-96.604971118849761,40.813820213581117],[-96.605019695908993,40.812470116766512],[-96.605068269673495,40.811120019587165],[-96.605116840143495,40.809769922043124],[-96.606893740076117,40.80980681125061],[-96.606845205559409,40.811156910540404],[-96.608622144737382,40.811193774155022],[-96.610399087204982,40.811230610430847],[-96.610350621308442,40.81258071284374],[-96.612127603019701,40.81261752352259],[-96.61390458801597,40.812654306861091],[-96.615681576294804,40.812691062859088]]],[[[-96.613323604103556,40.828855549183942],[-96.611546187436488,40.828818744952272],[-96.611594656813281,40.827468645171159],[-96.613372037494386,40.827505447661345],[-96.613323604103556,40.828855549183942]]],[[[-96.616878447292066,40.828929075579097],[-96.616926808710218,40.82757897057742],[-96.618704199240071,40.827615691003018],[-96.618655873808649,40.828965797742299],[-96.616878447292066,40.828929075579097]]],[[[-96.604796604386621,40.769229961994668],[-96.604845108730885,40.767879854892456],[-96.606620892030975,40.767916717313753],[-96.606572423564415,40.76926682616083],[-96.604796604386621,40.769229961994668]]]]}}
]
}
