{
"type": "FeatureCollection",
"name": "bryan-east__wk_0600",
"crs": { "type": "name", "properties": { "name": "urn:ogc:def:crs:OGC:1.3:CRS84" } },
"features": [
{"type":"Feature","properties":{"band":15},"geometry":{"type":"Polygon","coordinates":[[[-96.660771476418063,40.794698933946584],[-96.660724059226254,40.796049089358277],[-96.658947457006676,40.796013039106356],[-96.658900000664772,40.797363192449325],[-96.660676638818401,40.797399244407472],[-96.66245328018833,40.797435269036868],[-96.6624058925009,40.798785425428562],[-96.662358501599329,40.800135581457802],[-96.66231110748339,40.801485737124615],[-96.660534358295976,40.801449707380002],[-96.658757612325601,40.801413650302749],[-96.656980869574724,40.801377565892999],[-96.65520413004576,40.801341454150894],[-96.655156588940585,40.802691602626645],[-96.655109044610811,40.804041750739657],[-96.655061497056195,40.805391898489916],[-96.653284652915175,40.805355754284264],[-96.653237066185127,40.806705899961216],[-96.65146018932154,40.806669726707732],[-96.651507812001682,40.805319582742683],[-96.65155543145184,40.80396943841474],[-96.649778629715712,40.803933241250448],[-96.648001831211715,40.803897016751797],[-96.646225035942308,40.80386076491893],[-96.646272759996933,40.802510625371077],[-96.646320480814808,40.801160485460144],[-96.644543760668427,40.801124209726972],[-96.644591514189131,40.799774071169729],[-96.644639264471152,40.798423932249364],[-96.646415912741247,40.798460204549087],[-96.648192564247353,40.798496449519902],[-96.648240239421682,40.797146306804429],[-96.648287911362672,40.795796163725981],[-96.648335580070594,40.794446020284546],[-96.648383245545659,40.793095876480152],[-96.650159756559987,40.793132087266123],[-96.65193627080447,40.793168270728081],[-96.651983861196172,40.791818123134448],[-96.653760342742601,40.791854277561043],[-96.655536827514084,40.791890404664606],[-96.657313315508176,40.791926504444994],[-96.657265832894495,40.793276657168327],[-96.657218347060379,40.794626809529028],[-96.658994910130104,40.794662885400825],[-96.660771476418063,40.794698933946584]]]}},
{"type":"Feature","properties":{"band":30},"geometry":{"type":"MultiPolygon","coordinates":[[[[-96.701307182434931,40.804971860683729],[-96.703084076844718,40.805007265089444],[-96.703037499976645,40.806357458535324],[-96.701260569612316,40.806322052453972],[-96.701213953627885,40.807672243863237],[-96.699436990468641,40.80763680876511],[-96.699390335362992,40.808986998136319],[-96.701167334481397,40.809022434911505],[-96.70112071217261,40.810372625598781],[-96.702897750415161,40.810408036707436],[-96.702851160908097,40.811758228709607],[-96.704628238275262,40.811793614149074],[-96.704581681574808,40.813143807464982],[-96.70280456824068,40.813108420350837],[-96.702757972412655,40.814458611631132],[-96.700980826269998,40.81442319549457],[-96.699203683290605,40.814387752010461],[-96.699157012358839,40.815737939576294],[-96.697379836574058,40.815702467066124],[-96.695602663957672,40.815666967207399],[-96.695649406831379,40.814316783000237],[-96.693872273356419,40.814281257474377],[-96.693919049027713,40.812931074587198],[-96.693965821526234,40.811580891338735],[-96.692188763157716,40.811545341830836],[-96.692235568446762,40.810195159903472],[-96.690458549216018,40.81015958473499],[-96.688681533162409,40.810123982223701],[-96.688634655947993,40.811474160782467],[-96.686857607111648,40.811438529242267],[-96.685080561457582,40.811402870358251],[-96.683303518988211,40.81136718413056],[-96.68152647970598,40.811331470559331],[-96.679749443613332,40.811295729644705],[-96.679702383397753,40.812645899397531],[-96.677925314533553,40.812610129446895],[-96.67797241071267,40.811259961386824],[-96.676195381006465,40.811224165785845],[-96.674418354497121,40.811188342841895],[-96.674371186391681,40.812538507512542],[-96.67259412711887,40.81250265552913],[-96.67081707104802,40.812466776201738],[-96.670864311078802,40.811116614925666],[-96.669087294174687,40.811080709953671],[-96.669040018181619,40.812430869530509],[-96.667262968522067,40.812394935515599],[-96.667310280477196,40.811044777639282],[-96.667357589223272,40.809694619400688],[-96.665580614694193,40.809658661445781],[-96.665533269988742,40.811008817982639],[-96.663756262711772,40.810972830983886],[-96.66380364337634,40.809622676150077],[-96.662026675272159,40.809586663513684],[-96.661979258648714,40.810936816643164],[-96.660202257802013,40.810900774960615],[-96.660154802001145,40.812250926021925],[-96.658377768412407,40.812214855290712],[-96.656600738045128,40.812178757216678],[-96.656648265767373,40.810828609570635],[-96.654871274584323,40.810792485863466],[-96.653094286627351,40.810756334815061],[-96.653141883041457,40.809406190226618],[-96.651364934270404,40.809370013549184],[-96.651412563411213,40.808019870309899],[-96.649635653825555,40.807983668006109],[-96.649683315688165,40.806633526117174],[-96.647906445287433,40.806597298189679],[-96.647954139866982,40.805247157652246],[-96.646177308650678,40.805210904103696],[-96.646225035942308,40.80386076491893],[-96.648001831211715,40.803897016751797],[-96.649778629715712,40.803933241250448],[-96.65155543145184,40.80396943841474],[-96.651507812001682,40.805319582742683],[-96.65146018932154,40.806669726707732],[-96.653237066185127,40.806705899961216],[-96.653284652915175,40.805355754284264],[-96.655061497056195,40.805391898489916],[-96.655109044610811,40.804041750739657],[-96.655156588940585,40.802691602626645],[-96.65520413004576,40.801341454150894],[-96.656980869574724,40.801377565892999],[-96.658757612325601,40.801413650302749],[-96.658710143107243,40.802763802195386],[-96.660486925021402,40.802799860979142],[-96.660534358295976,40.801449707380002],[-96.66231110748339,40.801485737124615],[-96.662358501599329,40.800135581457802],[-96.6624058925009,40.798785425428562],[-96.664182573021677,40.798821424432759],[-96.664135218059528,40.800171582165795],[-96.664087859885427,40.801521739536462],[-96.665864615499643,40.801557714615377],[-96.66591193773165,40.800207555542151],[-96.667688660613294,40.800243501586728],[-96.669465386701987,40.80027942029939],[-96.671242115995341,40.800315311679995],[-96.673018848490884,40.80035117572838],[-96.674795584186214,40.800387012444453],[-96.676572323078872,40.800422821828008],[-96.678349065166458,40.800458603878944],[-96.678301994535971,40.801808774833923],[-96.680078775760066,40.801844531244306],[-96.681855560174455,40.801880260320495],[-96.681902558916576,40.800530085982352],[-96.683679310574263,40.800565786034532],[-96.685456065417128,40.800601458753519],[-96.685502989087169,40.799251280675819],[-96.687279711170163,40.799286924374478],[-96.687326595717536,40.797936744248283],[-96.68910328504019,40.797972358929115],[-96.689056436433233,40.799322540740945],[-96.690833164873922,40.799358129775072],[-96.69078634903245,40.800708312909876],[-96.692563116591671,40.800743876294653],[-96.694339887323935,40.800779412345527],[-96.694386631278476,40.799429225845778],[-96.696163369237468,40.799464732882072],[-96.696116661226739,40.800814921062347],[-96.697893438297697,40.800850402444979],[-96.697846763065328,40.802200591943411],[-96.699623579248751,40.80223604766973],[-96.70140039859568,40.802271476060291],[-96.701353792095972,40.803621668552495],[-96.701307182434931,40.804971860683729]]],[[[-96.70472134220266,40.809093226434648],[-96.706498350800672,40.809128581182314],[-96.706451836378122,40.81047877689322],[-96.704674791817794,40.810443420472303],[-96.70472134220266,40.809093226434648]]],[[[-96.658167452143331,40.767623693423417],[-96.658120027455041,40.768973852672922],[-96.659895908290622,40.769009896116039],[-96.659848516271538,40.770360056709201],[-96.661624436206097,40.77039607455567],[-96.661577076861107,40.77174623649131],[-96.661529714304493,40.773096398064553],[-96.659753722591759,40.773060376808139],[-96.659706320930582,40.774410536313916],[-96.659658916054852,40.775760695457222],[-96.661434979555466,40.775796720123857],[-96.661387607362528,40.777146880609898],[-96.661340231957013,40.778497040733519],[-96.661292853338651,40.779847200494736],[-96.663069027752385,40.779883202965223],[-96.663021681826052,40.781233364068122],[-96.661245471507186,40.781197359893525],[-96.661198086462377,40.782547518929874],[-96.661150698203997,40.783897677603797],[-96.662926980340401,40.783933685186838],[-96.662879624780587,40.785283845202635],[-96.661103306731761,40.785247835915257],[-96.66105591204547,40.786597993864284],[-96.661008514144825,40.787948151450834],[-96.660961113029629,40.789298308674937],[-96.660913708699582,40.79064846553657],[-96.65913725019189,40.7906124221089],[-96.657360794901678,40.790576351359057],[-96.657313315508176,40.791926504444994],[-96.655536827514084,40.791890404664606],[-96.653760342742601,40.791854277561043],[-96.651983861196172,40.791818123134448],[-96.65193627080447,40.793168270728081],[-96.650159756559987,40.793132087266123],[-96.648383245545659,40.793095876480152],[-96.648430907788153,40.791745732312783],[-96.650207382877198,40.791781941384983],[-96.650255005964524,40.790431795140961],[-96.648478566798303,40.790395587782463],[-96.646702130864185,40.790359353102673],[-96.646749822562398,40.789009209924316],[-96.644973425782695,40.788972949639586],[-96.645021150164098,40.78762280781438],[-96.646797511026321,40.78765906638295],[-96.646845196256237,40.786308922478582],[-96.646892878252388,40.784958778211198],[-96.645116589217807,40.784922523074705],[-96.64516430389061,40.783572380160287],[-96.646940557015,40.783608633580819],[-96.648716813372673,40.783644859686646],[-96.648764452994001,40.782294712978697],[-96.648812089384734,40.780944565907831],[-96.647035904840649,40.780908343231097],[-96.647083573904155,40.779558197511768],[-96.64713123973516,40.778208051429466],[-96.645355130227188,40.778171804872024],[-96.645402828723931,40.77682166014236],[-96.647178902333863,40.77685790498419],[-96.647226561700535,40.775507758175962],[-96.647274217835431,40.774157611004775],[-96.647321870738779,40.772807463470642],[-96.645545904808372,40.772771223775209],[-96.645498216014275,40.774121369593949],[-96.643722217427069,40.774085100877592],[-96.643769942111675,40.772734956775544],[-96.641993982651115,40.77269866247179],[-96.642041739987377,40.771348519724576],[-96.642089494085312,40.769998376614218],[-96.640313609636053,40.769962058444861],[-96.640361396378623,40.768611916690418],[-96.640409179880933,40.767261774572788],[-96.638633370434675,40.767225432542851],[-96.638681186574587,40.765875291782244],[-96.64045696014324,40.765911632091964],[-96.640504737165784,40.76456148924796],[-96.640552510948822,40.763211346040762],[-96.640600281492581,40.761861202470399],[-96.642375950681995,40.761897510326413],[-96.644151623107987,40.761933790888804],[-96.644199318676201,40.760583643519276],[-96.642423682118604,40.760547364674238],[-96.64064804879736,40.760511058536878],[-96.640695812863342,40.759160914240191],[-96.640743573690827,40.757810769580338],[-96.640791331280042,40.756460624557356],[-96.642566857011431,40.75649692553916],[-96.642614575504197,40.755146778434657],[-96.640839085631242,40.755110479171215],[-96.64088683674467,40.753760333421944],[-96.640934584620595,40.752410187309536],[-96.642710002783943,40.752446483136431],[-96.642662290761606,40.753796630967074],[-96.64443774801363,40.753832901226332],[-96.644390068612481,40.755183050410935],[-96.646165564953662,40.755219295099891],[-96.64621320849831,40.753869144199562],[-96.647988672213245,40.753905359886623],[-96.647941064525355,40.7552555125014],[-96.647893453609413,40.756605664753287],[-96.647845839465134,40.757955816642323],[-96.649621413986182,40.757992010182726],[-96.649573832477657,40.759342163422247],[-96.64779822209232,40.759305968168491],[-96.647750601490685,40.760656119331763],[-96.647702977660003,40.762006270132154],[-96.647655350600019,40.763356420569657],[-96.647607720310475,40.764706570644265],[-96.649383474177228,40.764742772752122],[-96.65115923127135,40.764778947563194],[-96.652934991590399,40.76481509507736],[-96.654710755131987,40.764851215294449],[-96.654663265119822,40.766201371853185],[-96.656439067758896,40.766237466481613],[-96.656391610406246,40.767587624386316],[-96.658167452143331,40.767623693423417]]],[[[-96.662548045921838,40.794734955166156],[-96.662500664661906,40.796085112282725],[-96.660724059226254,40.796049089358277],[-96.660771476418063,40.794698933946584],[-96.662548045921838,40.794734955166156]]],[[[-96.657265832894495,40.793276657168327],[-96.657313315508176,40.791926504444994],[-96.659089806722463,40.79196257690208],[-96.659042360035272,40.79331273133274],[-96.660818890394054,40.793348778172394],[-96.660771476418063,40.794698933946584],[-96.658994910130104,40.794662885400825],[-96.657218347060379,40.794626809529028],[-96.657265832894495,40.793276657168327]]],[[[-96.660724059226254,40.796049089358277],[-96.660676638818401,40.797399244407472],[-96.658900000664772,40.797363192449325],[-96.658947457006676,40.796013039106356],[-96.660724059226254,40.796049089358277]]],[[[-96.65378990678785,40.740512245781169],[-96.653742438865947,40.74186240715774],[-96.651967288083213,40.741826288722095],[-96.652014791838369,40.740476129055402],[-96.65378990678785,40.740512245781169]]],[[[-96.644866717183859,40.741681542230999],[-96.643091582529038,40.741645287421811],[-96.643139265446706,40.740295136323901],[-96.644914364269525,40.740331389416738],[-96.646689466322513,40.740367615236451],[-96.64846457160327,40.740403813782905],[-96.648416996182362,40.741753970025947],[-96.646641855069106,40.741717769765756],[-96.644866717183859,40.741681542230999]]],[[[-96.644782495887497,40.794373513309537],[-96.64655903636141,40.794409780459553],[-96.646606737763946,40.793059638370295],[-96.648383245545659,40.793095876480152],[-96.648335580070594,40.794446020284546],[-96.648287911362672,40.795796163725981],[-96.648240239421682,40.797146306804429],[-96.646463623850323,40.797110063548956],[-96.64651133172363,40.795759922185781],[-96.644734755320087,40.795723653319257],[-96.644782495887497,40.794373513309537]]],[[[-96.644723756543272,40.745731998496098],[-96.642948514377878,40.745695738537513],[-96.642996206994866,40.744345588528631],[-96.644771413320981,40.744381846770679],[-96.64654662287802,40.744418077735723],[-96.646499001939844,40.745768231176399],[-96.644723756543272,40.745731998496098]]],[[[-96.646308485897137,40.75116884131014],[-96.64626084881273,40.752518992936309],[-96.64621320849831,40.753869144199562],[-96.64443774801363,40.753832901226332],[-96.644485424182122,40.752482751678741],[-96.642710002783943,40.752446483136431],[-96.64275771157142,40.751096334942737],[-96.640982329259231,40.751060040834005],[-96.641030070660861,40.749709893995366],[-96.642805417124308,40.749746186385984],[-96.642853119442847,40.748396037466193],[-96.644628433294088,40.74843230085807],[-96.644676096534383,40.747082149858564],[-96.646451377772919,40.747118384254172],[-96.64640375037699,40.748468536969064],[-96.646356119751815,40.749818689321067],[-96.646308485897137,40.75116884131014]]]]}},
{"type":"Feature","properties":{"band":45},"geometry":{"type":"MultiPolygon","coordinates":[[[[-96.710423804052255,40.798397603237589],[-96.71220053449116,40.798432862603896],[-96.71215415313182,40.799783066211404],[-96.710377386749329,40.799747805176253],[-96.710330966297988,40.801098006754287],[-96.710284542697963,40.802448207971707],[-96.710238115949025,40.803798408828477],[-96.712014990176854,40.803833674870553],[-96.713791867551393,40.803868913574576],[-96.713745509560169,40.805219117407646],[-96.713699148424411,40.806569320880193],[-96.711922199140318,40.806534078840471],[-96.711875798901346,40.807884280284554],[-96.71182939551494,40.809234481368051],[-96.713606416718321,40.809269726743736],[-96.713560046147506,40.81061992913471],[-96.713513672431191,40.811970131165154],[-96.713467295569131,40.813320332835069],[-96.715244427815691,40.813355555867965],[-96.715198083778503,40.814705758844319],[-96.713420915561088,40.814670534144433],[-96.713374532406817,40.816020735093232],[-96.713328146106079,40.817370935681481],[-96.713281756658631,40.818721135909158],[-96.711504483661031,40.818685878855511],[-96.711458055086268,40.820036077054077],[-96.711411623361883,40.821386274892006],[-96.709634281551033,40.821350987146346],[-96.707856942892505,40.821315672045991],[-96.707810436048547,40.822665866182014],[-96.706033064560259,40.822630522054531],[-96.704255696229424,40.82259515057136],[-96.704209114256855,40.823945341000034],[-96.70416252912419,40.825295531067809],[-96.702385091977888,40.825260128878561],[-96.702338467693551,40.826610316910049],[-96.700560997718981,40.826574885686128],[-96.698783530909878,40.82653942710305],[-96.69700606726866,40.826503941160951],[-96.69705279952548,40.825153758163268],[-96.697099528612185,40.823803574804373],[-96.695322140119558,40.823768064864353],[-96.695368902021883,40.822417882824652],[-96.693591552686755,40.822382347210151],[-96.691814206526132,40.822346784240928],[-96.690036863542417,40.82231119391713],[-96.688259523738054,40.822275576238873],[-96.686482187115473,40.822239931206312],[-96.686529125757232,40.82088975722634],[-96.684751828300449,40.82085408652771],[-96.684704853677133,40.822204258819617],[-96.682927523425462,40.822168559078875],[-96.68297453403008,40.820818388476347],[-96.683021541445839,40.819468217512068],[-96.684798799737322,40.819503913874129],[-96.684845767988037,40.818153740858911],[-96.68489273305282,40.816803567482047],[-96.68666992257954,40.816839233116866],[-96.686716848486824,40.815489057690563],[-96.684939694931913,40.815453393743546],[-96.68316254456245,40.815417702448968],[-96.68320953922526,40.81406753003786],[-96.683256530700419,40.812717357265051],[-96.681479455454166,40.812681642003632],[-96.679702383397753,40.812645899397531],[-96.679749443613332,40.811295729644705],[-96.68152647970598,40.811331470559331],[-96.683303518988211,40.81136718413056],[-96.685080561457582,40.811402870358251],[-96.685033609134067,40.812753045181637],[-96.686810690752637,40.812788705753256],[-96.688587775553728,40.812824338979759],[-96.690364863534882,40.81285994486101],[-96.690411707964159,40.811509764978702],[-96.688634655947993,40.811474160782467],[-96.688681533162409,40.810123982223701],[-96.690458549216018,40.81015958473499],[-96.692235568446762,40.810195159903472],[-96.692188763157716,40.811545341830836],[-96.693965821526234,40.811580891338735],[-96.693919049027713,40.812931074587198],[-96.693872273356419,40.814281257474377],[-96.695649406831379,40.814316783000237],[-96.695602663957672,40.815666967207399],[-96.697379836574058,40.815702467066124],[-96.699157012358839,40.815737939576294],[-96.699203683290605,40.814387752010461],[-96.700980826269998,40.81442319549457],[-96.702757972412655,40.814458611631132],[-96.70280456824068,40.813108420350837],[-96.704581681574808,40.813143807464982],[-96.704628238275262,40.811793614149074],[-96.702851160908097,40.811758228709607],[-96.702897750415161,40.810408036707436],[-96.70112071217261,40.810372625598781],[-96.701167334481397,40.809022434911505],[-96.699390335362992,40.808986998136319],[-96.699436990468641,40.80763680876511],[-96.701213953627885,40.807672243863237],[-96.701260569612316,40.806322052453972],[-96.703037499976645,40.806357458535324],[-96.703084076844718,40.805007265089444],[-96.701307182434931,40.804971860683729],[-96.701353792095972,40.803621668552495],[-96.70140039859568,40.802271476060291],[-96.699623579248751,40.80223604766973],[-96.697846763065328,40.802200591943411],[-96.697893438297697,40.800850402444979],[-96.696116661226739,40.800814921062347],[-96.696163369237468,40.799464732882072],[-96.694386631278476,40.799429225845778],[-96.694339887323935,40.800779412345527],[-96.692563116591671,40.800743876294653],[-96.69078634903245,40.800708312909876],[-96.690833164873922,40.799358129775072],[-96.689056436433233,40.799322540740945],[-96.68910328504019,40.797972358929115],[-96.687326595717536,40.797936744248283],[-96.687279711170163,40.799286924374478],[-96.685502989087169,40.799251280675819],[-96.685456065417128,40.800601458753519],[-96.683679310574263,40.800565786034532],[-96.681902558916576,40.800530085982352],[-96.681855560174455,40.801880260320495],[-96.680078775760066,40.801844531244306],[-96.678301994535971,40.801808774833923],[-96.678349065166458,40.800458603878944],[-96.676572323078872,40.800422821828008],[-96.674795584186214,40.800387012444453],[-96.673018848490884,40.80035117572838],[-96.671242115995341,40.800315311679995],[-96.669465386701987,40.80027942029939],[-96.667688660613294,40.800243501586728],[-96.66591193773165,40.800207555542151],[-96.665864615499643,40.801557714615377],[-96.664087859885427,40.801521739536462],[-96.664135218059528,40.800171582165795],[-96.664182573021677,40.798821424432759],[-96.6624058925009,40.798785425428562],[-96.66245328018833,40.797435269036868],[-96.660676638818401,40.797399244407472],[-96.660724059226254,40.796049089358277],[-96.662500664661906,40.796085112282725],[-96.662548045921838,40.794734955166156],[-96.660771476418063,40.794698933946584],[-96.660818890394054,40.793348778172394],[-96.659042360035272,40.79331273133274],[-96.659089806722463,40.79196257690208],[-96.657313315508176,40.791926504444994],[-96.657360794901678,40.790576351359057],[-96.65913725019189,40.7906124221089],[-96.660913708699582,40.79064846553657],[-96.660961113029629,40.789298308674937],[-96.661008514144825,40.787948151450834],[-96.662784904025756,40.787984164147083],[-96.662832266009119,40.786634004856055],[-96.664608623184677,40.786669988529255],[-96.664561297118837,40.788020149523454],[-96.664513967843291,40.789370310155327],[-96.664466635357769,40.790720470424866],[-96.66624310350339,40.790756431885193],[-96.666290400066273,40.789406269913634],[-96.668066835496802,40.7894422023505],[-96.668114092931702,40.788092038316037],[-96.669890495646627,40.78812794173195],[-96.671666901563981,40.788163817827432],[-96.673443310681321,40.788199666602331],[-96.675219722996204,40.788235488056507],[-96.675266833551746,40.786885316870396],[-96.677043213142511,40.786921109309581],[-96.676996138506226,40.788271282189832],[-96.676949060677245,40.789621454708218],[-96.678725515301878,40.789657223213439],[-96.678772557208944,40.788307049002142],[-96.680548979101928,40.788342788493296],[-96.680595981898989,40.786992612228659],[-96.682372371059813,40.787028322708274],[-96.684148763405801,40.787064005867734],[-96.685925158934509,40.787099661706925],[-96.687701557643521,40.787135290225685],[-96.689477959530393,40.787170891423877],[-96.691254364592695,40.78720646530136],[-96.691301148693185,40.78585627855324],[-96.693077521009485,40.785891823427434],[-96.693030772827996,40.787242011858005],[-96.694807184233866,40.787277531093658],[-96.696583598807877,40.787313023008167],[-96.696630275150582,40.785962831216573],[-96.698406656970548,40.785998294131254],[-96.698360016547582,40.787348487601413],[-96.700136437450567,40.787383924873239],[-96.700183041953537,40.786033729725808],[-96.701959430097133,40.786069138000094],[-96.702005995521716,40.784718940815772],[-96.700229643295913,40.784683534217407],[-96.700276241477937,40.783333338348051],[-96.702052557788349,40.783368743270579],[-96.702099116897315,40.782018545364473],[-96.702145672848829,40.780668347097517],[-96.702192225643159,40.77931814846967],[-96.702238775280534,40.777967949480967],[-96.70401495111048,40.778003320388081],[-96.70396843737899,40.779353521051085],[-96.703921920493002,40.780703721353277],[-96.703875400452233,40.782053921294683],[-96.703828877256456,40.783404120875268],[-96.705605199879813,40.783439471161998],[-96.705558709444631,40.784789672055041],[-96.703782350905428,40.784754320095026],[-96.703735821398908,40.786104518953977],[-96.705512215856402,40.78613987258732],[-96.705465719114855,40.787490072758835],[-96.705419219219777,40.788840272569601],[-96.705372716170899,40.790190472019567],[-96.705326209967993,40.791540671108763],[-96.707102751277233,40.791576004110269],[-96.707056277850739,40.792926204511062],[-96.708832858242772,40.792961511857676],[-96.708786417597551,40.794311713568888],[-96.708739973802437,40.795661914919449],[-96.708693526857175,40.797012115909332],[-96.708647076761551,40.798362316538544],[-96.710423804052255,40.798397603237589]],[[-96.704302275042124,40.82124495978173],[-96.702524945855146,40.821209562618129],[-96.702478331058444,40.822559751732591],[-96.704255696229424,40.82259515057136],[-96.704302275042124,40.82124495978173]],[[-96.67498412228673,40.794986338558168],[-96.675031248820346,40.793636169181717],[-96.673254692805145,40.793600340945154],[-96.671478139988466,40.79356448538271],[-96.669701590372782,40.793528602494526],[-96.669654356046422,40.79487876677981],[-96.671430941592774,40.794914651366341],[-96.671383739995875,40.7962648169879],[-96.673160364676789,40.796300675944522],[-96.674936992556752,40.796336507572661],[-96.67498412228673,40.794986338558168]],[[-96.66974882149573,40.792178437847085],[-96.66797231101144,40.792142529332864],[-96.667925043960494,40.793492692280729],[-96.669701590372782,40.793528602494526],[-96.66974882149573,40.792178437847085]],[[-96.70472134220266,40.809093226434648],[-96.704674791817794,40.810443420472303],[-96.706451836378122,40.81047877689322],[-96.706498350800672,40.809128581182314],[-96.70472134220266,40.809093226434648]],[[-96.688447115289506,40.816874871402703],[-96.68840022217347,40.818225048154005],[-96.690177454038988,40.818260660776005],[-96.690224311180287,40.816910482339409],[-96.688447115289506,40.816874871402703]],[[-96.69013059371909,40.819610838851162],[-96.690083730220309,40.82096101656488],[-96.691861037221727,40.820996605204485],[-96.691907864740642,40.819646425806653],[-96.691954689083133,40.818296246047431],[-96.690177454038988,40.818260660776005],[-96.69013059371909,40.819610838851162]],[[-96.69200151024944,40.816946065926849],[-96.692048328239807,40.815595885444885],[-96.690271165143216,40.815560303541375],[-96.690224311180287,40.816910482339409],[-96.69200151024944,40.816946065926849]],[[-96.690318015927986,40.814210124381908],[-96.688540891979386,40.814174516815577],[-96.68849400522474,40.815524694289891],[-96.690271165143216,40.815560303541375],[-96.690318015927986,40.814210124381908]]],[[[-96.689943120648337,40.82501154753723],[-96.68816570887256,40.824975926487802],[-96.688212617896326,40.823625751544107],[-96.689989993685174,40.823661370907907],[-96.691767372653615,40.823696962915982],[-96.69354475479922,40.823732527568175],[-96.693497953736951,40.825082707564867],[-96.691720535603949,40.825047141229646],[-96.689943120648337,40.82501154753723]]],[[[-96.686070195117296,40.731706329222746],[-96.68784511999786,40.731741915925234],[-96.68962004804871,40.73177747536019],[-96.689573319025286,40.733127673192207],[-96.689526586833765,40.734477870663035],[-96.689479851473877,40.735828067772651],[-96.689433112945409,40.737178264521056],[-96.689386371248105,40.738528460908256],[-96.689339626381724,40.739878656934216],[-96.689292878346009,40.741228852598951],[-96.687517699495942,40.741193281377207],[-96.687564483367396,40.739843087396494],[-96.685789343524803,40.739807490583516],[-96.685742523817879,40.741157682878899],[-96.68569570093652,40.742507874812929],[-96.685648874880513,40.743858066385563],[-96.683873630699111,40.743822437237441],[-96.683826765625668,40.745172626761899],[-96.682051488779308,40.745136968646818],[-96.682098389695028,40.743786780810467],[-96.680323151870709,40.743751097104798],[-96.67854791722857,40.743715386120556],[-96.676772685771041,40.74367964785791],[-96.676725677329969,40.745029830622222],[-96.674950413218156,40.744994063388013],[-96.674903365746076,40.746344244097287],[-96.673128068980517,40.746308447889042],[-96.671352775407314,40.746272624400234],[-96.66957748502891,40.74623677363099],[-96.66962464003069,40.744886598009437],[-96.667849388692233,40.744850721658388],[-96.667802197847735,40.746200895581453],[-96.66602691386619,40.746164990251771],[-96.666074140553206,40.744814818028487],[-96.664298895616,40.744778887119857],[-96.662523653883042,40.744742928932659],[-96.660748415356778,40.744706943467037],[-96.660701081143756,40.746057110583273],[-96.658925809985064,40.74602109613442],[-96.657150542038181,40.745985054406148],[-96.657197947933952,40.744634890701079],[-96.655422719042278,40.744598823401013],[-96.655375277305467,40.745948985398584],[-96.65360001578938,40.745912889111864],[-96.653552534992755,40.747263049038025],[-96.651777240852795,40.747226923762142],[-96.651824757492363,40.74587676554615],[-96.650049502416806,40.745840614701564],[-96.650001949934548,40.747190771206107],[-96.649954394228132,40.748540927347904],[-96.649906835297301,40.749891083126933],[-96.648131475911029,40.74985489986522],[-96.648083877905833,40.751205053568526],[-96.646308485897137,40.75116884131014],[-96.646356119751815,40.749818689321067],[-96.64640375037699,40.748468536969064],[-96.646451377772919,40.747118384254172],[-96.644676096534383,40.747082149858564],[-96.644628433294088,40.74843230085807],[-96.642853119442847,40.748396037466193],[-96.642805417124308,40.749746186385984],[-96.641030070660861,40.749709893995366],[-96.641077808825713,40.748359746793604],[-96.641125543754043,40.74700959922874],[-96.639350272217072,40.74697328299483],[-96.639398039750319,40.745623136786044],[-96.637622807293013,40.745586794993471],[-96.637670607426358,40.744236650141936],[-96.639445804045124,40.744272990214121],[-96.639493565101745,40.742922843279032],[-96.637718404319074,40.742886504927192],[-96.637766197971416,40.741536359349226],[-96.63599107626257,40.74149999544381],[-96.636038902505788,40.74014985122411],[-96.637813988383627,40.74018621340803],[-96.637861775555947,40.738836067103648],[-96.639636828844814,40.738872400294881],[-96.639684576951112,40.73752225190723],[-96.641459597650524,40.737558556108283],[-96.643234621584483,40.737594833039068],[-96.643282294805076,40.736244680852153],[-96.643329964793807,40.734894528302284],[-96.645104920312818,40.734930774530476],[-96.645057286146397,40.736280928796418],[-96.646832280717163,40.736317149471425],[-96.648607278514959,40.73635334287701],[-96.648559712769327,40.737703500208426],[-96.650334749617173,40.737739668056726],[-96.65038227953734,40.736389509013065],[-96.652157283781889,40.736425647879415],[-96.652204774656568,40.735075486762128],[-96.65397974629731,40.735111596649034],[-96.653932291246178,40.73646175947593],[-96.65388483297771,40.737811921940263],[-96.65565987948554,40.737848007975188],[-96.655707301927777,40.736497843802475],[-96.657482315824296,40.736533900858902],[-96.659257332933265,40.736569930645054],[-96.659304680512278,40.735219762697049],[-96.661079665006767,40.735255763508341],[-96.661032353252295,40.736605933160789],[-96.662807376778957,40.736641908406],[-96.664582403510821,40.736677856380503],[-96.666357433445441,40.736713777084169],[-96.666404637724824,40.735363602326082],[-96.668179635034292,40.735399494059465],[-96.668132466580431,40.736749670516858],[-96.669907502913361,40.736785536678426],[-96.671682542441772,40.736821375568731],[-96.671729639243836,40.735471195716613],[-96.673504646139079,40.735507005640081],[-96.675279656224745,40.735542788293287],[-96.675232631075417,40.736892971534978],[-96.677007680175819,40.736928728610643],[-96.677054669498375,40.735578543676098],[-96.677101655635354,40.734228358379873],[-96.678876636270004,40.734264084800657],[-96.678923583399524,40.732913897451326],[-96.680698531394668,40.732949594912562],[-96.680745439521573,40.73159940551156],[-96.678970527346394,40.731563709740385],[-96.679017468110871,40.730213521667871],[-96.677242594935407,40.730177800321165],[-96.677289568332583,40.728827613578282],[-96.679064405693182,40.728863333233747],[-96.67911134009357,40.727513144438042],[-96.679158271312289,40.726162955280763],[-96.679205199349582,40.724812765761897],[-96.68097993246127,40.724848453083723],[-96.681026821511949,40.723498261513633],[-96.682801521996723,40.72353391988657],[-96.682754668751727,40.724884113145031],[-96.682707812330378,40.726234306042066],[-96.684482587605515,40.726269940529882],[-96.686257366054789,40.726305547755608],[-96.688032147675827,40.72634112771911],[-96.687985395510907,40.727691325312513],[-96.687938640176441,40.729041522544676],[-96.687891881672172,40.730391719415572],[-96.686116992610124,40.73035613439793],[-96.686070195117296,40.731706329222746]],[[-96.650097051675175,40.744490457834274],[-96.648321835663566,40.744454281423643],[-96.648274250565166,40.745804436578261],[-96.650049502416806,40.745840614701564],[-96.650097051675175,40.744490457834274]],[[-96.673457585163263,40.736857187187631],[-96.673410520996811,40.738207368373352],[-96.675185602737898,40.73824315441491],[-96.675232631075417,40.736892971534978],[-96.673457585163263,40.736857187187631]],[[-96.682473482570032,40.732985265105548],[-96.684248436923198,40.733020908030156],[-96.684295273409433,40.731670715252868],[-96.682520354876729,40.731635074015763],[-96.682473482570032,40.732985265105548]],[[-96.646499001939844,40.745768231176399],[-96.64654662287802,40.744418077735723],[-96.644771413320981,40.744381846770679],[-96.642996206994866,40.744345588528631],[-96.642948514377878,40.745695738537513],[-96.644723756543272,40.745731998496098],[-96.646499001939844,40.745768231176399]],[[-96.646641855069106,40.741717769765756],[-96.648416996182362,40.741753970025947],[-96.64846457160327,40.740403813782905],[-96.646689466322513,40.740367615236451],[-96.644914364269525,40.740331389416738],[-96.643139265446706,40.740295136323901],[-96.643091582529038,40.741645287421811],[-96.644866717183859,40.741681542230999],[-96.646641855069106,40.741717769765756]],[[-96.651967288083213,40.741826288722095],[-96.653742438865947,40.74186240715774],[-96.65378990678785,40.740512245781169],[-96.652014791838369,40.740476129055402],[-96.651967288083213,40.741826288722095]]],[[[-96.681103146585656,40.82348300053436],[-96.681150196362879,40.822132831984277],[-96.682927523425462,40.822168559078875],[-96.682880509631744,40.823518729319687],[-96.681103146585656,40.82348300053436]]],[[[-96.68269242256099,40.828919406665513],[-96.680914915556528,40.828883671116607],[-96.680961978102346,40.827533504013772],[-96.682739449113555,40.827569237871678],[-96.68269242256099,40.828919406665513]]],[[[-96.652982514257204,40.763464939865742],[-96.654758241924057,40.76350105837308],[-96.654710755131987,40.764851215294449],[-96.652934991590399,40.76481509507736],[-96.65115923127135,40.764778947563194],[-96.649383474177228,40.764742772752122],[-96.647607720310475,40.764706570644265],[-96.647655350600019,40.763356420569657],[-96.647702977660003,40.762006270132154],[-96.647750601490685,40.760656119331763],[-96.649526247742727,40.760692316298943],[-96.649478659781181,40.762042468812822],[-96.65125434512926,40.762078640199306],[-96.651206789812647,40.763428794062627],[-96.652982514257204,40.763464939865742]]],[[[-96.654710755131987,40.764851215294449],[-96.65648652189364,40.764887308214341],[-96.656439067758896,40.766237466481613],[-96.654663265119822,40.766201371853185],[-96.654710755131987,40.764851215294449]]],[[[-96.658167452143331,40.767623693423417],[-96.656391610406246,40.767587624386316],[-96.656439067758896,40.766237466481613],[-96.65821487361589,40.7662735338114],[-96.658167452143331,40.767623693423417]]],[[[-96.661624436206097,40.77039607455567],[-96.659848516271538,40.770360056709201],[-96.659895908290622,40.769009896116039],[-96.661671792339732,40.769045912257646],[-96.661624436206097,40.77039607455567]]],[[[-96.660534358295976,40.801449707380002],[-96.660486925021402,40.802799860979142],[-96.658710143107243,40.802763802195386],[-96.658757612325601,40.801413650302749],[-96.660534358295976,40.801449707380002]]],[[[-96.654252694985871,40.828344354739265],[-96.652475239358054,40.828308181444349],[-96.652522877762323,40.826958041573285],[-96.652570512935085,40.825607901339303],[-96.654347896586742,40.825644071210938],[-96.654300297400837,40.826994213156517],[-96.654252694985871,40.828344354739265]]],[[[-96.657807615927027,40.82841661925481],[-96.656030153843005,40.82838050067614],[-96.656077720268428,40.827030357383002],[-96.657855146362664,40.827066474252582],[-96.657807615927027,40.82841661925481]]],[[[-96.64088683674467,40.753760333421944],[-96.640839085631242,40.755110479171215],[-96.642614575504197,40.755146778434657],[-96.642566857011431,40.75649692553916],[-96.640791331280042,40.756460624557356],[-96.640743573690827,40.757810769580338],[-96.640695812863342,40.759160914240191],[-96.64064804879736,40.760511058536878],[-96.642423682118604,40.760547364674238],[-96.644199318676201,40.760583643519276],[-96.644151623107987,40.761933790888804],[-96.642375950681995,40.761897510326413],[-96.640600281492581,40.761861202470399],[-96.640552510948822,40.763211346040762],[-96.640504737165784,40.76456148924796],[-96.64045696014324,40.765911632091964],[-96.638681186574587,40.765875291782244],[-96.638633370434675,40.767225432542851],[-96.640409179880933,40.767261774572788],[-96.640361396378623,40.768611916690418],[-96.640313609636053,40.769962058444861],[-96.642089494085312,40.769998376614218],[-96.642041739987377,40.771348519724576],[-96.641993982651115,40.77269866247179],[-96.643769942111675,40.772734956775544],[-96.643722217427069,40.774085100877592],[-96.645498216014275,40.774121369593949],[-96.645450523986213,40.775471515049659],[-96.643674489506097,40.775435244616553],[-96.641898458262617,40.775398946876784],[-96.641946222076285,40.774048804855866],[-96.640170229964312,40.774012481528899],[-96.640218026429139,40.772662340864102],[-96.638442073448189,40.772625991952609],[-96.638489902559328,40.771275852645083],[-96.636713988708863,40.771239478151728],[-96.636761850461482,40.769889340202624],[-96.638537728427295,40.769925712974278],[-96.63858555105233,40.7685755729402],[-96.636809708968727,40.768539201890192],[-96.636857564230851,40.767189063214424],[-96.636905416248126,40.765838924175327],[-96.636953265020779,40.764488784772894],[-96.637001110549065,40.763138645007153],[-96.63704895283324,40.761788504878098],[-96.637096791873546,40.760438364385742],[-96.637144627670239,40.7590882235301],[-96.638920218646319,40.759124582530518],[-96.638968015336843,40.757774439590477],[-96.639015808786681,40.756424296287221],[-96.637240289533764,40.756387940728914],[-96.635464773523708,40.756351557882581],[-96.635512635448734,40.755001417659322],[-96.637288115601095,40.755037798783391],[-96.637335938425807,40.753687656474611],[-96.637383758008156,40.752337513802551],[-96.639159169694523,40.752373864198191],[-96.639206950184075,40.751023719442124],[-96.639254727434192,40.749673574322884],[-96.641030070660861,40.749709893995366],[-96.640982329259231,40.751060040834005],[-96.64275771157142,40.751096334942737],[-96.642710002783943,40.752446483136431],[-96.640934584620595,40.752410187309536],[-96.64088683674467,40.753760333421944]]],[[[-96.649668992268587,40.756641856580416],[-96.649621413986182,40.757992010182726],[-96.647845839465134,40.757955816642323],[-96.647893453609413,40.756605664753287],[-96.647941064525355,40.7552555125014],[-96.647988672213245,40.753905359886623],[-96.648036276673324,40.752555206909001],[-96.649811707761486,40.752591393596674],[-96.649764139155991,40.753941548287379],[-96.651539609324118,40.753977709401667],[-96.651492073350482,40.755327865441451],[-96.651444534153654,40.756678021118489],[-96.649668992268587,40.756641856580416]]],[[[-96.64443774801363,40.753832901226332],[-96.642662290761606,40.753796630967074],[-96.642710002783943,40.752446483136431],[-96.644485424182122,40.752482751678741],[-96.64443774801363,40.753832901226332]]],[[[-96.646165564953662,40.755219295099891],[-96.644390068612481,40.755183050410935],[-96.64443774801363,40.753832901226332],[-96.64621320849831,40.753869144199562],[-96.646165564953662,40.755219295099891]]],[[[-96.651349446089355,40.759378331384383],[-96.649573832477657,40.759342163422247],[-96.649621413986182,40.757992010182726],[-96.651396991733364,40.758028176432809],[-96.651349446089355,40.759378331384383]]],[[[-96.647274217835431,40.774157611004775],[-96.645498216014275,40.774121369593949],[-96.645545904808372,40.772771223775209],[-96.647321870738779,40.772807463470642],[-96.647274217835431,40.774157611004775]]],[[[-96.646797511026321,40.78765906638295],[-96.645021150164098,40.78762280781438],[-96.64506887130905,40.786272665626086],[-96.646845196256237,40.786308922478582],[-96.646797511026321,40.78765906638295]]],[[[-96.650207382877198,40.791781941384983],[-96.648430907788153,40.791745732312783],[-96.648478566798303,40.790395587782463],[-96.650255005964524,40.790431795140961],[-96.650207382877198,40.791781941384983]]],[[[-96.646606737763946,40.793059638370295],[-96.64655903636141,40.794409780459553],[-96.644782495887497,40.794373513309537],[-96.644734755320087,40.795723653319257],[-96.644687011514719,40.797073792965875],[-96.646463623850323,40.797110063548956],[-96.646415912741247,40.798460204549087],[-96.644639264471152,40.798423932249364],[-96.644591514189131,40.799774071169729],[-96.644543760668427,40.801124209726972],[-96.646320480814808,40.801160485460144],[-96.646272759996933,40.802510625371077],[-96.646225035942308,40.80386076491893],[-96.646177308650678,40.805210904103696],[-96.644400480671607,40.805174623219784],[-96.642623655932255,40.805138315000654],[-96.64084683443501,40.805101979446455],[-96.640894669565867,40.803751845416485],[-96.640942501452429,40.802401711023244],[-96.639165755089138,40.802365351575745],[-96.639117887259104,40.803715484248208],[-96.637341108199081,40.803679095746439],[-96.635564332388228,40.803642679911306],[-96.633787559828988,40.803606236742979],[-96.633739580915986,40.804956363881786],[-96.631962775665869,40.804919891654379],[-96.630185973672496,40.804883392092762],[-96.63013791961076,40.806233515414533],[-96.628361084929693,40.806196986790184],[-96.628312991659271,40.807547108019499],[-96.628264895126776,40.808897228885023],[-96.630041801708828,40.808933760966923],[-96.629993737868105,40.810283883197513],[-96.629945670767228,40.811634005064391],[-96.628168692274471,40.811597469524663],[-96.628120585954179,40.812947589298787],[-96.629897600405954,40.812984126567535],[-96.629849526784014,40.814334247706903],[-96.628072476370789,40.814297708709084],[-96.626295429220917,40.814261142368302],[-96.6263435747655,40.812911024688376],[-96.624566566842361,40.81287443273645],[-96.62461474507991,40.81152431642424],[-96.622837776382994,40.81148769886385],[-96.621060810956223,40.811451053963488],[-96.621109057837444,40.810100940754268],[-96.619332131638572,40.810064270249541],[-96.619380411200368,40.808714158411583],[-96.619428687487641,40.807364046209486],[-96.619476960500648,40.80601393364325],[-96.61952523023966,40.804663820712868],[-96.619573496704916,40.803313707418376],[-96.617796753519627,40.803277018257745],[-96.617845052651859,40.80192690633541],[-96.617893348508389,40.800576794048887],[-96.61967001981516,40.800613479737024],[-96.619718276460659,40.799263365350185],[-96.621494915104591,40.799300021974176],[-96.62154313254392,40.797949905488458],[-96.623319738524486,40.797986533050768],[-96.623367916762504,40.796636414467606],[-96.623416091733148,40.795286295520491],[-96.623464263436645,40.793936176209435],[-96.625240764897669,40.793972771248548],[-96.627017269623138,40.794009338964365],[-96.626969169773147,40.795359461738116],[-96.628745713687763,40.795396003859906],[-96.628793777610625,40.794045879356744],[-96.630570288857697,40.794082392425551],[-96.632346803361912,40.794118878170615],[-96.632394792175049,40.792768749848932],[-96.634171274008537,40.792805206544664],[-96.634123321120867,40.794155336591821],[-96.63589984213209,40.794191767688993],[-96.635851921920263,40.795541899096875],[-96.637628482109747,40.795578304592837],[-96.63940504554688,40.795614682763208],[-96.639452893901705,40.794264547910714],[-96.639500739011524,40.792914412694905],[-96.641277233838593,40.792950760098861],[-96.641229424655222,40.794300897034965],[-96.643005958651301,40.794337218834613],[-96.643053731907969,40.792987080179493],[-96.643101501924761,40.791636941161201],[-96.644877967309498,40.79167323220075],[-96.644830233217235,40.793023372936688],[-96.646606737763946,40.793059638370295]]],[[[-96.638686930655396,40.815866661948576],[-96.638639030346681,40.817216790987182],[-96.636861891720557,40.817180385260869],[-96.636909827996831,40.815830257945031],[-96.636957761021677,40.8144801302657],[-96.638734827715112,40.814516532546548],[-96.638686930655396,40.815866661948576]]],[[[-96.624518385336827,40.814224548684713],[-96.622741344720964,40.814187927658445],[-96.62278956218718,40.812837813443153],[-96.624566566842361,40.81287443273645],[-96.624518385336827,40.814224548684713]]],[[[-96.626247280410553,40.815611259684317],[-96.624470200563096,40.815574664268986],[-96.624518385336827,40.814224548684713],[-96.626295429220917,40.814261142368302],[-96.626247280410553,40.815611259684317]]]]}},
{"type":"Feature","properties":{"band":60},"geometry":{"type":"MultiPolygon","coordinates":[[[[-96.717530744672658,40.798538476705041],[-96.717484471145511,40.799888685311302],[-96.715707695332341,40.799853506279071],[-96.715661382719759,40.801203712859945],[-96.717438194479683,40.801238893557219],[-96.717391914674891,40.80258910144277],[-96.71561506696581,40.802553919080403],[-96.71556874807024,40.803904124940431],[-96.715522426032805,40.805254330440022],[-96.715476100853294,40.806604535579147],[-96.715429772531422,40.807954740357836],[-96.717206764061544,40.807989929381257],[-96.71898375873181,40.808025091062333],[-96.719030015135615,40.806674882954212],[-96.720806976984221,40.806710015630038],[-96.720760756539804,40.808060225400943],[-96.722537757483067,40.808095332396945],[-96.722491569865454,40.809445543469138],[-96.722445379114745,40.810795754181143],[-96.724222455117911,40.810830837154967],[-96.725999534251969,40.810865892783326],[-96.726045653072958,40.80951567875195],[-96.72782269937025,40.809550705376935],[-96.72777661651449,40.810900921066043],[-96.729553701903043,40.810935922003019],[-96.729599748793319,40.809585704657465],[-96.731376801339735,40.809620676593376],[-96.733153857007068,40.809655621184568],[-96.734930915792859,40.809690538430857],[-96.736707977694721,40.809725428332136],[-96.738485042710167,40.809760290888249],[-96.740262110836795,40.809795126099083],[-96.740216279744359,40.811145353356189],[-96.740170445542944,40.812495580253746],[-96.741947588715036,40.812530391414008],[-96.741993386946859,40.811180162868972],[-96.743770497255909,40.811214945034891],[-96.743724734993904,40.812565175226091],[-96.74550188437712,40.812599931689888],[-96.745456154983259,40.813950163166645],[-96.74723334344111,40.813984893925657],[-96.747279036862238,40.812634660805251],[-96.749056192446815,40.812669362572038],[-96.750833351128449,40.812704036990105],[-96.752610512904681,40.812738684059333],[-96.752564927403199,40.814088922102947],[-96.75434212824527,40.814123543461669],[-96.756119332177335,40.814158137469974],[-96.756073815535927,40.815508378430316],[-96.756028295806757,40.816858619031692],[-96.75425101991955,40.816824021748808],[-96.752473747122778,40.81678939711292],[-96.750696477418899,40.816754745124165],[-96.750650846658729,40.818104980450514],[-96.748873544069639,40.81807029946777],[-96.747096244578543,40.818035591131135],[-96.747050538757151,40.819385822814354],[-96.745273206383999,40.819351085480065],[-96.745318948187872,40.818000855440758],[-96.743541654900071,40.817966092396773],[-96.743495877113958,40.819316320790861],[-96.741718550949443,40.819281528746899],[-96.741764364717554,40.817931301999316],[-96.73998707764278,40.817896484248529],[-96.739941227892913,40.81924670934832],[-96.738163907946785,40.819211862595246],[-96.738209793678195,40.81786163914456],[-96.736432512826184,40.817826766687517],[-96.736478431423819,40.816476544527511],[-96.734701189665486,40.816441646369178],[-96.734655235089249,40.817791866877577],[-96.732877960469779,40.817756939714847],[-96.732923951024375,40.816406720859362],[-96.731146715502959,40.816371767998191],[-96.729369483103653,40.816336787785829],[-96.727592253828888,40.816301780222389],[-96.727546155340619,40.817651994111415],[-96.725768893215431,40.817616957538974],[-96.725722755620112,40.818967169409838],[-96.723945460644998,40.818932103825894],[-96.722168168802199,40.818897010888712],[-96.720390880094186,40.818861890598434],[-96.71861359452339,40.818826742955196],[-96.716836312092241,40.81879156795916],[-96.716882629583154,40.817441364398377],[-96.715105386272469,40.817406163715553],[-96.715059032803183,40.818756365610419],[-96.713281756658631,40.818721135909158],[-96.713328146106079,40.817370935681481],[-96.713374532406817,40.816020735093232],[-96.713420915561088,40.814670534144433],[-96.715198083778503,40.814705758844319],[-96.715244427815691,40.813355555867965],[-96.713467295569131,40.813320332835069],[-96.713513672431191,40.811970131165154],[-96.713560046147506,40.81061992913471],[-96.715337106459685,40.810655148833838],[-96.717114169914936,40.810690341188192],[-96.717160468558447,40.809340135464915],[-96.715383441066976,40.809304944776066],[-96.713606416718321,40.809269726743736],[-96.71182939551494,40.809234481368051],[-96.711875798901346,40.807884280284554],[-96.711922199140318,40.806534078840471],[-96.713699148424411,40.806569320880193],[-96.713745509560169,40.805219117407646],[-96.713791867551393,40.803868913574576],[-96.712014990176854,40.803833674870553],[-96.710238115949025,40.803798408828477],[-96.710284542697963,40.802448207971707],[-96.710330966297988,40.801098006754287],[-96.710377386749329,40.799747805176253],[-96.71215415313182,40.799783066211404],[-96.71220053449116,40.798432862603896],[-96.710423804052255,40.798397603237589],[-96.708647076761551,40.798362316538544],[-96.708693526857175,40.797012115909332],[-96.708739973802437,40.795661914919449],[-96.708786417597551,40.794311713568888],[-96.708832858242772,40.792961511857676],[-96.707056277850739,40.792926204511062],[-96.707102751277233,40.791576004110269],[-96.705326209967993,40.791540671108763],[-96.705372716170899,40.790190472019567],[-96.705419219219777,40.788840272569601],[-96.705465719114855,40.787490072758835],[-96.705512215856402,40.78613987258732],[-96.703735821398908,40.786104518953977],[-96.703782350905428,40.784754320095026],[-96.705558709444631,40.784789672055041],[-96.705605199879813,40.783439471161998],[-96.703828877256456,40.783404120875268],[-96.703875400452233,40.782053921294683],[-96.703921920493002,40.780703721353277],[-96.70396843737899,40.779353521051085],[-96.70401495111048,40.778003320388081],[-96.702238775280534,40.777967949480967],[-96.702192225643159,40.77931814846967],[-96.702145672848829,40.780668347097517],[-96.702099116897315,40.782018545364473],[-96.702052557788349,40.783368743270579],[-96.700276241477937,40.783333338348051],[-96.700229643295913,40.784683534217407],[-96.702005995521716,40.784718940815772],[-96.701959430097133,40.786069138000094],[-96.700183041953537,40.786033729725808],[-96.700136437450567,40.787383924873239],[-96.698360016547582,40.787348487601413],[-96.698406656970548,40.785998294131254],[-96.696630275150582,40.785962831216573],[-96.696583598807877,40.787313023008167],[-96.694807184233866,40.787277531093658],[-96.693030772827996,40.787242011858005],[-96.693077521009485,40.785891823427434],[-96.694853896496085,40.785927340981921],[-96.694900605590405,40.784577150509037],[-96.694947311517083,40.783226959674998],[-96.694994014276361,40.78187676847979],[-96.696770285186915,40.781912253675266],[-96.696816948869255,40.78056206043933],[-96.69686360938708,40.779211866842324],[-96.696910266740673,40.777861672884235],[-96.696956920930262,40.776511478565105],[-96.697003571956088,40.775161283884898],[-96.697050219818408,40.773811088843658],[-96.698826278470023,40.773846536654219],[-96.698872887273623,40.77249633957404],[-96.700648913190378,40.772531758399495],[-96.70069548294012,40.7711815592818],[-96.698919492916616,40.771146142132885],[-96.697143506053465,40.77111069767804],[-96.695367522353095,40.771075225917428],[-96.695414196616667,40.769725031472142],[-96.693638251971606,40.769689534086226],[-96.693684958957874,40.768339340960104],[-96.695460867715269,40.768374836665728],[-96.695507535649128,40.76702464149826],[-96.693731662776997,40.766989147472842],[-96.69195579307177,40.766953626145799],[-96.692002529606526,40.765603433978811],[-96.692049262972191,40.764253241450618],[-96.693825060914705,40.76428875941486],[-96.693871755233815,40.762938564844163],[-96.692095993169019,40.76290304856122],[-96.692142720197211,40.761552855310647],[-96.692189444057036,40.760202661698862],[-96.692236164748749,40.758852467725902],[-96.694011819194984,40.75888797896534],[-96.694058500850815,40.757537782950152],[-96.694105179341435,40.756187586573873],[-96.692329596628767,40.756152078696438],[-96.6905540170835,40.756116543527831],[-96.690600764135212,40.754766350153531],[-96.692376307817568,40.754801883639942],[-96.692423015839211,40.753451688222306],[-96.694198526828004,40.753487192738007],[-96.69597404098127,40.753522669965001],[-96.696020674119183,40.752172470825961],[-96.69779615557573,40.752207919085905],[-96.697842749695468,40.750857717907742],[-96.69606730409528,40.750822271325909],[-96.694291861656652,40.750786797457799],[-96.694338524324863,40.749436599276081],[-96.696113930909803,40.749472071464844],[-96.696160554563008,40.74812187124278],[-96.697935928457767,40.748157314468578],[-96.697982513100825,40.746807112207598],[-96.696207175055136,40.746771670659712],[-96.696253792386415,40.745421469715659],[-96.6963004065571,40.744071268410636],[-96.696347017567433,40.742721066744622],[-96.696393625417656,40.741370864717638],[-96.694618433903884,40.74133540260349],[-96.69466507443093,40.73998520189442],[-96.692889921915906,40.739949714183318],[-96.691114772565371,40.739914199196541],[-96.691068060365623,40.741264396544004],[-96.689292878346009,40.741228852598951],[-96.689339626381724,40.739878656934216],[-96.689386371248105,40.738528460908256],[-96.689433112945409,40.737178264521056],[-96.689479851473877,40.735828067772651],[-96.69125489016416,40.735863604987152],[-96.691208187464383,40.737213803418108],[-96.692983265149763,40.737249315042185],[-96.693029932020593,40.735899114929992],[-96.694804977040775,40.735934597601009],[-96.694851604921112,40.734584395447847],[-96.696626617275612,40.734619849168318],[-96.69667320617026,40.733269644975614],[-96.696719791906503,40.731919440421983],[-96.698494735772442,40.731954863517217],[-96.698541282530542,40.730604656925536],[-96.696766374484582,40.730569235507431],[-96.694991469596545,40.730533786822363],[-96.694944851198741,40.73188399005852],[-96.693169913651573,40.731848512426971],[-96.693216567868859,40.730498310870516],[-96.693263218923391,40.729148108953005],[-96.693309866815397,40.727797906674454],[-96.6915350398817,40.727762406817696],[-96.689760216112745,40.727726879697002],[-96.687985395510907,40.727691325312513],[-96.688032147675827,40.72634112771911],[-96.689806932466169,40.726376680420245],[-96.68985364565269,40.725026480782304],[-96.691628397800613,40.725062004538941],[-96.693403153112754,40.725097501034199],[-96.693449791518617,40.723747297672539],[-96.693496426762906,40.722397093949844],[-96.695271113624528,40.722432559824973],[-96.695224514185185,40.723782765226936],[-96.696999240010896,40.723818205520999],[-96.697045803645054,40.722467998441019],[-96.698820496822023,40.722503409797881],[-96.698773968993322,40.723853618554564],[-96.700548701130032,40.723889004327489],[-96.702323436418624,40.723924362839639],[-96.702276977052051,40.725274574585185],[-96.702230514535813,40.726624785970053],[-96.70218404886964,40.727974996994213],[-96.703958894740694,40.728010333264379],[-96.703912461740202,40.72936054560094],[-96.703866025591736,40.730710757576851],[-96.705640946245154,40.730746069925807],[-96.70559454276939,40.732096283213039],[-96.70554813614757,40.733446496139671],[-96.707323131591593,40.733481784562372],[-96.707276757649524,40.734831998799208],[-96.707230380563345,40.736182212675502],[-96.707184000332802,40.737532426191258],[-96.707137616957681,40.738882639346471],[-96.707091230437712,40.740232852141126],[-96.707044840772681,40.741583064575217],[-96.70699844796232,40.742933276648742],[-96.706952052006415,40.744283488361702],[-96.708727337272407,40.744318762872005],[-96.708680974016389,40.745668975894418],[-96.70863460761673,40.747019188556322],[-96.708588238073219,40.748369400857698],[-96.708541865385612,40.749719612798565],[-96.706766436722347,40.749684331607682],[-96.706720025035025,40.751034541517697],[-96.704944563663375,40.750999231369406],[-96.704898112971478,40.752349439247126],[-96.706673610200681,40.752384751067098],[-96.708449110577121,40.752420035598647],[-96.708402728455766,40.75377024645789],[-96.706627192219088,40.753734960255883],[-96.706580771090003,40.755085169084062],[-96.708356343189351,40.755120456956554],[-96.708309954777633,40.756470667094689],[-96.706534346813186,40.756435377551611],[-96.704758741996727,40.756400060716231],[-96.702983140330687,40.75636471658872],[-96.702936641171576,40.75771492135047],[-96.702890138859416,40.759065125751455],[-96.70466581226195,40.75910047322548],[-96.704619342668352,40.760450678939058],[-96.704572869923609,40.761800884291894],[-96.702797124774875,40.761765533471085],[-96.702750613002024,40.763115736789722],[-96.704526394027525,40.763151089284023],[-96.7044799149798,40.764501293915423],[-96.704433432780206,40.765851498186095],[-96.704386947428546,40.767201702096017],[-96.70434045892452,40.768551905645197],[-96.70429396726793,40.76990210883362],[-96.704247472458505,40.771252311661307],[-96.706023471948498,40.771287646891615],[-96.705977009879987,40.772637851031185],[-96.707753048414858,40.772673160626397],[-96.707706619092122,40.774023366076712],[-96.7076601866207,40.775373571166377],[-96.705884076290076,40.775338258228224],[-96.705837604768206,40.77668846128568],[-96.70579113009471,40.7780386639824],[-96.707567312230793,40.778073980263791],[-96.707520870311825,40.779424184271491],[-96.709297091503942,40.779459474910219],[-96.709250682344376,40.780809680227769],[-96.711026942593008,40.780844945221176],[-96.710980566197691,40.782195151847375],[-96.709204270037304,40.78215988518469],[-96.709157854582543,40.783510089781025],[-96.70738152565599,40.783474794130626],[-96.70733507113691,40.784824996695633],[-96.709111435979821,40.784860294016717],[-96.709065014228898,40.786210497891808],[-96.710841418139026,40.786245769562676],[-96.71079502916109,40.787595974746658],[-96.710748637036914,40.788946179570075],[-96.710702241766242,40.790296384032906],[-96.710655843348846,40.79164658813518],[-96.710609441784442,40.792996791876845],[-96.712386028473347,40.79303204456847],[-96.714162618307043,40.793067269932386],[-96.714116285463376,40.794417476649329],[-96.714069949477107,40.795767683005792],[-96.715846614324249,40.795802884373913],[-96.715800311134345,40.797153092036041],[-96.715754004803784,40.79850329933776],[-96.717530744672658,40.798538476705041]],[[-96.727638349190158,40.814951565973324],[-96.725861159017356,40.814916532716964],[-96.725815027681108,40.81626674530802],[-96.727592253828888,40.816301780222389],[-96.727638349190158,40.814951565973324]],[[-96.695927404681314,40.754872868743021],[-96.697702957857842,40.754908320359391],[-96.697749558296607,40.753558119903126],[-96.69597404098127,40.753522669965001],[-96.695927404681314,40.754872868743021]],[[-96.695647520464803,40.762974053829339],[-96.695600862023653,40.764324250080058],[-96.697376666296591,40.764359713446062],[-96.69742328885954,40.763009515516629],[-96.695647520464803,40.762974053829339]]],[[[-96.757851058532111,40.815542946724022],[-96.757896539196906,40.81419270412772],[-96.756119332177335,40.814158137469974],[-96.756164845731206,40.812807896150659],[-96.75794201677661,40.812842461172515],[-96.757987491271464,40.811492217858429],[-96.759764629429782,40.811526753896331],[-96.759719190906893,40.812876998844956],[-96.761496368119595,40.812911509167876],[-96.761450962488922,40.814261755390987],[-96.759673749301584,40.814227243434765],[-96.759628304613628,40.815577487665749],[-96.757851058532111,40.815542946724022]]],[[[-96.772114306212387,40.814468252753194],[-96.772159495990266,40.813117996757327],[-96.773936694711722,40.813152315629637],[-96.773891540910128,40.814502573249761],[-96.772114306212387,40.814468252753194]]],[[[-96.712910527768258,40.829522724749616],[-96.711132966859694,40.829487454345688],[-96.711086513081085,40.830837649658953],[-96.711040056150907,40.832187844611518],[-96.710993596068903,40.83353803920339],[-96.709215930305561,40.833502736425544],[-96.709169431064595,40.834852928986145],[-96.70912292866889,40.836203121185946],[-96.709076423118191,40.837553313024983],[-96.709029914412284,40.838903504503229],[-96.707252107762145,40.838868167671173],[-96.707205559884329,40.840218357116491],[-96.708983402550899,40.840253695620682],[-96.70893688753381,40.841603886377335],[-96.708890369360745,40.842954076773196],[-96.708843848031492,40.844304266808223],[-96.708797323545795,40.84565445648245],[-96.708750795903427,40.847004645795856],[-96.708704265104117,40.84835483474842],[-96.706926206287804,40.848319486209995],[-96.706879636297842,40.849669673129121],[-96.706833063148011,40.851019859687341],[-96.705054935422382,40.850984480420614],[-96.70500832307431,40.852334664943896],[-96.70496170756347,40.85368484910618],[-96.704915088889607,40.855035032907473],[-96.704868467052478,40.856385216347761],[-96.703090198323167,40.856349802996448],[-96.703043537274851,40.857699984400149],[-96.702996873060357,40.859050165442767],[-96.701218535399747,40.859014721349688],[-96.699440200908015,40.858979249866252],[-96.697661869587606,40.858943750992616],[-96.695883541440978,40.858908224728893],[-96.695930349853413,40.857558050401877],[-96.69415206093187,40.85752249843037],[-96.692373775188713,40.857486919070354],[-96.692326894678772,40.858837090031813],[-96.690548576068082,40.858801481598725],[-96.688770260640922,40.858765845776148],[-96.688817213247376,40.857415678185433],[-96.687038937054098,40.857380016660791],[-96.685260664048968,40.85734432774823],[-96.685213639346983,40.858694491963021],[-96.685166611454122,40.860044655816061],[-96.68511958037017,40.861394819307328],[-96.683341202406126,40.861359097937076],[-96.681562827635872,40.861323349175287],[-96.681515721251372,40.862673508923294],[-96.681468611670383,40.864023668309393],[-96.679690167985456,40.863987888770765],[-96.679643019148642,40.865338046102117],[-96.677864542604013,40.865302237475547],[-96.676086069261231,40.865266401454001],[-96.676133290215546,40.863916247512194],[-96.677911727499691,40.863952081838328],[-96.677958909193791,40.862601925839051],[-96.67618050796581,40.862566093208265],[-96.67622772251228,40.86121593854223],[-96.676274933855197,40.859865783514067],[-96.674496607935566,40.859829926884125],[-96.672718285221691,40.85979404286465],[-96.670939965716002,40.859758131455806],[-96.670987282000695,40.858407981158749],[-96.669209001753501,40.858372044060992],[-96.667430724719154,40.858336079575423],[-96.667478109884044,40.856985932317876],[-96.665699872109897,40.856949942147509],[-96.665652450900055,40.858300087702226],[-96.663874180298663,40.858264068441507],[-96.662095912917422,40.858228021793416],[-96.660317648758777,40.858191947758108],[-96.660270116190603,40.859542087833837],[-96.658491819210596,40.859505984703368],[-96.656713525458315,40.859469854184667],[-96.656761130119008,40.858119717526392],[-96.654982875642773,40.858083561330282],[-96.654935234936204,40.859433696277875],[-96.653156947646693,40.85939751098315],[-96.651378663592212,40.859361298300627],[-96.651426376389807,40.858011166778255],[-96.649648131617937,40.857974928422628],[-96.649695877220978,40.856624798251694],[-96.651474085950142,40.856661034892838],[-96.651521792273513,40.855310902644362],[-96.65156949536015,40.853960770032849],[-96.651617195210292,40.852610637058305],[-96.653395299062254,40.852646841175215],[-96.653442959642987,40.851296706124728],[-96.651664891824211,40.851260503720724],[-96.651712585202134,40.849910370020133],[-96.65176027534433,40.848560235956505],[-96.649982282820076,40.84852400960083],[-96.648204293533752,40.848487755867993],[-96.6464263074878,40.848451474758136],[-96.644648324684667,40.848415166271415],[-96.644696155692316,40.847065038708564],[-96.646474102470592,40.847101345477405],[-96.646521894210821,40.845751215833459],[-96.646569682708758,40.844401085826313],[-96.644791807972894,40.844364782493024],[-96.643013936481523,40.844328451786893],[-96.643061793772233,40.842978324853192],[-96.641283961544843,40.842941968494628],[-96.641236068237077,40.84429209370807],[-96.639458203242029,40.844255708256682],[-96.637680341498765,40.844219295432886],[-96.63772830683989,40.842869173663857],[-96.635950484367171,40.842832735191926],[-96.635998482468139,40.84148261478343],[-96.637776268926999,40.841519051531286],[-96.637824227760362,40.84016892903518],[-96.639601981461283,40.840205336690637],[-96.63955405863959,40.841555460909454],[-96.641331851603496,40.841591842917801],[-96.643109647816274,40.841628197556162],[-96.643157498613874,40.840278069895795],[-96.644935262060656,40.840314395445219],[-96.644983073602091,40.838964265702785],[-96.646760804282408,40.839000562165765],[-96.646808576572553,40.83765043034267],[-96.64685634562187,40.836300298156438],[-96.648634007529594,40.836336563819444],[-96.648681737335181,40.83498642955405],[-96.650459366477605,40.835022666137007],[-96.650507057044351,40.833672529793922],[-96.650554744375924,40.832322393087821],[-96.648777187233037,40.832286159934021],[-96.648729463902924,40.833636294925583],[-96.646951873999114,40.833600032694441],[-96.646999633327511,40.832249899418713],[-96.645222082661817,40.832213611542066],[-96.64526987474602,40.830863479620255],[-96.643492363317932,40.830827166100732],[-96.641714855134268,40.830790825221449],[-96.639937350197471,40.830754456982532],[-96.638159848509986,40.83071806138414],[-96.638207781322379,40.829367935980002],[-96.636430318878567,40.829331514745718],[-96.634652859688686,40.829295066153541],[-96.632875403755165,40.829258590203594],[-96.631097951080463,40.82922208689606],[-96.629320501666982,40.829185556231032],[-96.629368611172794,40.827835439093271],[-96.627591201011228,40.827798882800778],[-96.625813794115544,40.827762299152404],[-96.625765612633515,40.829112412829176],[-96.623988173018375,40.829075800092646],[-96.624036390488129,40.827725688148313],[-96.624084604687141,40.82637557583994],[-96.625861972329275,40.826412185111685],[-96.627639343239423,40.826448767028992],[-96.629416717415182,40.826485321591697],[-96.631194094854138,40.826521848799679],[-96.632971475553816,40.826558348652767],[-96.634748859511802,40.826594821150842],[-96.636526246725651,40.826631266293745],[-96.638303637192934,40.826667684081336],[-96.640081030911205,40.826704074513451],[-96.64012891798501,40.825353946296964],[-96.638351560251593,40.825317557586793],[-96.638399480059519,40.823967430728793],[-96.636622161559018,40.82393101638764],[-96.634844846311452,40.823894574693746],[-96.634796854539431,40.825244698104093],[-96.633019506565574,40.825208227331856],[-96.631242161849741,40.825171729205877],[-96.631290225584863,40.823821609248355],[-96.629512920110699,40.823785085497143],[-96.629561016564324,40.822434966904147],[-96.629609109755521,40.82108484794739],[-96.627831879498572,40.821048300303097],[-96.627880005401224,40.819698182711981],[-96.629657199684544,40.819734728626841],[-96.629705286351665,40.818384608942516],[-96.629753369757111,40.8170344888944],[-96.627976247413699,40.8169979464382],[-96.62619912833415,40.816961376636456],[-96.626150972991454,40.818311493224691],[-96.624373821209957,40.818274894345663],[-96.624422012520895,40.81692477948932],[-96.622644899976336,40.816888154996917],[-96.622693123984106,40.81553804150969],[-96.622741344720964,40.814187927658445],[-96.624518385336827,40.814224548684713],[-96.624470200563096,40.815574664268986],[-96.626247280410553,40.815611259684317],[-96.626295429220917,40.814261142368302],[-96.628072476370789,40.814297708709084],[-96.629849526784014,40.814334247706903],[-96.629897600405954,40.812984126567535],[-96.628120585954179,40.812947589298787],[-96.628168692274471,40.811597469524663],[-96.629945670767228,40.811634005064391],[-96.629993737868105,40.810283883197513],[-96.630041801708828,40.808933760966923],[-96.628264895126776,40.808897228885023],[-96.628312991659271,40.807547108019499],[-96.628361084929693,40.806196986790184],[-96.63013791961076,40.806233515414533],[-96.631914757551243,40.806270016703529],[-96.633691598748683,40.806306490657029],[-96.633643613326839,40.807656617068673],[-96.633595624650212,40.809006743116754],[-96.635372541004699,40.809043193184408],[-96.637149460611781,40.809079615913681],[-96.638926383469041,40.809116011304447],[-96.640703309574064,40.809152379356547],[-96.640655461463467,40.810502511933294],[-96.640607610107295,40.811852644146711],[-96.642384611371838,40.811888988299749],[-96.644161615879739,40.811925305111245],[-96.645938623628595,40.811961594581057],[-96.647715634615949,40.811997856709063],[-96.64776334213731,40.81064771762378],[-96.649540320401414,40.810683950695072],[-96.649492648839384,40.8120340914951],[-96.649444974043718,40.813384231932147],[-96.651222027462794,40.813420441089569],[-96.651269666296443,40.81207029893902],[-96.651317301898914,40.810720156425546],[-96.653094286627351,40.810756334815061],[-96.654871274584323,40.810792485863466],[-96.656648265767373,40.810828609570635],[-96.656600738045128,40.812178757216678],[-96.658377768412407,40.812214855290712],[-96.660154802001145,40.812250926021925],[-96.660202257802013,40.810900774960615],[-96.661979258648714,40.810936816643164],[-96.662026675272159,40.809586663513684],[-96.66380364337634,40.809622676150077],[-96.663756262711772,40.810972830983886],[-96.665533269988742,40.811008817982639],[-96.665580614694193,40.809658661445781],[-96.667357589223272,40.809694619400688],[-96.667310280477196,40.811044777639282],[-96.667262968522067,40.812394935515599],[-96.669040018181619,40.812430869530509],[-96.669087294174687,40.811080709953671],[-96.670864311078802,40.811116614925666],[-96.67081707104802,40.812466776201738],[-96.67259412711887,40.81250265552913],[-96.674371186391681,40.812538507512542],[-96.674418354497121,40.811188342841895],[-96.676195381006465,40.811224165785845],[-96.67797241071267,40.811259961386824],[-96.677925314533553,40.812610129446895],[-96.679702383397753,40.812645899397531],[-96.681479455454166,40.812681642003632],[-96.683256530700419,40.812717357265051],[-96.68320953922526,40.81406753003786],[-96.68316254456245,40.815417702448968],[-96.684939694931913,40.815453393743546],[-96.686716848486824,40.815489057690563],[-96.68666992257954,40.816839233116866],[-96.68489273305282,40.816803567482047],[-96.684845767988037,40.818153740858911],[-96.684798799737322,40.819503913874129],[-96.683021541445839,40.819468217512068],[-96.68297453403008,40.820818388476347],[-96.682927523425462,40.822168559078875],[-96.684704853677133,40.822204258819617],[-96.684751828300449,40.82085408652771],[-96.686529125757232,40.82088975722634],[-96.686482187115473,40.822239931206312],[-96.688259523738054,40.822275576238873],[-96.690036863542417,40.82231119391713],[-96.691814206526132,40.822346784240928],[-96.693591552686755,40.822382347210151],[-96.695368902021883,40.822417882824652],[-96.695322140119558,40.823768064864353],[-96.697099528612185,40.823803574804373],[-96.69705279952548,40.825153758163268],[-96.69700606726866,40.826503941160951],[-96.698783530909878,40.82653942710305],[-96.700560997718981,40.826574885686128],[-96.702338467693551,40.826610316910049],[-96.702385091977888,40.825260128878561],[-96.70416252912419,40.825295531067809],[-96.704209114256855,40.823945341000034],[-96.704255696229424,40.82259515057136],[-96.706033064560259,40.822630522054531],[-96.707810436048547,40.822665866182014],[-96.707856942892505,40.821315672045991],[-96.709634281551033,40.821350987146346],[-96.711411623361883,40.821386274892006],[-96.711365188487633,40.822736472369279],[-96.713142569433558,40.82277173442877],[-96.713096167396827,40.824121933214137],[-96.714873587478337,40.824157169584822],[-96.714827218284029,40.825507369677126],[-96.714780845943977,40.82685756940888],[-96.713003353879373,40.826822329703084],[-96.711225864963154,40.826787062637145],[-96.711179417486974,40.828137258671759],[-96.712956942398151,40.828172527406657],[-96.712910527768258,40.829522724749616]],[[-96.665747290102274,40.855599796230273],[-96.663969091587816,40.855563780377757],[-96.663921637553187,40.856913924590913],[-96.665699872109897,40.856949942147509],[-96.665747290102274,40.855599796230273]],[[-96.667525491833942,40.855635784697874],[-96.669303696780389,40.855671745780406],[-96.671081904939157,40.855707679477732],[-96.671129211593438,40.854357528093786],[-96.67290738692131,40.854393432706928],[-96.672860116307831,40.855743585789696],[-96.674638330883937,40.855779464716178],[-96.676416548665046,40.855815316257015],[-96.676463747196209,40.854465159780496],[-96.676510942525042,40.853115002941898],[-96.678289091428098,40.853150823707132],[-96.678336247518217,40.851800664811655],[-96.678383400408947,40.850450505554171],[-96.678430550100529,40.849100345934694],[-96.680208594099838,40.849136134236289],[-96.680255704562938,40.847785972561525],[-96.678477696593205,40.847750185953231],[-96.678524839887231,40.846400025609789],[-96.676746871143052,40.846364213317884],[-96.67679404726313,40.845014054306937],[-96.678571979982877,40.845049864904382],[-96.678619116880355,40.843699703836982],[-96.676841220182638,40.843663894933933],[-96.676888389901777,40.842313735198921],[-96.67693555642083,40.840963575101874],[-96.678713381081835,40.840999380616324],[-96.678760508386333,40.839649218463066],[-96.680538300229813,40.839684994912936],[-96.68058538832463,40.838334830704902],[-96.678807632493644,40.838299055947871],[-96.678854753404039,40.836948893070733],[-96.680632473224975,40.836984666134995],[-96.680679554931046,40.835634501203224],[-96.678901871117773,40.835598729831659],[-96.677124190500919,40.83556293109357],[-96.67717134102314,40.834212769186486],[-96.67539369960987,40.834176944777234],[-96.675346513082928,40.835527104989097],[-96.675299323354693,40.836877264838904],[-96.675252130424894,40.838227424326632],[-96.673474384192005,40.838191567462715],[-96.673427152048632,40.83954172489166],[-96.671649373008464,40.839505838961053],[-96.669871597175216,40.839469925660623],[-96.66809382455132,40.839433984990507],[-96.666316055139234,40.839398016950838],[-96.664538288941387,40.839362021541781],[-96.664490873526219,40.840712170105284],[-96.664443454894112,40.842062318306297],[-96.662665619885061,40.842026292118824],[-96.662618162018205,40.843376438252655],[-96.660840294211397,40.843340382987513],[-96.660792797104889,40.844690527052734],[-96.660745296775843,40.846040670755293],[-96.658967360149816,40.846004584702591],[-96.657189426749042,40.845968471274581],[-96.655411496575937,40.845932330471427],[-96.655363884951569,40.847282468685052],[-96.655316270096847,40.848632606535809],[-96.6552686520115,40.849982744023691],[-96.655221030695316,40.851332881148693],[-96.655173406148023,40.852683017910806],[-96.656951516465128,40.852719167264922],[-96.656903924722599,40.85406930537453],[-96.658682074304991,40.854105429056141],[-96.6586345153721,40.855455568512106],[-96.660412704220292,40.855491666518517],[-96.662190896293012,40.855527737140463],[-96.662238383147525,40.854177594270034],[-96.664016542402777,40.85421363580204],[-96.665794704877442,40.85424964995056],[-96.665747290102274,40.855599796230273],[-96.667525491833942,40.855635784697874]],[[-96.641906278966729,40.825390307652818],[-96.641954126809537,40.824040177352344],[-96.640176801810497,40.824003817717077],[-96.64012891798501,40.825353946296964],[-96.641906278966729,40.825390307652818]],[[-96.631818711550778,40.808970265710876],[-96.631866736179617,40.80762014138903],[-96.630089862289623,40.807583638372584],[-96.630041801708828,40.808933760966923],[-96.631818711550778,40.808970265710876]],[[-96.681150196362879,40.822132831984277],[-96.681103146585656,40.82348300053436],[-96.682880509631744,40.823518729319687],[-96.682927523425462,40.822168559078875],[-96.681150196362879,40.822132831984277]],[[-96.699627127138356,40.853578536949378],[-96.699673850769443,40.852228357817168],[-96.697895699671449,40.852192867340591],[-96.697942456169599,40.850842689526388],[-96.696164344281058,40.850807173346716],[-96.696211133641384,40.8494569968517],[-96.694433060961799,40.849421454971598],[-96.694479883179426,40.84807127979694],[-96.692701849708328,40.848035712219051],[-96.692654991459179,40.849385885710745],[-96.69087692513591,40.849350289069314],[-96.690923819416369,40.848000117261876],[-96.689145792305979,40.847964494925542],[-96.689192719433478,40.846614324442065],[-96.687414731535469,40.846578676413486],[-96.687367768379588,40.847928845210198],[-96.687320802037263,40.849279013645244],[-96.685542745266773,40.849243334862905],[-96.683764691685411,40.849207628700526],[-96.683717650090614,40.850557793396248],[-96.685495739704734,40.850593501248113],[-96.685448730953325,40.851943667271605],[-96.687226859792275,40.85197934943043],[-96.687179883889115,40.853329516780526],[-96.68540171901229,40.853293832933367],[-96.685354703881387,40.854643998233385],[-96.687132904798545,40.85467968376895],[-96.688911108903369,40.854715341919167],[-96.688864162668125,40.856065510233094],[-96.690642406001444,40.85610114268372],[-96.692420652517811,40.856136747747421],[-96.694198902214765,40.856172325424062],[-96.695977155089892,40.856207875713508],[-96.696023957150643,40.8548577006638],[-96.696070756035937,40.853507525252766],[-96.697848940000739,40.853543044793525],[-96.697802177157257,40.854893221885199],[-96.699580400336899,40.854928715720405],[-96.699627127138356,40.853578536949378]],[[-96.687461691505149,40.845228507255143],[-96.685683742819009,40.845192833536984],[-96.683905797321287,40.845157132442694],[-96.683858765300485,40.846507298223742],[-96.685636746823647,40.846543001007333],[-96.687414731535469,40.846578676413486],[-96.687461691505149,40.845228507255143]],[[-96.696725607142099,40.834605031561445],[-96.696772358424624,40.833254850731109],[-96.694994717965528,40.833219329026512],[-96.695041502079008,40.831869149515803],[-96.695088283018734,40.830518969643769],[-96.695135060784949,40.82916878941046],[-96.693357531499359,40.829133245386892],[-96.693310717735756,40.830483423938198],[-96.691533155628704,40.830447850870144],[-96.691486302689555,40.831798027376713],[-96.689708707761554,40.831762425261651],[-96.687931116014624,40.831726795783091],[-96.687884187893502,40.833076968557457],[-96.686106563328778,40.833041310028229],[-96.686059596020158,40.834391480753638],[-96.686012625525123,40.835741651117395],[-96.685965651843404,40.8370918211195],[-96.687743384426639,40.837127484711097],[-96.689521120194371,40.837163120934164],[-96.689474215348071,40.838513293948488],[-96.687696443569038,40.838477656039117],[-96.6876494995267,40.839827827005543],[-96.689427307319477,40.83986346660128],[-96.691205118294775,40.839899078825766],[-96.692982932450164,40.839934663678847],[-96.694760749783228,40.839970221160414],[-96.694807549769166,40.838620043456281],[-96.696585334262736,40.838655571884985],[-96.696632095061403,40.83730539213839],[-96.698409846714995,40.837340891516718],[-96.698456568331281,40.835990709729117],[-96.698503286777964,40.834640527580319],[-96.696725607142099,40.834605031561445]],[[-96.685871694918916,40.839792160038698],[-96.685824711675679,40.841142328955797],[-96.687602552299396,40.841177997610373],[-96.6876494995267,40.839827827005543],[-96.685871694918916,40.839792160038698]],[[-96.703183510922145,40.853649439105851],[-96.703230162473318,40.852299256618956],[-96.701452005037567,40.852263820910004],[-96.701405317446287,40.85361400172021],[-96.703183510922145,40.853649439105851]],[[-96.69354475479922,40.823732527568175],[-96.691767372653615,40.823696962915982],[-96.689989993685174,40.823661370907907],[-96.688212617896326,40.823625751544107],[-96.68816570887256,40.824975926487802],[-96.689943120648337,40.82501154753723],[-96.691720535603949,40.825047141229646],[-96.693497953736951,40.825082707564867],[-96.69354475479922,40.823732527568175]],[[-96.680914915556528,40.828883671116607],[-96.68269242256099,40.828919406665513],[-96.682739449113555,40.827569237871678],[-96.680961978102346,40.827533504013772],[-96.680914915556528,40.828883671116607]],[[-96.676322141994788,40.858515628123818],[-96.676369346931324,40.85716547237147],[-96.674591093106486,40.857129619134334],[-96.674543852123776,40.858479773190311],[-96.676322141994788,40.858515628123818]],[[-96.636957761021677,40.8144801302657],[-96.636909827996831,40.815830257945031],[-96.636861891720557,40.817180385260869],[-96.638639030346681,40.817216790987182],[-96.638686930655396,40.815866661948576],[-96.638734827715112,40.814516532546548],[-96.636957761021677,40.8144801302657]],[[-96.661172683746528,40.833889364377335],[-96.661220155081608,40.832539217411131],[-96.65944257856566,40.832503148429339],[-96.659490082678019,40.831153002807277],[-96.657712545382168,40.831116908171111],[-96.657760082266947,40.82976676389432],[-96.655982584190696,40.829730643606489],[-96.655935011311257,40.831080786174056],[-96.655887435204448,40.832430928378812],[-96.655839855870013,40.833781070220773],[-96.655792273307711,40.835131211699931],[-96.657569915377223,40.835167338825123],[-96.65934756067243,40.835203438585495],[-96.659300046891076,40.836553583119567],[-96.661077731414451,40.836589657221914],[-96.662855419158873,40.836625703957885],[-96.66290286093016,40.835275556011275],[-96.661125209190899,40.835239510980941],[-96.661172683746528,40.833889364377335]],[[-96.656030153843005,40.82838050067614],[-96.657807615927027,40.82841661925481],[-96.657855146362664,40.827066474252582],[-96.656077720268428,40.827030357383002],[-96.656030153843005,40.82838050067614]],[[-96.663329692074726,40.823124208178207],[-96.665107023093384,40.823160210507375],[-96.666884357325742,40.823196185482793],[-96.668661694769355,40.823232133104334],[-96.668708996424215,40.82188197642553],[-96.668756294870491,40.820531819384449],[-96.670533563561818,40.820567736252485],[-96.670580822822856,40.81921757714948],[-96.668803590108411,40.819181661981098],[-96.667026360602094,40.819145719462547],[-96.667073688606152,40.817795563397787],[-96.66529649828432,40.817759595231394],[-96.665343859049656,40.816409440506405],[-96.663566707911855,40.816373446694804],[-96.663614101433566,40.815023293310752],[-96.661836989479283,40.81498727385663],[-96.660059880742068,40.814951227056802],[-96.660012415283376,40.816301377030371],[-96.661789559988947,40.816337425536091],[-96.661742127281272,40.817687576853025],[-96.661694691356018,40.819037727807441],[-96.659917474706404,40.81900167588973],[-96.659869999587642,40.8203518247755],[-96.659822521248358,40.821701973298666],[-96.658045235865728,40.821665890616657],[-96.65799771832539,40.823016037069671],[-96.659775039688299,40.823052121459213],[-96.661552364272239,40.823088178495425],[-96.663329692074726,40.823124208178207]],[[-96.669966202298397,40.836769617235063],[-96.670013500046565,40.835419462478875],[-96.668235835448442,40.83538352691032],[-96.668188501694118,40.836733679966066],[-96.669966202298397,40.836769617235063]],[[-96.654300297400837,40.826994213156517],[-96.654347896586742,40.825644071210938],[-96.652570512935085,40.825607901339303],[-96.652522877762323,40.826958041573285],[-96.652475239358054,40.828308181444349],[-96.654252694985871,40.828344354739265],[-96.654300297400837,40.826994213156517]],[[-96.633211598034535,40.81980773841159],[-96.633259612758536,40.818457615272415],[-96.631482447925478,40.818421125781022],[-96.63143439722981,40.819771247193422],[-96.633211598034535,40.81980773841159]]],[[[-96.711458055086268,40.820036077054077],[-96.711504483661031,40.818685878855511],[-96.713281756658631,40.818721135909158],[-96.713235364064204,40.820071335776277],[-96.711458055086268,40.820036077054077]]],[[[-96.702478331058444,40.822559751732591],[-96.702524945855146,40.821209562618129],[-96.704302275042124,40.82124495978173],[-96.704255696229424,40.82259515057136],[-96.702478331058444,40.822559751732591]]],[[[-96.695274164330073,40.773775613724744],[-96.695320844924311,40.772425420001639],[-96.697096864517448,40.772460893441384],[-96.697050219818408,40.773811088843658],[-96.695274164330073,40.773775613724744]]],[[[-96.691301148693185,40.78585627855324],[-96.691347929620932,40.784506091443809],[-96.693124266020632,40.78454163463563],[-96.693077521009485,40.785891823427434],[-96.691301148693185,40.78585627855324]]],[[[-96.690224311180287,40.816910482339409],[-96.690271165143216,40.815560303541375],[-96.692048328239807,40.815595885444885],[-96.69200151024944,40.816946065926849],[-96.690224311180287,40.816910482339409]]],[[[-96.691954689083133,40.818296246047431],[-96.691907864740642,40.819646425806653],[-96.691861037221727,40.820996605204485],[-96.690083730220309,40.82096101656488],[-96.69013059371909,40.819610838851162],[-96.690177454038988,40.818260660776005],[-96.691954689083133,40.818296246047431]]],[[[-96.68966677390425,40.730427277166967],[-96.68962004804871,40.73177747536019],[-96.68784511999786,40.731741915925234],[-96.686070195117296,40.731706329222746],[-96.686116992610124,40.73035613439793],[-96.687891881672172,40.730391719415572],[-96.687938640176441,40.729041522544676],[-96.689713496592191,40.72907707861259],[-96.68966677390425,40.730427277166967]]],[[[-96.685742523817879,40.741157682878899],[-96.685789343524803,40.739807490583516],[-96.687564483367396,40.739843087396494],[-96.687517699495942,40.741193281377207],[-96.685742523817879,40.741157682878899]]],[[[-96.689477959530393,40.787170891423877],[-96.689524779549672,40.785820706359488],[-96.691301148693185,40.78585627855324],[-96.691254364592695,40.78720646530136],[-96.689477959530393,40.787170891423877]]],[[[-96.682372371059813,40.787028322708274],[-96.680595981898989,40.786992612228659],[-96.680548979101928,40.788342788493296],[-96.678772557208944,40.788307049002142],[-96.678725515301878,40.789657223213439],[-96.676949060677245,40.789621454708218],[-96.676996138506226,40.788271282189832],[-96.677043213142511,40.786921109309581],[-96.675266833551746,40.786885316870396],[-96.675313940912389,40.785535145322363],[-96.677090284586356,40.785570936067494],[-96.678866631452522,40.785606699494188],[-96.680642981508456,40.785642435602306],[-96.682419334751742,40.785678144391724],[-96.684195691179923,40.785713825862295],[-96.684148763405801,40.787064005867734],[-96.682372371059813,40.787028322708274]]],[[[-96.685925158934509,40.787099661706925],[-96.685972050790596,40.785749480013877],[-96.687748413581318,40.785785106846312],[-96.687701557643521,40.787135290225685],[-96.685925158934509,40.787099661706925]]],[[[-96.686857607111648,40.811438529242267],[-96.688634655947993,40.811474160782467],[-96.690411707964159,40.811509764978702],[-96.690364863534882,40.81285994486101],[-96.688587775553728,40.812824338979759],[-96.686810690752637,40.812788705753256],[-96.685033609134067,40.812753045181637],[-96.685080561457582,40.811402870358251],[-96.686857607111648,40.811438529242267]]],[[[-96.68849400522474,40.815524694289891],[-96.688540891979386,40.814174516815577],[-96.690318015927986,40.814210124381908],[-96.690271165143216,40.815560303541375],[-96.68849400522474,40.815524694289891]]],[[[-96.68840022217347,40.818225048154005],[-96.688447115289506,40.816874871402703],[-96.690224311180287,40.816910482339409],[-96.690177454038988,40.818260660776005],[-96.68840022217347,40.818225048154005]]],[[[-96.679158271312289,40.726162955280763],[-96.67911134009357,40.727513144438042],[-96.679064405693182,40.728863333233747],[-96.677289568332583,40.728827613578282],[-96.677242594935407,40.730177800321165],[-96.679017468110871,40.730213521667871],[-96.678970527346394,40.731563709740385],[-96.677195618353636,40.73152798670241],[-96.675420712545687,40.731492236397749],[-96.673645809925006,40.731456458826557],[-96.673598758519702,40.732806641459533],[-96.671823823269705,40.73277083492674],[-96.671870910494007,40.731420653988984],[-96.670096014255094,40.73138482188515],[-96.670048891212062,40.732735001126386],[-96.670001764974245,40.734085180005685],[-96.66995463554143,40.735435358523034],[-96.668179635034292,40.735399494059465],[-96.666404637724824,40.735363602326082],[-96.666357433445441,40.736713777084169],[-96.664582403510821,40.736677856380503],[-96.662807376778957,40.736641908406],[-96.661032353252295,40.736605933160789],[-96.661079665006767,40.735255763508341],[-96.659304680512278,40.735219762697049],[-96.659257332933265,40.736569930645054],[-96.657482315824296,40.736533900858902],[-96.657529699227581,40.735183734616633],[-96.657577079418658,40.73383356801196],[-96.655802137167811,40.733797514369542],[-96.655849549966106,40.732447349109329],[-96.655896959550233,40.731097183486639],[-96.655944365920448,40.72974701750146],[-96.657719200720976,40.729783066023394],[-96.657766568065597,40.728432897969064],[-96.657813932199232,40.727082729552329],[-96.65786129312211,40.72573256077321],[-96.659636023704621,40.7257685769153],[-96.661410757495204,40.725804565797311],[-96.661458043597534,40.724454393246688],[-96.661505326494449,40.723104220333823],[-96.663279991882305,40.723140178550409],[-96.665054660472904,40.723176109509204],[-96.665007449182184,40.724526285825881],[-96.664960234690909,40.725876461780459],[-96.666734978091171,40.725912368881325],[-96.666782156776577,40.724562191226703],[-96.668556867569109,40.724598069368135],[-96.670331581557349,40.724633920250056],[-96.67037868543693,40.72328373883731],[-96.670425786123445,40.721933557062655],[-96.672200431698997,40.721969377292766],[-96.673975080464956,40.722005170265632],[-96.674022106359701,40.720654984738417],[-96.675796722513752,40.720690748760539],[-96.675749732418851,40.722040935981148],[-96.677524387558293,40.722076674439151],[-96.679299045880853,40.722112385639491],[-96.679345964375315,40.72076219503596],[-96.681120590077995,40.72079787728898],[-96.682895218958691,40.720833532285361],[-96.682848372065649,40.722183726266678],[-96.682801521996723,40.72353391988657],[-96.681026821511949,40.723498261513633],[-96.68097993246127,40.724848453083723],[-96.679205199349582,40.724812765761897],[-96.679158271312289,40.726162955280763]]],[[[-96.682473482570032,40.732985265105548],[-96.682520354876729,40.731635074015763],[-96.684295273409433,40.731670715252868],[-96.684248436923198,40.733020908030156],[-96.682473482570032,40.732985265105548]]],[[[-96.680698531394668,40.732949594912562],[-96.678923583399524,40.732913897451326],[-96.678970527346394,40.731563709740385],[-96.680745439521573,40.73159940551156],[-96.680698531394668,40.732949594912562]]],[[[-96.675031248820346,40.793636169181717],[-96.67498412228673,40.794986338558168],[-96.674936992556752,40.796336507572661],[-96.673160364676789,40.796300675944522],[-96.671383739995875,40.7962648169879],[-96.671430941592774,40.794914651366341],[-96.671478139988466,40.79356448538271],[-96.673254692805145,40.793600340945154],[-96.675031248820346,40.793636169181717]]],[[[-96.675219722996204,40.788235488056507],[-96.673443310681321,40.788199666602331],[-96.671666901563981,40.788163817827432],[-96.669890495646627,40.78812794173195],[-96.668114092931702,40.788092038316037],[-96.668066835496802,40.7894422023505],[-96.666290400066273,40.789406269913634],[-96.66624310350339,40.790756431885193],[-96.664466635357769,40.790720470424866],[-96.664513967843291,40.789370310155327],[-96.664561297118837,40.788020149523454],[-96.664608623184677,40.786669988529255],[-96.666384983569699,40.786705944883742],[-96.666432270510739,40.785355781825409],[-96.668208598187221,40.785391709160521],[-96.669984929068036,40.785427609177894],[-96.671761263150813,40.785463481877436],[-96.673537600433065,40.785499327258975],[-96.67349045715585,40.786849497111632],[-96.675266833551746,40.786885316870396],[-96.675219722996204,40.788235488056507]]],[[[-96.669019573143842,40.863772636273673],[-96.669066935116376,40.862422488764068],[-96.670845323514484,40.862458430962995],[-96.670797997597163,40.863808580173128],[-96.669019573143842,40.863772636273673]]],[[[-96.664655946041051,40.785319827172728],[-96.664608623184677,40.786669988529255],[-96.662832266009119,40.786634004856055],[-96.662879624780587,40.785283845202635],[-96.664655946041051,40.785319827172728]]],[[[-96.648430907788153,40.791745732312783],[-96.648383245545659,40.793095876480152],[-96.646606737763946,40.793059638370295],[-96.644830233217235,40.793023372936688],[-96.644877967309498,40.79167323220075],[-96.643101501924761,40.791636941161201],[-96.643053731907969,40.792987080179493],[-96.643005958651301,40.794337218834613],[-96.641229424655222,40.794300897034965],[-96.641277233838593,40.792950760098861],[-96.639500739011524,40.792914412694905],[-96.639452893901705,40.794264547910714],[-96.63940504554688,40.795614682763208],[-96.637628482109747,40.795578304592837],[-96.635851921920263,40.795541899096875],[-96.63589984213209,40.794191767688993],[-96.634123321120867,40.794155336591821],[-96.634171274008537,40.792805206544664],[-96.632394792175049,40.792768749848932],[-96.632346803361912,40.794118878170615],[-96.630570288857697,40.794082392425551],[-96.628793777610625,40.794045879356744],[-96.628745713687763,40.795396003859906],[-96.626969169773147,40.795359461738116],[-96.627017269623138,40.794009338964365],[-96.625240764897669,40.793972771248548],[-96.623464263436645,40.793936176209435],[-96.623416091733148,40.795286295520491],[-96.621639557612625,40.795249671424948],[-96.621687765242513,40.793899553847162],[-96.62173596960308,40.792549435905393],[-96.619959510601944,40.792512787954628],[-96.61818305487229,40.792476112682301],[-96.618231327806086,40.79112599784667],[-96.618279597466213,40.789775882646921],[-96.620055981356259,40.78981255444787],[-96.620104211826828,40.788462437148404],[-96.62015243902664,40.787112319484883],[-96.618376126966453,40.787075651155043],[-96.618424386807092,40.785725534862934],[-96.61664811393085,40.785688840953576],[-96.616696406407414,40.784338726034022],[-96.616744695609142,40.782988610750294],[-96.618520896670603,40.783025301186385],[-96.620297101004198,40.783061964310086],[-96.620345315123586,40.781711845190422],[-96.620393525973512,40.780361725706754],[-96.620441733554202,40.779011605859047],[-96.620489937865912,40.77766148564735],[-96.620538138908898,40.776311365071649],[-96.620586336683431,40.774961244131966],[-96.622362328897694,40.774997869540464],[-96.624138324377753,40.775034467644055],[-96.624186447104464,40.773684342874589],[-96.62241048751433,40.773647746503258],[-96.622458642865396,40.772297623102126],[-96.620682722428057,40.772261001160615],[-96.618906805258433,40.77222435191689],[-96.6188585781331,40.773574471849805],[-96.61881034773738,40.774924591418667],[-96.617034362061972,40.774887911400732],[-96.617082628346864,40.773537793567982],[-96.61713089135894,40.772187675371114],[-96.615354980732036,40.77215097152343],[-96.615306681833474,40.773501087982957],[-96.61525837965965,40.774851204078288],[-96.613482400532845,40.774814469451506],[-96.611706424683959,40.774777707520535],[-96.609930452115449,40.774740918285481],[-96.609978861954517,40.773390807410117],[-96.608202928556707,40.773353992613742],[-96.608154482829733,40.774704101746543],[-96.606378516829238,40.774667257903843],[-96.606426998443865,40.773317150514885],[-96.60465107161842,40.773280281113699],[-96.602875148082816,40.77324338441035],[-96.602923698179751,40.771893280148305],[-96.602972244984713,40.770543175521588],[-96.601196396507859,40.770506255011441],[-96.599420551325196,40.770469307201992],[-96.599469166597373,40.769119205706929],[-96.601244975900684,40.769156151767575],[-96.601293551999575,40.767806048158981],[-96.601342124804802,40.766455944185665],[-96.603117865650077,40.766492859453457],[-96.603166399289535,40.765142753368139],[-96.601390694316592,40.765105839847642],[-96.601439260535244,40.763755735144898],[-96.601487823460971,40.762405630077446],[-96.601536383094057,40.761055524645307],[-96.60158493943473,40.759705418848483],[-96.6033605009426,40.759742325380429],[-96.605136065740197,40.759779204623243],[-96.605184547068063,40.758429094969095],[-96.605233025108888,40.757078984950411],[-96.605281499862926,40.75572887456719],[-96.60350604263941,40.755692000561169],[-96.601730588704868,40.755655099269909],[-96.601779131878445,40.754304992014376],[-96.603554549960066,40.754341891558902],[-96.603603053992018,40.752991782192026],[-96.605378439511611,40.753028652707187],[-96.605426904406784,40.751678541230397],[-96.607202257363838,40.751715382718693],[-96.607153828317237,40.753065495939502],[-96.607105395987034,40.754415608795874],[-96.608880823927535,40.754452426488037],[-96.610656255149465,40.754489216895792],[-96.610607891243006,40.755839332872171],[-96.610559524057294,40.757189448484247],[-96.608784021125075,40.757152654593249],[-96.608735614801063,40.75850276809927],[-96.610511153592071,40.758539563732008],[-96.610462779847069,40.75988967861543],[-96.610414402822059,40.761239793134507],[-96.612190016618186,40.7612765649599],[-96.61214167217922,40.762626680855305],[-96.610366022516786,40.762589907289254],[-96.610317638930965,40.763940021079648],[-96.608541956680568,40.763903218479285],[-96.608493533943076,40.765253330163247],[-96.608445107922122,40.766603441482772],[-96.610220861916787,40.766640247567373],[-96.610269252064398,40.76529013450569],[-96.612044973466752,40.765326911553259],[-96.613820698147691,40.765363661305784],[-96.613869013271682,40.764013544399454],[-96.615644705357127,40.764050265118613],[-96.617420400716057,40.764086958543743],[-96.61919609934607,40.764123624674703],[-96.619147891837855,40.765473746791798],[-96.61909968106076,40.766823868544861],[-96.620875454706677,40.766860510850258],[-96.622651231619329,40.766897125858591],[-96.622699370646473,40.765547000638001],[-96.624475114948041,40.765583586617339],[-96.62452321483822,40.764233459301103],[-96.626298926528207,40.764270016253924],[-96.626250862511213,40.76562014530063],[-96.628026613333589,40.765656676687726],[-96.627978581933263,40.767006807099932],[-96.629754371888495,40.767043312918673],[-96.629706373109713,40.768393444695235],[-96.629658371076104,40.769743576108183],[-96.631434236045905,40.769780058082681],[-96.63138626664086,40.771130190858898],[-96.629610365787414,40.771093707157519],[-96.629562357243401,40.772443837843234],[-96.627786423759474,40.772407325111999],[-96.627738376071648,40.773757453705777],[-96.627690325125542,40.775107581935856],[-96.625914323121179,40.775071038442569],[-96.625866233023729,40.776421164579197],[-96.627642270920958,40.776457709802216],[-96.629418312076922,40.77649422771858],[-96.629370290509115,40.777844356949721],[-96.631146370817206,40.777880849286504],[-96.631098381891022,40.779230979881291],[-96.629322265684721,40.779194485817229],[-96.629274237603497,40.780544614321066],[-96.631050389710452,40.780581110112493],[-96.631002394275228,40.781931239980096],[-96.629226206265187,40.781894742461247],[-96.629178171669565,40.783244870237745],[-96.630954395585107,40.783281369484094],[-96.630906393639819,40.784631498624478],[-96.630858388439151,40.785981627401249],[-96.632634687428634,40.786018102786812],[-96.632586714885349,40.787368232926369],[-96.634363053041355,40.787404682720926],[-96.634410989671338,40.78605455085625],[-96.636187295164831,40.786090971609411],[-96.637963603906684,40.786127365046156],[-96.638011465463393,40.78477722937177],[-96.63978774153955,40.784813593770771],[-96.639739915894467,40.78616373116634],[-96.639692087005869,40.787513868198644],[-96.641468438151435,40.787550208722074],[-96.641516231125735,40.786200069969816],[-96.643292549598073,40.786236381456447],[-96.643340303419194,40.784886240622392],[-96.645116589217807,40.784922523074705],[-96.64506887130905,40.786272665626086],[-96.645021150164098,40.78762280781438],[-96.644973425782695,40.788972949639586],[-96.646749822562398,40.789009209924316],[-96.646702130864185,40.790359353102673],[-96.648478566798303,40.790395587782463],[-96.648430907788153,40.791745732312783]],[[-96.627257719947906,40.787258719638771],[-96.629034048336209,40.787295251385153],[-96.629082092705318,40.785945124699715],[-96.627305800229564,40.785908594682319],[-96.627257719947906,40.787258719638771]]],[[[-96.628887369219015,40.841336594098124],[-96.630665142638478,40.841373140323249],[-96.632442919321448,40.84140965917927],[-96.632394849193517,40.842759776135736],[-96.630617036497441,40.842723255551761],[-96.628839227065114,40.84268670759738],[-96.628887369219015,40.841336594098124]]],[[[-96.634124627777453,40.844146387668623],[-96.634172665150899,40.842796269349172],[-96.635950484367171,40.842832735191926],[-96.635902483009758,40.844182855236816],[-96.634124627777453,40.844146387668623]]],[[[-96.623517234915056,40.742594816219949],[-96.625292369706798,40.74263137276877],[-96.627067507755896,40.742667902043486],[-96.627019495851741,40.744018036909139],[-96.626971480692404,40.745368171411151],[-96.625196270972154,40.745331638677634],[-96.625244321968282,40.743981505905062],[-96.62346915134242,40.743944947625579],[-96.623517234915056,40.742594816219949]]],[[[-96.625196270972154,40.745331638677634],[-96.625148216718188,40.746681771086507],[-96.626923462277659,40.746718305549514],[-96.626875440607222,40.748068439324243],[-96.625100159206113,40.748031903131654],[-96.623324881063368,40.747995339659802],[-96.623372974416824,40.746645209345509],[-96.623421064509756,40.745295078667425],[-96.625196270972154,40.745331638677634]]],[[[-96.624907896571798,40.753432427674952],[-96.623132475039242,40.753395857278953],[-96.623180581437296,40.75204572841988],[-96.623228684573846,40.750695599196987],[-96.625004034406672,40.750732166130781],[-96.626779387498331,40.750768705782704],[-96.626731356059366,40.752118838466444],[-96.628506748256626,40.752155352564856],[-96.628458749412573,40.753505486613477],[-96.626683321363728,40.753468970786507],[-96.624907896571798,40.753432427674952]]],[[[-96.621308911255326,40.754709386361434],[-96.62126076247776,40.756059512760288],[-96.619485275762713,40.756022884328232],[-96.619437087862565,40.757373008629273],[-96.61766156855704,40.757336351175425],[-96.617613341529477,40.758686473377203],[-96.615837789633972,40.758649786899056],[-96.615886052521333,40.757299666433852],[-96.614110539757846,40.757262954404688],[-96.614158835230086,40.755912835313161],[-96.612383361598134,40.755876097735666],[-96.612431689650393,40.754525980018975],[-96.614207127427903,40.75456271585746],[-96.614255416351583,40.753212596037578],[-96.616030821550993,40.753249302853554],[-96.616079071350939,40.751899180931922],[-96.617854443971737,40.751935858727904],[-96.617806230021898,40.753285982385826],[-96.619581641761854,40.753322634634252],[-96.619533460395729,40.754672759663229],[-96.621308911255326,40.754709386361434]]],[[[-96.624811745699532,40.756132687764108],[-96.624859822765472,40.754782557901407],[-96.626635283411161,40.754819102742886],[-96.62658724220141,40.756169234335566],[-96.624811745699532,40.756132687764108]]],[[[-96.621012560802399,40.812801166808619],[-96.621060810956223,40.811451053963488],[-96.622837776382994,40.81148769886385],[-96.62461474507991,40.81152431642424],[-96.624566566842361,40.81287443273645],[-96.62278956218718,40.812837813443153],[-96.622741344720964,40.814187927658445],[-96.620964307375758,40.814151279289661],[-96.619187273303623,40.814114603578496],[-96.619235562690463,40.812764492833004],[-96.621012560802399,40.812801166808619]]],[[[-96.624518385336827,40.814224548684713],[-96.624566566842361,40.81287443273645],[-96.6263435747655,40.812911024688376],[-96.626295429220917,40.814261142368302],[-96.624518385336827,40.814224548684713]]],[[[-96.622307240315521,40.826338939213898],[-96.622258990131456,40.82768904978861],[-96.622210736674234,40.829039159999226],[-96.620433303603505,40.829002492549058],[-96.620481593047955,40.827652384073467],[-96.620529879216818,40.826302275233708],[-96.622307240315521,40.826338939213898]]],[[[-96.616878447292066,40.828929075579097],[-96.616926808710218,40.82757897057742],[-96.618704199240071,40.827615691003018],[-96.618655873808649,40.828965797742299],[-96.616878447292066,40.828929075579097]]],[[[-96.61390458801597,40.812654306861091],[-96.615681576294804,40.812691062859088],[-96.617458567853788,40.812727791516444],[-96.617410242507006,40.814077900525085],[-96.615633214988364,40.81404117012962],[-96.613856190750084,40.814004412392194],[-96.61207916979464,40.813967627312977],[-96.610302152124461,40.813930814892117],[-96.610253679652786,40.815280916575972],[-96.610205203893173,40.816631017895304],[-96.610156724845368,40.81798111885012],[-96.608379602572256,40.817944273857449],[-96.608331084267604,40.819294372704142],[-96.606553929317201,40.819257498621383],[-96.604776777660405,40.819220597192221],[-96.604825367901114,40.817870501836559],[-96.603048255507971,40.817833574808638],[-96.603096878418128,40.816483480835622],[-96.603145498030386,40.815133386497777],[-96.601368460862886,40.81509643562233],[-96.601319805288128,40.816446528211564],[-96.599542735458485,40.816409548244181],[-96.597765668931643,40.816372540933585],[-96.597814396430707,40.815022451845437],[-96.597863120624766,40.813672362392282],[-96.599640115230017,40.81370936620057],[-96.601417113137543,40.813746342668232],[-96.60146576211234,40.812396249349256],[-96.603242727362087,40.812433196727689],[-96.603194114344944,40.81378329179514],[-96.604971118849761,40.813820213581117],[-96.605019695908993,40.812470116766512],[-96.605068269673495,40.811120019587165],[-96.605116840143495,40.809769922043124],[-96.606893740076117,40.80980681125061],[-96.606845205559409,40.811156910540404],[-96.608622144737382,40.811193774155022],[-96.610399087204982,40.811230610430847],[-96.610350621308442,40.81258071284374],[-96.612127603019701,40.81261752352259],[-96.61390458801597,40.812654306861091]]],[[[-96.611546187436488,40.828818744952272],[-96.611594656813281,40.827468645171159],[-96.613372037494386,40.827505447661345],[-96.613323604103556,40.828855549183942],[-96.611546187436488,40.828818744952272]]]]}}
]
}
