{
"type": "FeatureCollection",
"name": "downtown__wk_1900",
"crs": { "type": "name", "properties": { "name": "urn:ogc:def:crs:OGC:1.3:CRS84" } },
"features": [
{"type":"Feature","properties":{"band":15},"geometry":{"type":"MultiPolygon","coordinates":[[[[-96.713606416718321,40.809269726743736],[-96.713560046147506,40.81061992913471],[-96.713513672431191,40.811970131165154],[-96.713467295569131,40.813320332835069],[-96.715244427815691,40.813355555867965],[-96.715198083778503,40.814705758844319],[-96.713420915561088,40.814670534144433],[-96.713374532406817,40.816020735093232],[-96.713328146106079,40.817370935681481],[-96.711550909086398,40.81733568029631],[-96.711504483661031,40.818685878855511],[-96.711458055086268,40.820036077054077],[-96.70968074925797,40.820000790978334],[-96.707903446581724,40.819965477549175],[-96.707856942892505,40.821315672045991],[-96.70607960738873,40.821280329591076],[-96.704302275042124,40.82124495978173],[-96.702524945855146,40.821209562618129],[-96.702478331058444,40.822559751732591],[-96.702431713099443,40.823909940486068],[-96.700654315104558,40.823874512615376],[-96.700700969049763,40.822524325538396],[-96.69892361020581,40.822488871988924],[-96.697146254529045,40.822453391084295],[-96.697192977276288,40.82110320700302],[-96.695415660752161,40.821067700423697],[-96.695462416310619,40.819717517661495],[-96.695509168697541,40.818367334538031],[-96.69373192730346,40.818331803968157],[-96.693778712494549,40.81698162216486],[-96.69555591791314,40.817017151053328],[-96.695602663957672,40.815666967207399],[-96.695649406831379,40.814316783000237],[-96.697426543476908,40.814352281178977],[-96.697473247211619,40.813002094930674],[-96.697519947778446,40.811651908321231],[-96.697566645177588,40.810301721350633],[-96.69761333940933,40.80895153401891],[-96.699390335362992,40.808986998136319],[-96.699436990468641,40.80763680876511],[-96.701213953627885,40.807672243863237],[-96.701260569612316,40.806322052453972],[-96.703037499976645,40.806357458535324],[-96.703084076844718,40.805007265089444],[-96.704860974413648,40.805042642156543],[-96.704907512170251,40.803692446675463],[-96.706684376943286,40.803727794730797],[-96.706637875139279,40.805077991884851],[-96.708414779019179,40.805113314274266],[-96.708368310016169,40.806463512739299],[-96.710145253003418,40.806498809460123],[-96.710098816806266,40.807849009234978],[-96.711875798901346,40.807884280284554],[-96.71182939551494,40.809234481368051],[-96.713606416718321,40.809269726743736]]],[[[-96.715244427815691,40.813355555867965],[-96.715290768709352,40.812005352531138],[-96.717067868130812,40.812040546551039],[-96.717021563205819,40.813390751553499],[-96.715244427815691,40.813355555867965]]]]}},
{"type":"Feature","properties":{"band":30},"geometry":{"type":"MultiPolygon","coordinates":[[[[-96.70341002647902,40.795555900863029],[-96.703363471719797,40.796906096835194],[-96.705140153611154,40.796941463857635],[-96.70509363163444,40.798291661142841],[-96.706870352621465,40.79832700250693],[-96.706823863432106,40.799677201104046],[-96.706777371089458,40.80102739934037],[-96.706730875593266,40.802377597215965],[-96.708507707569936,40.802412916262071],[-96.710284542697963,40.802448207971707],[-96.710238115949025,40.803798408828477],[-96.710191686050919,40.805148609324633],[-96.711968596232055,40.805183877035802],[-96.713745509560169,40.805219117407646],[-96.713699148424411,40.806569320880193],[-96.711922199140318,40.806534078840471],[-96.711875798901346,40.807884280284554],[-96.710098816806266,40.807849009234978],[-96.710145253003418,40.806498809460123],[-96.708368310016169,40.806463512739299],[-96.708414779019179,40.805113314274266],[-96.706637875139279,40.805077991884851],[-96.706684376943286,40.803727794730797],[-96.704907512170251,40.803692446675463],[-96.704860974413648,40.805042642156543],[-96.703084076844718,40.805007265089444],[-96.703037499976645,40.806357458535324],[-96.701260569612316,40.806322052453972],[-96.701213953627885,40.807672243863237],[-96.699436990468641,40.80763680876511],[-96.699390335362992,40.808986998136319],[-96.69761333940933,40.80895153401891],[-96.697566645177588,40.810301721350633],[-96.697519947778446,40.811651908321231],[-96.697473247211619,40.813002094930674],[-96.697426543476908,40.814352281178977],[-96.695649406831379,40.814316783000237],[-96.695602663957672,40.815666967207399],[-96.69555591791314,40.817017151053328],[-96.693778712494549,40.81698162216486],[-96.69373192730346,40.818331803968157],[-96.695509168697541,40.818367334538031],[-96.695462416310619,40.819717517661495],[-96.695415660752161,40.821067700423697],[-96.697192977276288,40.82110320700302],[-96.697146254529045,40.822453391084295],[-96.69892361020581,40.822488871988924],[-96.700700969049763,40.822524325538396],[-96.700654315104558,40.823874512615376],[-96.702431713099443,40.823909940486068],[-96.702478331058444,40.822559751732591],[-96.702524945855146,40.821209562618129],[-96.704302275042124,40.82124495978173],[-96.70607960738873,40.821280329591076],[-96.707856942892505,40.821315672045991],[-96.707903446581724,40.819965477549175],[-96.70968074925797,40.820000790978334],[-96.711458055086268,40.820036077054077],[-96.711411623361883,40.821386274892006],[-96.709634281551033,40.821350987146346],[-96.709587810691815,40.822701182953637],[-96.707810436048547,40.822665866182014],[-96.707763926049594,40.824016059957259],[-96.707717412895391,40.825366253371712],[-96.70593996943083,40.825330905898909],[-96.705986518574392,40.823980714157152],[-96.704209114256855,40.823945341000034],[-96.70416252912419,40.825295531067809],[-96.702385091977888,40.825260128878561],[-96.702338467693551,40.826610316910049],[-96.700560997718981,40.826574885686128],[-96.698783530909878,40.82653942710305],[-96.698736831475742,40.827889611418819],[-96.696959331841526,40.827854123797415],[-96.696912593243781,40.829204306072683],[-96.695135060784949,40.82916878941046],[-96.69518183537788,40.827818608815846],[-96.695228606797812,40.82646842785995],[-96.695275375044943,40.825118246542793],[-96.693497953736951,40.825082707564867],[-96.691720535603949,40.825047141229646],[-96.691673695376863,40.826397319181886],[-96.689896244431651,40.826361723805086],[-96.68984936503486,40.827711899711453],[-96.68980248245775,40.829062075256353],[-96.689755596700067,40.830412250439743],[-96.687978040952245,40.830376622647151],[-96.686200488387684,40.830340967492496],[-96.686153527451197,40.831691138941181],[-96.684375942073714,40.831655454736072],[-96.684328941950241,40.833005624134508],[-96.682551323760336,40.832969910876415],[-96.680773708761507,40.832934170254106],[-96.678996096956155,40.832898402267737],[-96.677218488346767,40.832862606917423],[-96.675440882935732,40.832826784203306],[-96.673663280725521,40.832790934125562],[-96.671885681718564,40.832755056684306],[-96.671932933842527,40.83140489914237],[-96.670155374040348,40.831368996036709],[-96.670108085917306,40.832719151879694],[-96.668330493324163,40.832683219711846],[-96.668377817446043,40.831333065569126],[-96.666600264062055,40.831297107739751],[-96.666552903941579,40.832647260180927],[-96.6665055406081,40.833997412259713],[-96.664727918437748,40.833961423662956],[-96.664775317771998,40.832611273287078],[-96.664822713890814,40.831261122548732],[-96.663045166934779,40.831225109996218],[-96.661267623196366,40.831189070082353],[-96.659490082678019,40.831153002807277],[-96.659537583567868,40.829802856822539],[-96.659585081235463,40.828452710475155],[-96.66136254976594,40.828488774337004],[-96.661410008221239,40.827138625920462],[-96.663187443980732,40.82717466071847],[-96.663234863228624,40.825824510234213],[-96.665012266216664,40.825860515970888],[-96.664964882957122,40.827210668159005],[-96.666742325147951,40.827246648241918],[-96.666789672418901,40.825896494351241],[-96.66683701647807,40.824546340098195],[-96.66861438990567,40.824582289420867],[-96.668661694769355,40.823232133104334],[-96.670439035421822,40.823268053371848],[-96.67221637928067,40.823303946285193],[-96.673993726343497,40.823339811844221],[-96.674040920052278,40.821989650069973],[-96.675818234334088,40.822025486578653],[-96.677595551814761,40.822061295734017],[-96.677642670361834,40.820711130207336],[-96.675865388861496,40.820675322746503],[-96.675912540190311,40.819325158552346],[-96.677689785712772,40.819360964318712],[-96.677736897867774,40.818010798068173],[-96.679514110610427,40.818046574790571],[-96.679561183596491,40.816696406485057],[-96.679608253389574,40.815346237817728],[-96.679655319989905,40.813996068788548],[-96.681432428012542,40.814031813086189],[-96.681479455454166,40.812681642003632],[-96.683256530700419,40.812717357265051],[-96.683303518988211,40.81136718413056],[-96.685080561457582,40.811402870358251],[-96.685127510596416,40.810052695173248],[-96.686904520288408,40.810088352369732],[-96.688681533162409,40.810123982223701],[-96.68872840719726,40.808773803303446],[-96.690505387290727,40.808809404129853],[-96.692282370561102,40.808844977614754],[-96.694059357005955,40.808880523757978],[-96.694106119987609,40.807530339425711],[-96.694152879797485,40.806180154732175],[-96.694199636435812,40.804829969677378],[-96.69424638990283,40.803479784261327],[-96.694293140198795,40.802129598484051],[-96.694339887323935,40.800779412345527],[-96.694386631278476,40.799429225845778],[-96.694433372062718,40.798079038984802],[-96.696210074080298,40.798114544340621],[-96.696256775755487,40.796764355438029],[-96.696303474263246,40.79541416617429],[-96.694526844121143,40.795378664179204],[-96.69457357539585,40.794028476234594],[-96.696350169603846,40.794063976549424],[-96.698126766978788,40.794099449536517],[-96.698173423220553,40.792749257871598],[-96.699949987827821,40.792784701853222],[-96.699903367518203,40.794134895195754],[-96.70167997121969,40.794170313526962],[-96.701633383682832,40.795520508184879],[-96.70341002647902,40.795555900863029]],[[-96.691814206526132,40.822346784240928],[-96.691767372653615,40.823696962915982],[-96.69354475479922,40.823732527568175],[-96.693591552686755,40.822382347210151],[-96.691814206526132,40.822346784240928]]],[[[-96.711875798901346,40.807884280284554],[-96.713652784143875,40.807919523992219],[-96.713606416718321,40.809269726743736],[-96.71182939551494,40.809234481368051],[-96.711875798901346,40.807884280284554]]],[[[-96.713513672431191,40.811970131165154],[-96.715290768709352,40.812005352531138],[-96.715244427815691,40.813355555867965],[-96.713467295569131,40.813320332835069],[-96.713513672431191,40.811970131165154]]],[[[-96.711458055086268,40.820036077054077],[-96.711504483661031,40.818685878855511],[-96.711550909086398,40.81733568029631],[-96.713328146106079,40.817370935681481],[-96.713374532406817,40.816020735093232],[-96.713420915561088,40.814670534144433],[-96.715198083778503,40.814705758844319],[-96.715151736597505,40.816055961460187],[-96.715105386272469,40.817406163715553],[-96.715059032803183,40.818756365610419],[-96.713281756658631,40.818721135909158],[-96.713235364064204,40.820071335776277],[-96.711458055086268,40.820036077054077]]],[[[-96.702151938923478,40.832011065425839],[-96.70210529882155,40.833361251652214],[-96.70032764885508,40.833325812044102],[-96.700374324960251,40.831975627494693],[-96.700420997898988,40.830625442584193],[-96.702198575861402,40.830660878838415],[-96.702151938923478,40.832011065425839]]],[[[-96.701965359529311,40.837411808165136],[-96.701918706768936,40.838761992947333],[-96.70014091276505,40.838726546630639],[-96.700187601538445,40.837376363525685],[-96.701965359529311,40.837411808165136]]],[[[-96.701825391752251,40.841462361428555],[-96.701778729495473,40.842812545127551],[-96.700000827437933,40.842777093778714],[-96.700047525715036,40.841426911757161],[-96.701825391752251,40.841462361428555]]]]}},
{"type":"Feature","properties":{"band":45},"geometry":{"type":"MultiPolygon","coordinates":[[[[-96.740262110836795,40.809795126099083],[-96.740216279744359,40.811145353356189],[-96.740170445542944,40.812495580253746],[-96.741947588715036,40.812530391414008],[-96.741993386946859,40.811180162868972],[-96.743770497255909,40.811214945034891],[-96.743724734993904,40.812565175226091],[-96.74550188437712,40.812599931689888],[-96.745456154983259,40.813950163166645],[-96.74723334344111,40.813984893925657],[-96.747279036862238,40.812634660805251],[-96.749056192446815,40.812669362572038],[-96.750833351128449,40.812704036990105],[-96.752610512904681,40.812738684059333],[-96.752564927403199,40.814088922102947],[-96.75434212824527,40.814123543461669],[-96.756119332177335,40.814158137469974],[-96.756073815535927,40.815508378430316],[-96.756028295806757,40.816858619031692],[-96.75425101991955,40.816824021748808],[-96.752473747122778,40.81678939711292],[-96.750696477418899,40.816754745124165],[-96.750650846658729,40.818104980450514],[-96.748873544069639,40.81807029946777],[-96.747096244578543,40.818035591131135],[-96.747050538757151,40.819385822814354],[-96.745273206383999,40.819351085480065],[-96.745318948187872,40.818000855440758],[-96.743541654900071,40.817966092396773],[-96.743495877113958,40.819316320790861],[-96.741718550949443,40.819281528746899],[-96.741764364717554,40.817931301999316],[-96.73998707764278,40.817896484248529],[-96.739941227892913,40.81924670934832],[-96.738163907946785,40.819211862595246],[-96.738209793678195,40.81786163914456],[-96.736432512826184,40.817826766687517],[-96.736478431423819,40.816476544527511],[-96.734701189665486,40.816441646369178],[-96.734655235089249,40.817791866877577],[-96.732877960469779,40.817756939714847],[-96.732923951024375,40.816406720859362],[-96.731146715502959,40.816371767998191],[-96.729369483103653,40.816336787785829],[-96.727592253828888,40.816301780222389],[-96.727546155340619,40.817651994111415],[-96.725768893215431,40.817616957538974],[-96.725722755620112,40.818967169409838],[-96.723945460644998,40.818932103825894],[-96.722168168802199,40.818897010888712],[-96.720390880094186,40.818861890598434],[-96.71861359452339,40.818826742955196],[-96.716836312092241,40.81879156795916],[-96.716882629583154,40.817441364398377],[-96.715105386272469,40.817406163715553],[-96.715151736597505,40.816055961460187],[-96.715198083778503,40.814705758844319],[-96.715244427815691,40.813355555867965],[-96.717021563205819,40.813390751553499],[-96.717067868130812,40.812040546551039],[-96.715290768709352,40.812005352531138],[-96.713513672431191,40.811970131165154],[-96.713560046147506,40.81061992913471],[-96.715337106459685,40.810655148833838],[-96.717114169914936,40.810690341188192],[-96.717160468558447,40.809340135464915],[-96.717206764061544,40.807989929381257],[-96.71898375873181,40.808025091062333],[-96.719030015135615,40.806674882954212],[-96.720806976984221,40.806710015630038],[-96.720760756539804,40.808060225400943],[-96.722537757483067,40.808095332396945],[-96.722491569865454,40.809445543469138],[-96.722445379114745,40.810795754181143],[-96.724222455117911,40.810830837154967],[-96.725999534251969,40.810865892783326],[-96.726045653072958,40.80951567875195],[-96.72782269937025,40.809550705376935],[-96.72777661651449,40.810900921066043],[-96.729553701903043,40.810935922003019],[-96.729599748793319,40.809585704657465],[-96.731376801339735,40.809620676593376],[-96.733153857007068,40.809655621184568],[-96.734930915792859,40.809690538430857],[-96.736707977694721,40.809725428332136],[-96.738485042710167,40.809760290888249],[-96.740262110836795,40.809795126099083]],[[-96.727638349190158,40.814951565973324],[-96.725861159017356,40.814916532716964],[-96.725815027681108,40.81626674530802],[-96.727592253828888,40.816301780222389],[-96.727638349190158,40.814951565973324]]],[[[-96.759628304613628,40.815577487665749],[-96.757851058532111,40.815542946724022],[-96.757896539196906,40.81419270412772],[-96.756119332177335,40.814158137469974],[-96.756164845731206,40.812807896150659],[-96.75794201677661,40.812842461172515],[-96.757987491271464,40.811492217858429],[-96.759764629429782,40.811526753896331],[-96.759719190906893,40.812876998844956],[-96.761496368119595,40.812911509167876],[-96.761450962488922,40.814261755390987],[-96.759673749301584,40.814227243434765],[-96.759628304613628,40.815577487665749]]],[[[-96.773891540910128,40.814502573249761],[-96.772114306212387,40.814468252753194],[-96.772159495990266,40.813117996757327],[-96.773936694711722,40.813152315629637],[-96.773891540910128,40.814502573249761]]],[[[-96.706777371089458,40.80102739934037],[-96.706823863432106,40.799677201104046],[-96.706870352621465,40.79832700250693],[-96.708647076761551,40.798362316538544],[-96.708600623515295,40.799712516807091],[-96.710377386749329,40.799747805176253],[-96.710330966297988,40.801098006754287],[-96.710284542697963,40.802448207971707],[-96.708507707569936,40.802412916262071],[-96.706730875593266,40.802377597215965],[-96.706777371089458,40.80102739934037]]],[[[-96.710191686050919,40.805148609324633],[-96.710238115949025,40.803798408828477],[-96.712014990176854,40.803833674870553],[-96.713791867551393,40.803868913574576],[-96.713745509560169,40.805219117407646],[-96.711968596232055,40.805183877035802],[-96.710191686050919,40.805148609324633]]],[[[-96.707531328721416,40.830767023421437],[-96.705753741275046,40.83073166925719],[-96.705707176339487,40.832081859194538],[-96.705660608244813,40.833432048770995],[-96.707438267696716,40.833467406281372],[-96.707391732449082,40.834817597170087],[-96.709169431064595,40.834852928986145],[-96.70912292866889,40.836203121185946],[-96.709076423118191,40.837553313024983],[-96.709029914412284,40.838903504503229],[-96.707252107762145,40.838868167671173],[-96.707205559884329,40.840218357116491],[-96.708983402550899,40.840253695620682],[-96.70893688753381,40.841603886377335],[-96.708890369360745,40.842954076773196],[-96.708843848031492,40.844304266808223],[-96.708797323545795,40.84565445648245],[-96.708750795903427,40.847004645795856],[-96.708704265104117,40.84835483474842],[-96.708657731147639,40.849705023340157],[-96.70861119403375,40.851055211571051],[-96.706833063148011,40.851019859687341],[-96.706786486838098,40.852370045884655],[-96.706739907367819,40.853720231721056],[-96.70669332473696,40.855070417196508],[-96.706646738945295,40.85642060231104],[-96.706600149992539,40.857770787064638],[-96.704821842051814,40.857735399427064],[-96.703043537274851,40.857699984400149],[-96.702996873060357,40.859050165442767],[-96.702950205679414,40.860400346124301],[-96.701171831966505,40.860364900354199],[-96.701125125364143,40.861715078997548],[-96.699346718765881,40.861679604157409],[-96.69939346142273,40.860329427192447],[-96.697615094050533,40.860293926639187],[-96.695836729852331,40.860258398694555],[-96.694058368830582,40.860222843358706],[-96.694105216470547,40.858872671075254],[-96.692326894678772,40.858837090031813],[-96.69228001098773,40.860187260631776],[-96.692233124115376,40.86153743087025],[-96.6904547334006,40.86150181906752],[-96.690501656326219,40.860151650513899],[-96.68872330484848,40.860116013005232],[-96.688770260640922,40.858765845776148],[-96.686991948399736,40.858730182564202],[-96.686944956556985,40.860080348105896],[-96.685166611454122,40.860044655816061],[-96.68511958037017,40.861394819307328],[-96.683341202406126,40.861359097937076],[-96.681562827635872,40.861323349175287],[-96.681515721251372,40.862673508923294],[-96.681468611670383,40.864023668309393],[-96.679690167985456,40.863987888770765],[-96.679643019148642,40.865338046102117],[-96.677864542604013,40.865302237475547],[-96.676086069261231,40.865266401454001],[-96.676133290215546,40.863916247512194],[-96.677911727499691,40.863952081838328],[-96.677958909193791,40.862601925839051],[-96.67618050796581,40.862566093208265],[-96.67622772251228,40.86121593854223],[-96.676274933855197,40.859865783514067],[-96.674496607935566,40.859829926884125],[-96.674449360541601,40.861180080215767],[-96.672671001776919,40.8611441944985],[-96.672718285221691,40.85979404286465],[-96.672765565458249,40.858443890868571],[-96.674543852123776,40.858479773190311],[-96.676322141994788,40.858515628123818],[-96.676369346931324,40.85716547237147],[-96.674591093106486,40.857129619134334],[-96.674638330883937,40.855779464716178],[-96.676416548665046,40.855815316257015],[-96.676463747196209,40.854465159780496],[-96.676510942525042,40.853115002941898],[-96.676558134651799,40.851764845741215],[-96.678336247518217,40.851800664811655],[-96.678383400408947,40.850450505554171],[-96.680161480440276,40.850486295549132],[-96.680114363584011,40.85183645650006],[-96.681892482846763,40.851872220806285],[-96.683670605304002,40.851907957730184],[-96.685448730953325,40.851943667271605],[-96.68540171901229,40.853293832933367],[-96.687179883889115,40.853329516780526],[-96.688958051953392,40.853365173243638],[-96.690736223202634,40.853400802322554],[-96.690689316193442,40.854750972683902],[-96.690642406001444,40.85610114268372],[-96.692420652517811,40.856136747747421],[-96.692467526666292,40.854786576063006],[-96.694245740319516,40.854822152056364],[-96.694292575246351,40.853471978327271],[-96.696070756035937,40.853507525252766],[-96.696117551745985,40.852157349480407],[-96.696164344281058,40.850807173346716],[-96.696211133641384,40.8494569968517],[-96.694433060961799,40.849421454971598],[-96.694386235567251,40.850771629784866],[-96.692608130030621,40.850736058841001],[-96.692654991459179,40.849385885710745],[-96.69087692513591,40.849350289069314],[-96.690923819416369,40.848000117261876],[-96.689145792305979,40.847964494925542],[-96.689192719433478,40.846614324442065],[-96.687414731535469,40.846578676413486],[-96.687461691505149,40.845228507255143],[-96.685683742819009,40.845192833536984],[-96.685730735625981,40.843842665704948],[-96.683952826151256,40.843806966299873],[-96.683999851790617,40.842456799795293],[-96.685777725244776,40.842492497511216],[-96.685824711675679,40.841142328955797],[-96.687602552299396,40.841177997610373],[-96.6876494995267,40.839827827005543],[-96.689427307319477,40.83986346660128],[-96.691205118294775,40.839899078825766],[-96.692982932450164,40.839934663678847],[-96.694760749783228,40.839970221160414],[-96.694807549769166,40.838620043456281],[-96.696585334262736,40.838655571884985],[-96.696632095061403,40.83730539213839],[-96.698409846714995,40.837340891516718],[-96.698456568331281,40.835990709729117],[-96.698503286777964,40.834640527580319],[-96.696725607142099,40.834605031561445],[-96.696772358424624,40.833254850731109],[-96.694994717965528,40.833219329026512],[-96.695041502079008,40.831869149515803],[-96.695088283018734,40.830518969643769],[-96.695135060784949,40.82916878941046],[-96.696912593243781,40.829204306072683],[-96.696959331841526,40.827854123797415],[-96.698736831475742,40.827889611418819],[-96.698783530909878,40.82653942710305],[-96.700560997718981,40.826574885686128],[-96.702338467693551,40.826610316910049],[-96.704115940831173,40.826645720774643],[-96.704069349377548,40.827995910120528],[-96.704022754763102,40.829346099105472],[-96.705800303051717,40.829381478958929],[-96.707577854498979,40.829416831450224],[-96.707531328721416,40.830767023421437]],[[-96.694198902214765,40.856172325424062],[-96.695977155089892,40.856207875713508],[-96.696023957150643,40.8548577006638],[-96.694245740319516,40.854822152056364],[-96.694198902214765,40.856172325424062]],[[-96.697895699671449,40.852192867340591],[-96.697848940000739,40.853543044793525],[-96.697802177157257,40.854893221885199],[-96.699580400336899,40.854928715720405],[-96.699627127138356,40.853578536949378],[-96.699673850769443,40.852228357817168],[-96.697895699671449,40.852192867340591]],[[-96.700047525715036,40.841426911757161],[-96.700000827437933,40.842777093778714],[-96.701778729495473,40.842812545127551],[-96.701825391752251,40.841462361428555],[-96.700047525715036,40.841426911757161]],[[-96.700187601538445,40.837376363525685],[-96.70014091276505,40.838726546630639],[-96.701918706768936,40.838761992947333],[-96.701965359529311,40.837411808165136],[-96.700187601538445,40.837376363525685]],[[-96.700420997898988,40.830625442584193],[-96.700374324960251,40.831975627494693],[-96.70032764885508,40.833325812044102],[-96.70210529882155,40.833361251652214],[-96.702151938923478,40.832011065425839],[-96.702198575861402,40.830660878838415],[-96.700420997898988,40.830625442584193]]],[[[-96.703828877256456,40.783404120875268],[-96.703782350905428,40.784754320095026],[-96.702005995521716,40.784718940815772],[-96.702052557788349,40.783368743270579],[-96.703828877256456,40.783404120875268]]],[[[-96.706963321541238,40.795626604230463],[-96.706916838657762,40.796976803549065],[-96.706870352621465,40.79832700250693],[-96.70509363163444,40.798291661142841],[-96.705140153611154,40.796941463857635],[-96.703363471719797,40.796906096835194],[-96.70341002647902,40.795555900863029],[-96.701633383682832,40.795520508184879],[-96.70167997121969,40.794170313526962],[-96.699903367518203,40.794134895195754],[-96.699949987827821,40.792784701853222],[-96.698173423220553,40.792749257871598],[-96.698126766978788,40.794099449536517],[-96.696350169603846,40.794063976549424],[-96.696396861777529,40.792713786563404],[-96.694620303501182,40.79267828792878],[-96.694667028437408,40.791328099261776],[-96.69471375020477,40.789977910233581],[-96.694760468803509,40.788627720844204],[-96.694807184233866,40.787277531093658],[-96.694853896496085,40.785927340981921],[-96.696630275150582,40.785962831216573],[-96.698406656970548,40.785998294131254],[-96.698360016547582,40.787348487601413],[-96.700136437450567,40.787383924873239],[-96.701912861514401,40.787419334823518],[-96.703689288736641,40.787454717452093],[-96.703642752918398,40.788804915589381],[-96.703596213943939,40.79015511336582],[-96.705372716170899,40.790190472019567],[-96.705326209967993,40.791540671108763],[-96.705279700610802,40.792890869837173],[-96.707056277850739,40.792926204511062],[-96.707009801272164,40.794276404551127],[-96.706963321541238,40.795626604230463]],[[-96.700089829786748,40.788734119659708],[-96.698313372961337,40.788698680710532],[-96.696536919299447,40.788663214438643],[-96.696490236625095,40.79001340550802],[-96.698266726211585,40.790048873458609],[-96.700043218961866,40.790084314085185],[-96.700089829786748,40.788734119659708]]],[[[-96.694339887323935,40.800779412345527],[-96.694293140198795,40.802129598484051],[-96.69424638990283,40.803479784261327],[-96.694199636435812,40.804829969677378],[-96.694152879797485,40.806180154732175],[-96.694106119987609,40.807530339425711],[-96.694059357005955,40.808880523757978],[-96.692282370561102,40.808844977614754],[-96.690505387290727,40.808809404129853],[-96.68872840719726,40.808773803303446],[-96.688775278052745,40.807423624021737],[-96.690552222188529,40.807459223163335],[-96.690599053909651,40.806109041835406],[-96.688822145729148,40.806073444378555],[-96.688869010226682,40.804723264373919],[-96.688915871545632,40.803373084007838],[-96.68896272968621,40.80202290328031],[-96.687185932535002,40.801987283542367],[-96.687232823442741,40.800637104139163],[-96.689009584648659,40.800672722191337],[-96.689056436433233,40.799322540740945],[-96.690833164873922,40.799358129775072],[-96.69087997754022,40.798007946278908],[-96.68910328504019,40.797972358929115],[-96.687326595717536,40.797936744248283],[-96.685549909574704,40.797901102236544],[-96.685596826879987,40.796550923435724],[-96.683820179856909,40.796515255781379],[-96.683773226614122,40.797865432894064],[-96.681996546838235,40.797829736220962],[-96.680219870249459,40.797794012217373],[-96.680266895366501,40.796443838484876],[-96.678490257904045,40.796408088842988],[-96.678443196850239,40.797758260883469],[-96.67666652664299,40.797722482219378],[-96.67488985963017,40.797686676225226],[-96.674936992556752,40.796336507572661],[-96.673160364676789,40.796300675944522],[-96.671383739995875,40.7962648169879],[-96.671430941592774,40.794914651366341],[-96.673207530340363,40.794950508625853],[-96.673254692805145,40.793600340945154],[-96.675031248820346,40.793636169181717],[-96.67507837215787,40.792285999443308],[-96.676854895440215,40.79232179865943],[-96.676807808031668,40.793671970092234],[-96.678584370436667,40.793707743676585],[-96.678631421915995,40.792357570550664],[-96.680407951582779,40.792393315116897],[-96.680360936032912,40.793743489934634],[-96.682137504817959,40.793779208866212],[-96.683914076789407,40.79381490047119],[-96.685690651944796,40.793850564749434],[-96.687467230281698,40.793886201700793],[-96.687514102111251,40.792536020128694],[-96.689290647696566,40.792571628067655],[-96.691067196458263,40.792607208680757],[-96.69102039649033,40.793957393622307],[-96.692796984357201,40.793992948592177],[-96.692750217148642,40.79534313485523],[-96.694526844121143,40.795378664179204],[-96.696303474263246,40.79541416617429],[-96.696256775755487,40.796764355438029],[-96.696210074080298,40.798114544340621],[-96.694433372062718,40.798079038984802],[-96.694386631278476,40.799429225845778],[-96.694339887323935,40.800779412345527]],[[-96.678537315766107,40.795057916440697],[-96.67676071742946,40.795022141163159],[-96.676713623633304,40.796372311872219],[-96.678490257904045,40.796408088842988],[-96.678537315766107,40.795057916440697]]],[[[-96.69354475479922,40.823732527568175],[-96.691767372653615,40.823696962915982],[-96.691814206526132,40.822346784240928],[-96.693591552686755,40.822382347210151],[-96.69354475479922,40.823732527568175]]],[[[-96.691720535603949,40.825047141229646],[-96.693497953736951,40.825082707564867],[-96.695275375044943,40.825118246542793],[-96.695228606797812,40.82646842785995],[-96.69518183537788,40.827818608815846],[-96.695135060784949,40.82916878941046],[-96.693357531499359,40.829133245386892],[-96.693310717735756,40.830483423938198],[-96.691533155628704,40.830447850870144],[-96.691486302689555,40.831798027376713],[-96.689708707761554,40.831762425261651],[-96.687931116014624,40.831726795783091],[-96.686153527451197,40.831691138941181],[-96.686200488387684,40.830340967492496],[-96.687978040952245,40.830376622647151],[-96.689755596700067,40.830412250439743],[-96.68980248245775,40.829062075256353],[-96.68984936503486,40.827711899711453],[-96.689896244431651,40.826361723805086],[-96.691673695376863,40.826397319181886],[-96.691720535603949,40.825047141229646]]],[[[-96.679655319989905,40.813996068788548],[-96.677878215159751,40.813960297145059],[-96.677925314533553,40.812610129446895],[-96.679702383397753,40.812645899397531],[-96.681479455454166,40.812681642003632],[-96.681432428012542,40.814031813086189],[-96.679655319989905,40.813996068788548]]],[[[-96.686106563328778,40.833041310028229],[-96.684328941950241,40.833005624134508],[-96.684375942073714,40.831655454736072],[-96.686153527451197,40.831691138941181],[-96.686106563328778,40.833041310028229]]],[[[-96.67539369960987,40.834176944777234],[-96.675346513082928,40.835527104989097],[-96.673568838866245,40.835491251518405],[-96.673521613131115,40.836841409671628],[-96.675299323354693,40.836877264838904],[-96.675252130424894,40.838227424326632],[-96.673474384192005,40.838191567462715],[-96.673427152048632,40.83954172489166],[-96.671649373008464,40.839505838961053],[-96.669871597175216,40.839469925660623],[-96.66809382455132,40.839433984990507],[-96.666316055139234,40.839398016950838],[-96.666363431327184,40.838047866321673],[-96.664585701139856,40.838011872615795],[-96.66280797416897,40.837975851541948],[-96.662855419158873,40.836625703957885],[-96.661077731414451,40.836589657221914],[-96.661125209190899,40.835239510980941],[-96.65934756067243,40.835203438585495],[-96.659395071230549,40.833853293688755],[-96.657617461937562,40.833817195636527],[-96.657665005272463,40.832467052085192],[-96.655887435204448,40.832430928378812],[-96.655935011311257,40.831080786174056],[-96.655982584190696,40.829730643606489],[-96.654205089341588,40.829694495959153],[-96.654252694985871,40.828344354739265],[-96.652475239358054,40.828308181444349],[-96.650697786961985,40.828271980791513],[-96.650745461355314,40.826921842633425],[-96.652522877762323,40.826958041573285],[-96.654300297400837,40.826994213156517],[-96.656077720268428,40.827030357383002],[-96.656125283467233,40.825680213727104],[-96.6579026735741,40.825716328887651],[-96.65795019756159,40.824366183160009],[-96.659727554907235,40.824402269257149],[-96.66150491547414,40.824438327999673],[-96.661552364272239,40.823088178495425],[-96.663329692074726,40.823124208178207],[-96.665107023093384,40.823160210507375],[-96.66515439671106,40.821810057231978],[-96.665201767115278,40.820459903594191],[-96.666979029387491,40.820495875164966],[-96.668756294870491,40.820531819384449],[-96.668803590108411,40.819181661981098],[-96.668850882138258,40.817831504215469],[-96.668898170960247,40.816481346087599],[-96.670675331728162,40.816517257856916],[-96.670722581372956,40.81516709766737],[-96.672499709376183,40.815202980390843],[-96.672546919848628,40.813852818141036],[-96.674324015086682,40.813888671821168],[-96.674276840581896,40.815238835767758],[-96.676053974987653,40.815274663797972],[-96.677831112591008,40.815310464481342],[-96.679608253389574,40.815346237817728],[-96.679561183596491,40.816696406485057],[-96.679514110610427,40.818046574790571],[-96.677736897867774,40.818010798068173],[-96.677689785712772,40.819360964318712],[-96.675912540190311,40.819325158552346],[-96.675865388861496,40.820675322746503],[-96.677642670361834,40.820711130207336],[-96.677595551814761,40.822061295734017],[-96.675818234334088,40.822025486578653],[-96.674040920052278,40.821989650069973],[-96.673993726343497,40.823339811844221],[-96.67221637928067,40.823303946285193],[-96.670439035421822,40.823268053371848],[-96.668661694769355,40.823232133104334],[-96.66861438990567,40.824582289420867],[-96.66683701647807,40.824546340098195],[-96.666789672418901,40.825896494351241],[-96.666742325147951,40.827246648241918],[-96.664964882957122,40.827210668159005],[-96.665012266216664,40.825860515970888],[-96.663234863228624,40.825824510234213],[-96.663187443980732,40.82717466071847],[-96.661410008221239,40.827138625920462],[-96.66136254976594,40.828488774337004],[-96.659585081235463,40.828452710475155],[-96.659537583567868,40.829802856822539],[-96.659490082678019,40.831153002807277],[-96.661267623196366,40.831189070082353],[-96.663045166934779,40.831225109996218],[-96.664822713890814,40.831261122548732],[-96.664775317771998,40.832611273287078],[-96.664727918437748,40.833961423662956],[-96.6665055406081,40.833997412259713],[-96.666552903941579,40.832647260180927],[-96.666600264062055,40.831297107739751],[-96.668377817446043,40.831333065569126],[-96.668330493324163,40.832683219711846],[-96.670108085917306,40.832719151879694],[-96.670155374040348,40.831368996036709],[-96.671932933842527,40.83140489914237],[-96.671885681718564,40.832755056684306],[-96.673663280725521,40.832790934125562],[-96.675440882935732,40.832826784203306],[-96.677218488346767,40.832862606917423],[-96.678996096956155,40.832898402267737],[-96.680773708761507,40.832934170254106],[-96.680726633443143,40.834284335909594],[-96.67894898563506,40.834248566230656],[-96.67717134102314,40.834212769186486],[-96.67539369960987,40.834176944777234]],[[-96.668188501694118,40.836733679966066],[-96.669966202298397,40.836769617235063],[-96.670013500046565,40.835419462478875],[-96.668235835448442,40.83538352691032],[-96.668188501694118,40.836733679966066]]],[[[-96.682269039993685,40.841070909530011],[-96.680491208940268,40.841035158759091],[-96.680538300229813,40.839684994912936],[-96.68058538832463,40.838334830704902],[-96.682363147350102,40.838370578092679],[-96.682316095268035,40.839720743992252],[-96.682269039993685,40.841070909530011]]],[[[-96.66960711851641,40.796228930702952],[-96.667830500240854,40.796193017089813],[-96.666053885171635,40.796157076148646],[-96.664277273311171,40.796121107879557],[-96.664229924772144,40.797471266337347],[-96.664182573021677,40.798821424432759],[-96.6624058925009,40.798785425428562],[-96.66245328018833,40.797435269036868],[-96.662500664661906,40.796085112282725],[-96.660724059226254,40.796049089358277],[-96.658947457006676,40.796013039106356],[-96.6571708580056,40.79597696152711],[-96.655394262225428,40.795940856620675],[-96.653617669668634,40.795904724387199],[-96.653570105526057,40.79725487260373],[-96.651793480261986,40.797218711331965],[-96.650016858226394,40.797182522732143],[-96.649969218987053,40.798532667161659],[-96.648192564247353,40.798496449519902],[-96.648240239421682,40.797146306804429],[-96.648287911362672,40.795796163725981],[-96.648335580070594,40.794446020284546],[-96.650112127012605,40.794482232784368],[-96.651888677185028,40.794518417958869],[-96.653665230585418,40.794554575807908],[-96.655441787211345,40.794590706331348],[-96.657218347060379,40.794626809529028],[-96.658994910130104,40.794662885400825],[-96.660771476418063,40.794698933946584],[-96.660818890394054,40.793348778172394],[-96.662595423968398,40.793384797687168],[-96.662642798801826,40.79203463984576],[-96.664419299662057,40.792070630332056],[-96.664371960755872,40.793420789876912],[-96.666148500754048,40.793456754741477],[-96.667925043960494,40.793492692280729],[-96.669701590372782,40.793528602494526],[-96.669654356046422,40.79487876677981],[-96.66960711851641,40.796228930702952]]],[[[-96.676101113524538,40.813924498155892],[-96.674324015086682,40.813888671821168],[-96.674371186391681,40.812538507512542],[-96.676148248864052,40.81257433215184],[-96.676101113524538,40.813924498155892]]],[[[-96.669161649420943,40.859722192657721],[-96.670939965716002,40.859758131455806],[-96.670892646220679,40.861108281390557],[-96.670845323514484,40.862458430962995],[-96.669066935116376,40.862422488764068],[-96.66911429387531,40.861072340892093],[-96.669161649420943,40.859722192657721]]],[[[-96.657569915377223,40.835167338825123],[-96.65934756067243,40.835203438585495],[-96.659300046891076,40.836553583119567],[-96.661077731414451,40.836589657221914],[-96.661030250416943,40.837939803100284],[-96.659252529886231,40.837903727290936],[-96.65920500965764,40.839253871099643],[-96.660982766198146,40.839289948616035],[-96.660935278757776,40.840640093769167],[-96.659157486205046,40.840604014545647],[-96.659109959528223,40.841954157628948],[-96.660887788095621,40.841990238559667],[-96.660840294211397,40.843340382987513],[-96.659062429626914,40.843304300349537],[-96.659014896500864,40.84465444270743],[-96.657236999121807,40.844618330988105],[-96.657189426749042,40.845968471274581],[-96.655411496575937,40.845932330471427],[-96.655363884951569,40.847282468685052],[-96.653585921984899,40.84724629879554],[-96.653538271104054,40.848596434934876],[-96.65176027534433,40.848560235956505],[-96.649982282820076,40.84852400960083],[-96.648204293533752,40.848487755867993],[-96.6464263074878,40.848451474758136],[-96.644648324684667,40.848415166271415],[-96.642870345126752,40.848378830407967],[-96.642918212159032,40.847028704564302],[-96.641140271873169,40.846992343044732],[-96.641092368816544,40.848342467167917],[-96.641044462509782,40.84969259092771],[-96.639266453423133,40.849656198589408],[-96.639314395756443,40.848306076551467],[-96.637536425948923,40.848269658558692],[-96.637584401053545,40.846919537880311],[-96.639362334837202,40.846955954150026],[-96.639410270665635,40.845605831385093],[-96.641188171679943,40.845642218558105],[-96.64296607594386,40.845678578357273],[-96.644743983454987,40.845714910782441],[-96.646521894210821,40.845751215833459],[-96.646569682708758,40.844401085826313],[-96.644791807972894,40.844364782493024],[-96.644839629246306,40.843014653840342],[-96.646617467964631,40.843050955455951],[-96.646665249978696,40.841700824722409],[-96.646713028751208,40.84035069362568],[-96.646760804282408,40.839000562165765],[-96.646808576572553,40.83765043034267],[-96.64685634562187,40.836300298156438],[-96.648634007529594,40.836336563819444],[-96.648681737335181,40.83498642955405],[-96.650459366477605,40.835022666137007],[-96.652236998855457,40.835058875355742],[-96.652284653420963,40.833708737299325],[-96.654062253030332,40.83374491744167],[-96.655839855870013,40.833781070220773],[-96.655792273307711,40.835131211699931],[-96.657569915377223,40.835167338825123]]],[[[-96.643005958651301,40.794337218834613],[-96.644782495887497,40.794373513309537],[-96.644734755320087,40.795723653319257],[-96.644687011514719,40.797073792965875],[-96.642910402417314,40.797037495055321],[-96.642958182154501,40.79568735712656],[-96.643005958651301,40.794337218834613]]],[[[-96.654490674772532,40.821593643197176],[-96.654443085272348,40.822943786231249],[-96.652665773587088,40.82290761978264],[-96.65271339906684,40.821557478459972],[-96.654490674772532,40.821593643197176]]],[[[-96.647142891874864,40.828199497412712],[-96.645365449188674,40.828163214687024],[-96.645413231547636,40.82681308167561],[-96.647190638245519,40.826849362684449],[-96.648968048182226,40.826885616337108],[-96.648920337800121,40.828235752780927],[-96.647142891874864,40.828199497412712]]]]}},
{"type":"Feature","properties":{"band":60},"geometry":{"type":"MultiPolygon","coordinates":[[[[-96.793530837276222,40.812177742293976],[-96.795308036615438,40.812211731341037],[-96.79526331758143,40.813562008709027],[-96.795218595513703,40.814912285719494],[-96.793441324218705,40.814878293455017],[-96.793486082265531,40.813528018053276],[-96.791708849985767,40.813494000045431],[-96.791664055960069,40.814844273837103],[-96.78988679074024,40.814810226865916],[-96.789841957694634,40.816160498688532],[-96.789797121607563,40.817510770153419],[-96.789752282478773,40.818861041260568],[-96.787974912350336,40.818826962097951],[-96.786197545266305,40.818792855578437],[-96.786242456366281,40.817442587698231],[-96.784465128314309,40.817408455437366],[-96.784510072350528,40.816058188814637],[-96.782732783330147,40.816024030815093],[-96.782687803311362,40.817374295821189],[-96.780910481359854,40.817340108849805],[-96.780955497361006,40.815989845461651],[-96.779178214445523,40.815955632754438],[-96.777400934586126,40.815921392693603],[-96.7774460194927,40.814571132186991],[-96.775668778671047,40.814536866394405],[-96.77562365778526,40.815887125279261],[-96.775578533838512,40.817237383805882],[-96.775533406830561,40.818587641974233],[-96.773756061125425,40.818553343960296],[-96.771978718484178,40.818519018590528],[-96.772023917459578,40.817168763669805],[-96.770246613868025,40.817134412570141],[-96.76846931334498,40.817100034116223],[-96.768514581215925,40.815749782089782],[-96.768559846016146,40.814399529704829],[-96.766782620522534,40.814365127153295],[-96.766737319744294,40.815715377910038],[-96.764960061345789,40.815680946377633],[-96.764914721514174,40.817031195146242],[-96.764869378606718,40.818381443556198],[-96.763092051321422,40.818346981409462],[-96.763137430211287,40.816996734630443],[-96.761360141986671,40.816962246760944],[-96.759582856842755,40.816927731537895],[-96.759537405988766,40.818277975051188],[-96.761314727114623,40.818312491907754],[-96.761269309161634,40.819662736695797],[-96.759491952051377,40.819628218205658],[-96.759446495030403,40.820978461001275],[-96.757669105017172,40.820943913520196],[-96.757714598024748,40.819593672359517],[-96.755937247084148,40.819559099157523],[-96.755982772989569,40.818208859274094],[-96.756028295806757,40.816858619031692],[-96.756073815535927,40.815508378430316],[-96.756119332177335,40.814158137469974],[-96.75434212824527,40.814123543461669],[-96.752564927403199,40.814088922102947],[-96.752610512904681,40.812738684059333],[-96.754387677773082,40.812773303779565],[-96.754433224211141,40.811423063738445],[-96.754478767559718,40.810072823338309],[-96.756255863577294,40.810107412435222],[-96.756301367869995,40.808757170039087],[-96.758078431007547,40.808791730153615],[-96.758123896249231,40.807441485762901],[-96.759900926506276,40.807476016897567],[-96.761677959844775,40.807510520687863],[-96.761632566532626,40.808860768345987],[-96.761587170141212,40.810211015645351],[-96.763364278491466,40.810245495354749],[-96.763318914990521,40.811595743927271],[-96.763273548412286,40.812945992141096],[-96.765050731782523,40.812980447764524],[-96.765096062388096,40.811630197920017],[-96.766873212860531,40.811664624564123],[-96.766827918227875,40.813014876037983],[-96.768605107745898,40.813049276961372],[-96.770382300334177,40.81308365053453],[-96.770427523020302,40.811733395805796],[-96.77220468270275,40.811767740403099],[-96.772249866350123,40.810417483690514],[-96.772295046932584,40.809067226619575],[-96.774072137739779,40.80910154061948],[-96.7758492316092,40.809135827272613],[-96.775804122964928,40.810486087590405],[-96.777581255863595,40.810520348518146],[-96.777536180131207,40.81187061009927],[-96.779313352059603,40.81190484529894],[-96.779268309243946,40.813255108142208],[-96.781045520202525,40.813289317611165],[-96.781090527043389,40.811939053148862],[-96.782867705080122,40.811973233648899],[-96.784644886167385,40.812007386798932],[-96.784689818009852,40.810657118744544],[-96.784734746804475,40.809306850332256],[-96.784779672551466,40.80795658156206],[-96.786556748774913,40.807990702516861],[-96.788333828043307,40.80802479612526],[-96.788288974232941,40.809375068124062],[-96.790066092512504,40.809409135998266],[-96.791843213832379,40.809443176524496],[-96.79179842892168,40.81079345138911],[-96.793575589251006,40.810827466177081],[-96.793530837276222,40.812177742293976]],[[-96.757896539196906,40.81419270412772],[-96.757851058532111,40.815542946724022],[-96.759628304613628,40.815577487665749],[-96.759673749301584,40.814227243434765],[-96.761450962488922,40.814261755390987],[-96.761496368119595,40.812911509167876],[-96.759719190906893,40.812876998844956],[-96.759764629429782,40.811526753896331],[-96.757987491271464,40.811492217858429],[-96.75794201677661,40.812842461172515],[-96.756164845731206,40.812807896150659],[-96.756119332177335,40.814158137469974],[-96.757896539196906,40.81419270412772]],[[-96.773936694711722,40.813152315629637],[-96.772159495990266,40.813117996757327],[-96.772114306212387,40.814468252753194],[-96.773891540910128,40.814502573249761],[-96.773936694711722,40.813152315629637]],[[-96.775713896496114,40.813186607151316],[-96.775759011260647,40.811836347549978],[-96.773981845450351,40.811802057651214],[-96.773936694711722,40.813152315629637],[-96.775713896496114,40.813186607151316]]],[[[-96.791619258895551,40.816194547271124],[-96.791664055960069,40.814844273837103],[-96.793441324218705,40.814878293455017],[-96.793396563135488,40.816228568499142],[-96.791619258895551,40.816194547271124]]],[[[-96.793038365132432,40.827030755978051],[-96.794815960349098,40.827064762724198],[-96.794771207931518,40.828415036159114],[-96.794726452477647,40.829765309236429],[-96.792948785251582,40.829731299271437],[-96.792903990752862,40.831081570381642],[-96.7946816939873,40.831115581956162],[-96.794636932460179,40.832465854318301],[-96.792859193214952,40.832431841134188],[-96.792814392637638,40.833782111529068],[-96.794592167896099,40.83381612632283],[-96.794547400294817,40.835166397969751],[-96.794502629656094,40.836516669259055],[-96.79272478236382,40.836482651245795],[-96.792679972666875,40.837832920567628],[-96.79263515992956,40.839183189531781],[-96.792590344151662,40.840533458138218],[-96.792545525332955,40.841883726386975],[-96.794323516722073,40.841917750840011],[-96.794278730892628,40.843268020341156],[-96.792500703473181,40.843233994278016],[-96.790722679095026,40.843199940834275],[-96.790677818161456,40.844550206756139],[-96.788899760794749,40.844516124319206],[-96.788854860782479,40.845866388270458],[-96.788809957723586,40.847216651863867],[-96.787031831331845,40.84718253881703],[-96.785253707989412,40.847148398386125],[-96.785298683121951,40.845798138022381],[-96.783520598867725,40.845763971824319],[-96.781742517667467,40.845729778243786],[-96.781787561816287,40.84437952075676],[-96.781832602908949,40.843029262911635],[-96.78187764094568,40.841679004708389],[-96.781922675926708,40.840328746147065],[-96.780144741902433,40.840294531660945],[-96.780189809851791,40.83894427436055],[-96.780234874743513,40.837594016702006],[-96.780279936577784,40.83624375868532],[-96.780324995354889,40.8348935003105],[-96.780370051075025,40.833543241577559],[-96.782147805004755,40.833577447969155],[-96.783925561988752,40.833611626990042],[-96.783970542628751,40.832261364662827],[-96.782192821656565,40.832227187259356],[-96.782237835254364,40.830876926191507],[-96.782282845798321,40.829526664765609],[-96.780505199896069,40.82949246322994],[-96.780550243390735,40.828142203064516],[-96.780595283829626,40.826791942540979],[-96.782372857725761,40.826826140839678],[-96.782417859109714,40.82547587833966],[-96.784195400059303,40.825510047657041],[-96.784240362393177,40.824159783181976],[-96.786017870395781,40.824193923520525],[-96.786062793684465,40.822843657071836],[-96.787840268739586,40.822877768434076],[-96.789617746839795,40.82291185243556],[-96.789572895541824,40.824262122111705],[-96.791350412680373,40.824296180364058],[-96.791305594337643,40.825646451294304],[-96.793083150515031,40.825680483794883],[-96.793038365132432,40.827030755978051]]],[[[-96.784668753471422,40.864701750535751],[-96.782890164484527,40.864667561697033],[-96.781111578554885,40.864633345457712],[-96.781156665514729,40.86328309298478],[-96.781201749415118,40.861932840153671],[-96.782980263211257,40.861967053155247],[-96.784758780064166,40.862001238758808],[-96.784713768295092,40.863351494826304],[-96.784668753471422,40.864701750535751]]],[[[-96.747279036862238,40.812634660805251],[-96.74723334344111,40.813984893925657],[-96.745456154983259,40.813950163166645],[-96.74550188437712,40.812599931689888],[-96.743724734993904,40.812565175226091],[-96.743770497255909,40.811214945034891],[-96.741993386946859,40.811180162868972],[-96.741947588715036,40.812530391414008],[-96.740170445542944,40.812495580253746],[-96.740216279744359,40.811145353356189],[-96.740262110836795,40.809795126099083],[-96.742039182072148,40.809829933964451],[-96.742084974091142,40.808479704700481],[-96.743862012467844,40.808514483574235],[-96.743816256413808,40.809864714484256],[-96.745593333859333,40.809899467658354],[-96.74554761066905,40.811249699853796],[-96.74732472718388,40.811284427325567],[-96.747370414406291,40.809934193486598],[-96.749147498052238,40.80996889196885],[-96.750924584794745,40.810003563104978],[-96.75087896950879,40.811353800227117],[-96.752656095314009,40.811388445656632],[-96.752610512904681,40.812738684059333],[-96.750833351128449,40.812704036990105],[-96.749056192446815,40.812669362572038],[-96.747279036862238,40.812634660805251]]],[[[-96.750559575851497,40.820805450025709],[-96.748782201294048,40.82077076576023],[-96.748827874230969,40.819420532793607],[-96.747050538757151,40.819385822814354],[-96.747096244578543,40.818035591131135],[-96.748873544069639,40.81807029946777],[-96.750650846658729,40.818104980450514],[-96.750696477418899,40.816754745124165],[-96.752473747122778,40.81678939711292],[-96.75242815234337,40.818139634079252],[-96.752382554470842,40.819489870686468],[-96.754159899232036,40.81952449859979],[-96.754114334252023,40.820874736486708],[-96.752336953504965,40.820840106934583],[-96.750559575851497,40.820805450025709]]],[[[-96.779738992724432,40.85244683124678],[-96.779693894185485,40.853797084965365],[-96.779648792586286,40.855147338325736],[-96.779603687926596,40.85649759132788],[-96.777825324487154,40.856463330015721],[-96.77778018071146,40.857813581038485],[-96.77600178428014,40.857779290711434],[-96.774223390914671,40.857744972990773],[-96.774268606800248,40.856394725214244],[-96.772490252557645,40.856360381725189],[-96.772535501427299,40.855010135215252],[-96.772580747226712,40.853659888346812],[-96.774359029367488,40.853694228585951],[-96.774404236049605,40.852343979734187],[-96.774449439664394,40.850993730524003],[-96.772671229615696,40.850959393534517],[-96.772716466205736,40.849609145590676],[-96.774494640212069,40.849643480955429],[-96.774539837692885,40.848293231028478],[-96.776317978725913,40.848327537384179],[-96.776363137102351,40.846977285475525],[-96.778141245161621,40.847011562824676],[-96.778186364438596,40.845661308935775],[-96.77996443952361,40.845695557280884],[-96.779919356282392,40.847045812790441],[-96.781697470462248,40.847080035372706],[-96.781652420200402,40.848430292143505],[-96.779874269982102,40.848396067941813],[-96.7798291806225,40.849746322735008],[-96.779784088203357,40.85109657716999],[-96.779738992724432,40.85244683124678]]],[[[-96.775866226391841,40.861830036762115],[-96.777644731002965,40.861864331956951],[-96.777599574972228,40.863214581546508],[-96.779378118712529,40.863248850965171],[-96.779332995684953,40.864599101817895],[-96.777554415877148,40.864564830777738],[-96.775775839133928,40.864530532337376],[-96.773997265457751,40.864496206496952],[-96.77404249668713,40.863145960512597],[-96.775821034296271,40.863180284728941],[-96.775866226391841,40.861830036762115]]],[[[-96.706812845262903,40.748334121337081],[-96.706766436722347,40.749684331607682],[-96.704991011205848,40.749649023130985],[-96.704944563663375,40.750999231369406],[-96.704898112971478,40.752349439247126],[-96.706673610200681,40.752384751067098],[-96.706627192219088,40.753734960255883],[-96.706580771090003,40.755085169084062],[-96.706534346813186,40.756435377551611],[-96.704758741996727,40.756400060716231],[-96.702983140330687,40.75636471658872],[-96.702936641171576,40.75771492135047],[-96.702890138859416,40.759065125751455],[-96.70466581226195,40.75910047322548],[-96.704619342668352,40.760450678939058],[-96.704572869923609,40.761800884291894],[-96.702797124774875,40.761765533471085],[-96.702750613002024,40.763115736789722],[-96.704526394027525,40.763151089284023],[-96.7044799149798,40.764501293915423],[-96.704433432780206,40.765851498186095],[-96.704386947428546,40.767201702096017],[-96.70434045892452,40.768551905645197],[-96.70429396726793,40.76990210883362],[-96.704247472458505,40.771252311661307],[-96.706023471948498,40.771287646891615],[-96.705977009879987,40.772637851031185],[-96.707753048414858,40.772673160626397],[-96.707706619092122,40.774023366076712],[-96.7076601866207,40.775373571166377],[-96.705884076290076,40.775338258228224],[-96.705837604768206,40.77668846128568],[-96.70579113009471,40.7780386639824],[-96.707567312230793,40.778073980263791],[-96.707520870311825,40.779424184271491],[-96.709297091503942,40.779459474910219],[-96.709250682344376,40.780809680227769],[-96.711026942593008,40.780844945221176],[-96.710980566197691,40.782195151847375],[-96.709204270037304,40.78215988518469],[-96.709157854582543,40.783510089781025],[-96.70738152565599,40.783474794130626],[-96.70733507113691,40.784824996695633],[-96.709111435979821,40.784860294016717],[-96.709065014228898,40.786210497891808],[-96.710841418139026,40.786245769562676],[-96.71079502916109,40.787595974746658],[-96.709018589329517,40.787560701406264],[-96.708972161281466,40.788910904560083],[-96.710748637036914,40.788946179570075],[-96.710702241766242,40.790296384032906],[-96.710655843348846,40.79164658813518],[-96.710609441784442,40.792996791876845],[-96.712386028473347,40.79303204456847],[-96.712339659695587,40.794382249618124],[-96.712293287772795,40.795732454307242],[-96.710516629213771,40.795697198278418],[-96.710470218206979,40.797047400938311],[-96.710423804052255,40.798397603237589],[-96.71220053449116,40.798432862603896],[-96.71215415313182,40.799783066211404],[-96.710377386749329,40.799747805176253],[-96.708600623515295,40.799712516807091],[-96.708647076761551,40.798362316538544],[-96.706870352621465,40.79832700250693],[-96.706916838657762,40.796976803549065],[-96.706963321541238,40.795626604230463],[-96.707009801272164,40.794276404551127],[-96.707056277850739,40.792926204511062],[-96.705279700610802,40.792890869837173],[-96.705326209967993,40.791540671108763],[-96.705372716170899,40.790190472019567],[-96.703596213943939,40.79015511336582],[-96.703642752918398,40.788804915589381],[-96.703689288736641,40.787454717452093],[-96.701912861514401,40.787419334823518],[-96.700136437450567,40.787383924873239],[-96.698360016547582,40.787348487601413],[-96.698406656970548,40.785998294131254],[-96.696630275150582,40.785962831216573],[-96.694853896496085,40.785927340981921],[-96.694900605590405,40.784577150509037],[-96.694947311517083,40.783226959674998],[-96.694994014276361,40.78187676847979],[-96.696770285186915,40.781912253675266],[-96.696816948869255,40.78056206043933],[-96.69686360938708,40.779211866842324],[-96.696910266740673,40.777861672884235],[-96.696956920930262,40.776511478565105],[-96.697003571956088,40.775161283884898],[-96.697050219818408,40.773811088843658],[-96.698826278470023,40.773846536654219],[-96.698872887273623,40.77249633957404],[-96.700648913190378,40.772531758399495],[-96.70069548294012,40.7711815592818],[-96.698919492916616,40.771146142132885],[-96.697143506053465,40.77111069767804],[-96.695367522353095,40.771075225917428],[-96.695414196616667,40.769725031472142],[-96.693638251971606,40.769689534086226],[-96.693684958957874,40.768339340960104],[-96.695460867715269,40.768374836665728],[-96.695507535649128,40.76702464149826],[-96.693731662776997,40.766989147472842],[-96.69195579307177,40.766953626145799],[-96.692002529606526,40.765603433978811],[-96.692049262972191,40.764253241450618],[-96.693825060914705,40.76428875941486],[-96.693871755233815,40.762938564844163],[-96.692095993169019,40.76290304856122],[-96.692142720197211,40.761552855310647],[-96.693918446386732,40.761588369912346],[-96.693965134373713,40.760238174619403],[-96.692189444057036,40.760202661698862],[-96.692236164748749,40.758852467725902],[-96.694011819194984,40.75888797896534],[-96.694058500850815,40.757537782950152],[-96.694105179341435,40.756187586573873],[-96.692329596628767,40.756152078696438],[-96.692376307817568,40.754801883639942],[-96.694151854667084,40.754837389836489],[-96.695927404681314,40.754872868743021],[-96.697702957857842,40.754908320359391],[-96.697749558296607,40.753558119903126],[-96.699525078771543,40.753593542552245],[-96.69957164019165,40.752243340058122],[-96.69779615557573,40.752207919085905],[-96.697842749695468,40.750857717907742],[-96.69606730409528,40.750822271325909],[-96.696113930909803,40.749472071464844],[-96.697889340656076,40.749507516368617],[-96.699664753561237,40.749542933987264],[-96.699711305511201,40.74819273041053],[-96.701486685720852,40.748228119068486],[-96.701533198665004,40.746877913455549],[-96.69975785430492,40.746842526472918],[-96.699804399942664,40.745492322174471],[-96.698029094585451,40.745456909585698],[-96.698075672911926,40.744106706602885],[-96.698122248080466,40.742756503259152],[-96.698168820091297,40.741406299554519],[-96.698215388944703,40.740056095488995],[-96.69644023010801,40.740020662329677],[-96.696486831638737,40.73867045958076],[-96.694711711795946,40.738635000824296],[-96.694758345999148,40.737284799393152],[-96.696533430010092,40.737320256470895],[-96.696580025222303,40.735970053000067],[-96.698355076562706,40.736005481127044],[-96.700130131059581,40.736040881981765],[-96.700083607506954,40.737391088806056],[-96.701858700988055,40.737426464063205],[-96.703633797620995,40.737461812046568],[-96.70358734257951,40.738812021858479],[-96.703540884388303,40.740162231309718],[-96.703494423047204,40.741512440400243],[-96.703447958555927,40.742862649130082],[-96.705223201685129,40.742897976529036],[-96.70699844796232,40.742933276648742],[-96.706952052006415,40.744283488361702],[-96.706905652904695,40.745633699714077],[-96.705130334939071,40.745598396251765],[-96.705083896843462,40.746948605572165],[-96.705037455599125,40.748298814531907],[-96.706812845262903,40.748334121337081]],[[-96.695600862023653,40.764324250080058],[-96.697376666296591,40.764359713446062],[-96.69742328885954,40.763009515516629],[-96.695647520464803,40.762974053829339],[-96.695600862023653,40.764324250080058]],[[-96.703828877256456,40.783404120875268],[-96.702052557788349,40.783368743270579],[-96.702005995521716,40.784718940815772],[-96.703782350905428,40.784754320095026],[-96.703828877256456,40.783404120875268]]],[[[-96.731422809143396,40.808270457232815],[-96.733199828847205,40.808305400170191],[-96.734976851669259,40.808340315763978],[-96.736753877607114,40.808375204014041],[-96.73853090665834,40.808410064920238],[-96.738485042710167,40.809760290888249],[-96.736707977694721,40.809725428332136],[-96.734930915792859,40.809690538430857],[-96.733153857007068,40.809655621184568],[-96.731376801339735,40.809620676593376],[-96.731422809143396,40.808270457232815]]],[[[-96.72777661651449,40.810900921066043],[-96.72782269937025,40.809550705376935],[-96.729599748793319,40.809585704657465],[-96.729553701903043,40.810935922003019],[-96.72777661651449,40.810900921066043]]],[[[-96.743541654900071,40.817966092396773],[-96.745318948187872,40.818000855440758],[-96.745273206383999,40.819351085480065],[-96.747050538757151,40.819385822814354],[-96.747004829835092,40.820736054138273],[-96.745227461477029,40.820701315159994],[-96.745181713466707,40.822051544480537],[-96.743404312224868,40.82201677650071],[-96.743450096222304,40.820666548825507],[-96.741672734073347,40.820631755134976],[-96.739895375032631,40.820596934088535],[-96.738118019102544,40.820562085686312],[-96.736340666285557,40.820527209928443],[-96.736386591113515,40.819176988487833],[-96.734609277395535,40.819142087026215],[-96.73283196679526,40.819107158210521],[-96.731054659315134,40.819072202040886],[-96.73110068897023,40.817721985199491],[-96.732877960469779,40.817756939714847],[-96.734655235089249,40.817791866877577],[-96.734701189665486,40.816441646369178],[-96.736478431423819,40.816476544527511],[-96.736432512826184,40.817826766687517],[-96.738209793678195,40.81786163914456],[-96.738163907946785,40.819211862595246],[-96.739941227892913,40.81924670934832],[-96.73998707764278,40.817896484248529],[-96.741764364717554,40.817931301999316],[-96.741718550949443,40.819281528746899],[-96.743495877113958,40.819316320790861],[-96.743541654900071,40.817966092396773]]],[[[-96.70416252912419,40.825295531067809],[-96.704115940831173,40.826645720774643],[-96.702338467693551,40.826610316910049],[-96.702385091977888,40.825260128878561],[-96.70416252912419,40.825295531067809]]],[[[-96.704115940831173,40.826645720774643],[-96.70589341712936,40.826681097279781],[-96.705846861669741,40.828031288299798],[-96.707624377120339,40.828066639118184],[-96.707577854498979,40.829416831450224],[-96.705800303051717,40.829381478958929],[-96.704022754763102,40.829346099105472],[-96.704069349377548,40.827995910120528],[-96.704115940831173,40.826645720774643]]],[[[-96.705707176339487,40.832081859194538],[-96.705753741275046,40.83073166925719],[-96.707531328721416,40.830767023421437],[-96.707484799787423,40.832117215031815],[-96.705707176339487,40.832081859194538]]],[[[-96.708425013999175,40.85645596088613],[-96.708378461094568,40.857806147312736],[-96.708331905031073,40.859156333378472],[-96.706553557878465,40.859120971457294],[-96.706600149992539,40.857770787064638],[-96.706646738945295,40.85642060231104],[-96.708425013999175,40.85645596088613]]],[[[-96.702996873060357,40.859050165442767],[-96.703043537274851,40.857699984400149],[-96.704821842051814,40.857735399427064],[-96.704775213887402,40.859085582145347],[-96.702996873060357,40.859050165442767]]],[[[-96.701125125364143,40.861715078997548],[-96.701171831966505,40.860364900354199],[-96.702950205679414,40.860400346124301],[-96.702903535131782,40.861750526444752],[-96.701125125364143,40.861715078997548]]],[[[-96.695274164330073,40.773775613724744],[-96.695320844924311,40.772425420001639],[-96.697096864517448,40.772460893441384],[-96.697050219818408,40.773811088843658],[-96.695274164330073,40.773775613724744]]],[[[-96.696536919299447,40.788663214438643],[-96.698313372961337,40.788698680710532],[-96.700089829786748,40.788734119659708],[-96.700043218961866,40.790084314085185],[-96.698266726211585,40.790048873458609],[-96.696490236625095,40.79001340550802],[-96.696536919299447,40.788663214438643]]],[[[-96.692982932450164,40.839934663678847],[-96.693029768450572,40.838584487657215],[-96.694807549769166,40.838620043456281],[-96.694760749783228,40.839970221160414],[-96.692982932450164,40.839934663678847]]],[[[-96.699673850769443,40.852228357817168],[-96.699627127138356,40.853578536949378],[-96.699580400336899,40.854928715720405],[-96.697802177157257,40.854893221885199],[-96.697848940000739,40.853543044793525],[-96.697895699671449,40.852192867340591],[-96.699673850769443,40.852228357817168]]],[[[-96.694198902214765,40.856172325424062],[-96.694245740319516,40.854822152056364],[-96.696023957150643,40.8548577006638],[-96.695977155089892,40.856207875713508],[-96.694198902214765,40.856172325424062]]],[[[-96.692233124115376,40.86153743087025],[-96.69228001098773,40.860187260631776],[-96.692326894678772,40.858837090031813],[-96.694105216470547,40.858872671075254],[-96.694058368830582,40.860222843358706],[-96.695836729852331,40.860258398694555],[-96.697615094050533,40.860293926639187],[-96.697568315339439,40.861644101924462],[-96.695789915087232,40.861608572298863],[-96.694011518011735,40.861573015280747],[-96.692233124115376,40.86153743087025]]],[[[-96.687564483367396,40.739843087396494],[-96.687611264067087,40.738492893054492],[-96.68765804159527,40.737142698351185],[-96.689433112945409,40.737178264521056],[-96.691208187464383,40.737213803418108],[-96.691161481598201,40.738564001487902],[-96.692936595114958,40.738599514793293],[-96.692889921915906,40.739949714183318],[-96.691114772565371,40.739914199196541],[-96.689339626381724,40.739878656934216],[-96.687564483367396,40.739843087396494]]],[[[-96.694667028437408,40.791328099261776],[-96.694620303501182,40.79267828792878],[-96.696396861777529,40.792713786563404],[-96.696350169603846,40.794063976549424],[-96.69457357539585,40.794028476234594],[-96.694526844121143,40.795378664179204],[-96.692750217148642,40.79534313485523],[-96.692796984357201,40.793992948592177],[-96.69102039649033,40.793957393622307],[-96.691067196458263,40.792607208680757],[-96.689290647696566,40.792571628067655],[-96.687514102111251,40.792536020128694],[-96.687467230281698,40.793886201700793],[-96.685690651944796,40.793850564749434],[-96.683914076789407,40.79381490047119],[-96.682137504817959,40.793779208866212],[-96.680360936032912,40.793743489934634],[-96.680407951582779,40.792393315116897],[-96.678631421915995,40.792357570550664],[-96.678584370436667,40.793707743676585],[-96.676807808031668,40.793671970092234],[-96.676854895440215,40.79232179865943],[-96.67507837215787,40.792285999443308],[-96.675031248820346,40.793636169181717],[-96.673254692805145,40.793600340945154],[-96.673207530340363,40.794950508625853],[-96.671430941592774,40.794914651366341],[-96.671478139988466,40.79356448538271],[-96.669701590372782,40.793528602494526],[-96.66974882149573,40.792178437847085],[-96.66797231101144,40.792142529332864],[-96.667925043960494,40.793492692280729],[-96.666148500754048,40.793456754741477],[-96.664371960755872,40.793420789876912],[-96.664419299662057,40.792070630332056],[-96.662642798801826,40.79203463984576],[-96.662595423968398,40.793384797687168],[-96.660818890394054,40.793348778172394],[-96.659042360035272,40.79331273133274],[-96.658994910130104,40.794662885400825],[-96.657218347060379,40.794626809529028],[-96.655441787211345,40.794590706331348],[-96.653665230585418,40.794554575807908],[-96.651888677185028,40.794518417958869],[-96.650112127012605,40.794482232784368],[-96.648335580070594,40.794446020284546],[-96.648287911362672,40.795796163725981],[-96.648240239421682,40.797146306804429],[-96.646463623850323,40.797110063548956],[-96.64651133172363,40.795759922185781],[-96.644734755320087,40.795723653319257],[-96.644782495887497,40.794373513309537],[-96.643005958651301,40.794337218834613],[-96.642958182154501,40.79568735712656],[-96.642910402417314,40.797037495055321],[-96.641133796560538,40.797001169817435],[-96.639357193946822,40.796964817252388],[-96.63940504554688,40.795614682763208],[-96.639452893901705,40.794264547910714],[-96.639500739011524,40.792914412694905],[-96.637724247429219,40.792878037967796],[-96.63767636639318,40.794228171462017],[-96.63589984213209,40.794191767688993],[-96.635851921920263,40.795541899096875],[-96.635803998458314,40.796892030141301],[-96.634027405588384,40.796855595595574],[-96.633979442943087,40.798205724552155],[-96.632202817393207,40.798169260954133],[-96.632250815971233,40.796819133723233],[-96.630474229609334,40.796782644524448],[-96.62869764650506,40.796746127999342],[-96.626921066660884,40.796709584148068],[-96.625144490079222,40.796673012970771],[-96.623367916762504,40.796636414467606],[-96.623416091733148,40.795286295520491],[-96.623464263436645,40.793936176209435],[-96.625240764897669,40.793972771248548],[-96.627017269623138,40.794009338964365],[-96.627065366211113,40.792659215826824],[-96.625288897410101,40.79262264984164],[-96.623512431873266,40.792586056534439],[-96.62356059704328,40.791235936495518],[-96.623608758946901,40.789885816092664],[-96.625385152642622,40.789922405936224],[-96.627161549602036,40.789958968460361],[-96.628937949822728,40.789995503664933],[-96.62898600070875,40.788645377706885],[-96.630762368270609,40.788681883863909],[-96.632538739088616,40.788718362702369],[-96.634315113160341,40.788754814222109],[-96.636091490483352,40.788791238423002],[-96.636139394448392,40.787441105197921],[-96.637915739104045,40.787477500357205],[-96.637867871055221,40.788827635304898],[-96.639644254873531,40.788864004867648],[-96.639692087005869,40.787513868198644],[-96.641468438151435,40.787550208722074],[-96.641420641935824,40.78890034711111],[-96.643197032239698,40.788936662035134],[-96.643244792538326,40.787586521927373],[-96.645021150164098,40.78762280781438],[-96.644973425782695,40.788972949639586],[-96.646749822562398,40.789009209924316],[-96.646797511026321,40.78765906638295],[-96.64857387512258,40.787695297632965],[-96.650350242450429,40.787731501564245],[-96.652126613007439,40.787767678176664],[-96.65217419049074,40.786417529131789],[-96.653950528358436,40.786453676714288],[-96.655726869450191,40.786489796978934],[-96.655679363799223,40.787839949444354],[-96.657455744029122,40.787876044099342],[-96.659232127478475,40.787912111434885],[-96.661008514144825,40.787948151450834],[-96.662784904025756,40.787984164147083],[-96.662832266009119,40.786634004856055],[-96.662879624780587,40.785283845202635],[-96.664655946041051,40.785319827172728],[-96.664608623184677,40.786669988529255],[-96.666384983569699,40.786705944883742],[-96.666432270510739,40.785355781825409],[-96.668208598187221,40.785391709160521],[-96.669984929068036,40.785427609177894],[-96.671761263150813,40.785463481877436],[-96.673537600433065,40.785499327258975],[-96.67349045715585,40.786849497111632],[-96.675266833551746,40.786885316870396],[-96.675313940912389,40.785535145322363],[-96.677090284586356,40.785570936067494],[-96.677043213142511,40.786921109309581],[-96.678819595925745,40.786956874429052],[-96.678866631452522,40.785606699494188],[-96.680642981508456,40.785642435602306],[-96.682419334751742,40.785678144391724],[-96.684195691179923,40.785713825862295],[-96.684148763405801,40.787064005867734],[-96.685925158934509,40.787099661706925],[-96.685972050790596,40.785749480013877],[-96.687748413581318,40.785785106846312],[-96.687701557643521,40.787135290225685],[-96.689477959530393,40.787170891423877],[-96.689524779549672,40.785820706359488],[-96.691301148693185,40.78585627855324],[-96.691347929620932,40.784506091443809],[-96.693124266020632,40.78454163463563],[-96.693077521009485,40.785891823427434],[-96.694853896496085,40.785927340981921],[-96.694807184233866,40.787277531093658],[-96.694760468803509,40.788627720844204],[-96.69471375020477,40.789977910233581],[-96.694667028437408,40.791328099261776]],[[-96.626969169773147,40.795359461738116],[-96.628745713687763,40.795396003859906],[-96.628793777610625,40.794045879356744],[-96.627017269623138,40.794009338964365],[-96.626969169773147,40.795359461738116]],[[-96.630570288857697,40.794082392425551],[-96.630618313596017,40.792732265830615],[-96.6288418382739,40.79269575448987],[-96.628793777610625,40.794045879356744],[-96.630570288857697,40.794082392425551]]],[[[-96.689056436433233,40.799322540740945],[-96.68910328504019,40.797972358929115],[-96.69087997754022,40.798007946278908],[-96.690833164873922,40.799358129775072],[-96.689056436433233,40.799322540740945]]],[[[-96.686904520288408,40.810088352369732],[-96.685127510596416,40.810052695173248],[-96.685080561457582,40.811402870358251],[-96.683303518988211,40.81136718413056],[-96.683256530700419,40.812717357265051],[-96.681479455454166,40.812681642003632],[-96.679702383397753,40.812645899397531],[-96.677925314533553,40.812610129446895],[-96.677878215159751,40.813960297145059],[-96.679655319989905,40.813996068788548],[-96.679608253389574,40.815346237817728],[-96.677831112591008,40.815310464481342],[-96.676053974987653,40.815274663797972],[-96.674276840581896,40.815238835767758],[-96.674324015086682,40.813888671821168],[-96.672546919848628,40.813852818141036],[-96.672499709376183,40.815202980390843],[-96.670722581372956,40.81516709766737],[-96.670675331728162,40.816517257856916],[-96.668898170960247,40.816481346087599],[-96.668850882138258,40.817831504215469],[-96.668803590108411,40.819181661981098],[-96.667026360602094,40.819145719462547],[-96.667073688606152,40.817795563397787],[-96.66529649828432,40.817759595231394],[-96.665343859049656,40.816409440506405],[-96.663566707911855,40.816373446694804],[-96.663614101433566,40.815023293310752],[-96.661836989479283,40.81498727385663],[-96.660059880742068,40.814951227056802],[-96.660012415283376,40.816301377030371],[-96.661789559988947,40.816337425536091],[-96.661742127281272,40.817687576853025],[-96.661694691356018,40.819037727807441],[-96.659917474706404,40.81900167588973],[-96.659869999587642,40.8203518247755],[-96.659822521248358,40.821701973298666],[-96.661599809851737,40.821738028628644],[-96.663377101673447,40.821774056606465],[-96.66515439671106,40.821810057231978],[-96.665107023093384,40.823160210507375],[-96.663329692074726,40.823124208178207],[-96.661552364272239,40.823088178495425],[-96.66150491547414,40.824438327999673],[-96.659727554907235,40.824402269257149],[-96.65795019756159,40.824366183160009],[-96.6579026735741,40.825716328887651],[-96.656125283467233,40.825680213727104],[-96.656077720268428,40.827030357383002],[-96.654300297400837,40.826994213156517],[-96.652522877762323,40.826958041573285],[-96.650745461355314,40.826921842633425],[-96.650697786961985,40.828271980791513],[-96.652475239358054,40.828308181444349],[-96.654252694985871,40.828344354739265],[-96.654205089341588,40.829694495959153],[-96.655982584190696,40.829730643606489],[-96.655935011311257,40.831080786174056],[-96.655887435204448,40.832430928378812],[-96.655839855870013,40.833781070220773],[-96.654062253030332,40.83374491744167],[-96.652284653420963,40.833708737299325],[-96.652236998855457,40.835058875355742],[-96.650459366477605,40.835022666137007],[-96.648681737335181,40.83498642955405],[-96.648634007529594,40.836336563819444],[-96.64685634562187,40.836300298156438],[-96.646904111430644,40.834950165607012],[-96.646951873999114,40.833600032694441],[-96.646999633327511,40.832249899418713],[-96.645222082661817,40.832213611542066],[-96.645174287335365,40.833563743100655],[-96.645126488766422,40.834913874296035],[-96.643348869344948,40.834877555621254],[-96.643396703914121,40.833527426144364],[-96.641619123737797,40.833491081825713],[-96.641571253168635,40.834841209582827],[-96.639793640239958,40.834804836180894],[-96.639841546808853,40.833454710144871],[-96.638063973129718,40.833418311101937],[-96.638111912445851,40.832068186424785],[-96.636334378015761,40.832031761743522],[-96.636382350074257,40.830681638426391],[-96.6346048548927,40.830645188109465],[-96.634556846840098,40.831995309701774],[-96.63450883553061,40.833345430930457],[-96.632731271615526,40.833308949802202],[-96.630953710960014,40.833272441312438],[-96.630905624396206,40.834622558723702],[-96.629128031004441,40.834586021143778],[-96.629176153566462,40.833235905461343],[-96.627398599437356,40.833199342249046],[-96.62735044087735,40.834549456201358],[-96.625572854017378,40.834512863896592],[-96.623795270426982,40.834476244229634],[-96.62384350098219,40.833126133741452],[-96.62206595666099,40.833089488446433],[-96.620288415613985,40.833052815790793],[-96.620240113064582,40.83440292280968],[-96.618462539297468,40.834366221056989],[-96.618510877843576,40.83301611577469],[-96.616733343352237,40.832979388398265],[-96.614955812142384,40.832942633661666],[-96.61317828421646,40.83290585156503],[-96.611400759576881,40.832869042108506],[-96.609623238226106,40.832832205292242],[-96.60784572016658,40.832795341116373],[-96.606068205400717,40.832758449581078],[-96.604290693930963,40.832721530686477],[-96.604339317143172,40.831371438978614],[-96.602561844963958,40.831334494473012],[-96.602610500867456,40.829984404148441],[-96.600833067978286,40.829947434034494],[-96.600881756568171,40.828597345094337],[-96.599104362968532,40.828560349374712],[-96.59915308423993,40.827210261820163],[-96.600930441855382,40.827247255789239],[-96.600979123840219,40.825897166119212],[-96.601027802522893,40.824547076084279],[-96.602805091479183,40.824584039201419],[-96.602853730882828,40.823233947052515],[-96.601076477903689,40.823196985684412],[-96.601125149982835,40.821846894919631],[-96.59934793627977,40.821809907951959],[-96.599396641029543,40.820459818572459],[-96.6011738187606,40.820496803789965],[-96.602950999792796,40.820533761660243],[-96.602999629299603,40.819183668416855],[-96.603048255507971,40.817833574808638],[-96.601271146412984,40.817796620435935],[-96.599494040618637,40.81775963871857],[-96.597716938127348,40.817722629656721],[-96.597668204017566,40.819072718014816],[-96.595891068865143,40.819035679856],[-96.595939838941561,40.817685593250516],[-96.594162743063677,40.817648529500119],[-96.594211545796099,40.816298444283383],[-96.59426034521843,40.814948358701479],[-96.594309141330896,40.813598272754433],[-96.596086129324263,40.813635331243518],[-96.596134886170489,40.812285243177698],[-96.596183639709821,40.810935154746801],[-96.597960559098979,40.810972182390941],[-96.598009273379645,40.809622091842783],[-96.599786160120743,40.809659090398135],[-96.599737481792374,40.811009182697205],[-96.601514407787533,40.81104615566543],[-96.60146576211234,40.812396249349256],[-96.603242727362087,40.812433196727689],[-96.605019695908993,40.812470116766512],[-96.605068269673495,40.811120019587165],[-96.603291337082055,40.811083101295466],[-96.603339943505105,40.809733005498458],[-96.605116840143495,40.809769922043124],[-96.605165407319262,40.808419824134376],[-96.606942271301023,40.8084567115962],[-96.606893740076117,40.80980681125061],[-96.606845205559409,40.811156910540404],[-96.608622144737382,40.811193774155022],[-96.610399087204982,40.811230610430847],[-96.610350621308442,40.81258071284374],[-96.612127603019701,40.81261752352259],[-96.61207916979464,40.813967627312977],[-96.610302152124461,40.813930814892117],[-96.610253679652786,40.815280916575972],[-96.612030733284328,40.815317730738904],[-96.611982293488509,40.816667833800395],[-96.613759386369608,40.816704622361243],[-96.61371097925452,40.818054726799197],[-96.611933850406928,40.818017936497419],[-96.611885404039342,40.819368038829971],[-96.611836954385467,40.820718140798057],[-96.613614155173309,40.820754934581878],[-96.613565738206717,40.822105037926612],[-96.613517317955768,40.823455140906937],[-96.615294593978206,40.823491910822256],[-96.617071873282796,40.823528653386596],[-96.617120221580535,40.822178546927745],[-96.618897468187868,40.822215260403631],[-96.620674718072223,40.822251946529533],[-96.622451971231186,40.822288605305303],[-96.624229227662326,40.822325236730791],[-96.624277428780928,40.820975122966409],[-96.626054652506227,40.82101172530939],[-96.626006487363185,40.822361840805861],[-96.627783750331318,40.822398417530366],[-96.629561016564324,40.822434966904147],[-96.629609109755521,40.82108484794739],[-96.631386343274642,40.82112136824211],[-96.631338286059744,40.822471488927093],[-96.633115558815149,40.822507983599024],[-96.634892834828108,40.8225444509198],[-96.636670114096191,40.822580890889292],[-96.636622161559018,40.82393101638764],[-96.638399480059519,40.823967430728793],[-96.640176801810497,40.824003817717077],[-96.641954126809537,40.824040177352344],[-96.642001971406714,40.82269004668855],[-96.640224682387924,40.822653688773819],[-96.640272559717545,40.821303559467189],[-96.63849530992411,40.821267175922458],[-96.636718063380656,40.821230765027451],[-96.634940820089653,40.82119432678229],[-96.634988802096316,40.819844202281203],[-96.633211598034535,40.81980773841159],[-96.633259612758536,40.818457615272415],[-96.633307624225736,40.817107491769598],[-96.631530495361929,40.817071004004916],[-96.631482447925478,40.818421125781022],[-96.629705286351665,40.818384608942516],[-96.629753369757111,40.8170344888944],[-96.627976247413699,40.8169979464382],[-96.62619912833415,40.816961376636456],[-96.626150972991454,40.818311493224691],[-96.624373821209957,40.818274894345663],[-96.624422012520895,40.81692477948932],[-96.622644899976336,40.816888154996917],[-96.622693123984106,40.81553804150969],[-96.622741344720964,40.814187927658445],[-96.620964307375758,40.814151279289661],[-96.619187273303623,40.814114603578496],[-96.619235562690463,40.812764492833004],[-96.621012560802399,40.812801166808619],[-96.621060810956223,40.811451053963488],[-96.621109057837444,40.810100940754268],[-96.622885987308649,40.810137583920508],[-96.622934194964415,40.808787468613176],[-96.624711091752147,40.808824082708],[-96.624662920049758,40.810174199748097],[-96.626439856058326,40.810210788236887],[-96.626487991807068,40.808860669465332],[-96.628264895126776,40.808897228885023],[-96.630041801708828,40.808933760966923],[-96.631818711550778,40.808970265710876],[-96.631866736179617,40.80762014138903],[-96.633643613326839,40.807656617068673],[-96.633595624650212,40.809006743116754],[-96.635372541004699,40.809043193184408],[-96.637149460611781,40.809079615913681],[-96.638926383469041,40.809116011304447],[-96.638878499402807,40.81046614216006],[-96.640655461463467,40.810502511933294],[-96.640607610107295,40.811852644146711],[-96.642384611371838,40.811888988299749],[-96.644161615879739,40.811925305111245],[-96.644113833199555,40.813275440399991],[-96.645890876909661,40.813311731587206],[-96.645938623628595,40.811961594581057],[-96.647715634615949,40.811997856709063],[-96.649492648839384,40.8120340914951],[-96.651269666296443,40.81207029893902],[-96.651317301898914,40.810720156425546],[-96.653094286627351,40.810756334815061],[-96.653141883041457,40.809406190226618],[-96.654918835040803,40.809442339564228],[-96.654966392271433,40.808092192902215],[-96.656743311541163,40.808128313190444],[-96.658520234034029,40.808164406139866],[-96.660297159747628,40.808200471750325],[-96.662074088679518,40.8082365100217],[-96.662026675272159,40.809586663513684],[-96.66380364337634,40.809622676150077],[-96.663756262711772,40.810972830983886],[-96.665533269988742,40.811008817982639],[-96.665580614694193,40.809658661445781],[-96.665627956188416,40.808308504546567],[-96.667404894760551,40.808344460799781],[-96.669181836541256,40.808380389713335],[-96.670958781528071,40.808416291287074],[-96.672735729718568,40.808452165520862],[-96.672688532053584,40.809802329219039],[-96.674465519403256,40.809838177809233],[-96.674512681110329,40.808488012414543],[-96.676289635700883,40.808523831967982],[-96.678066593487841,40.808559624181051],[-96.67811368008438,40.807209455035348],[-96.679890605109051,40.807245218215328],[-96.681667533324998,40.807280954055919],[-96.68344446472976,40.807316662557007],[-96.685221399320938,40.807352343718428],[-96.686998337096085,40.807387997540047],[-96.688775278052745,40.807423624021737],[-96.68872840719726,40.808773803303446],[-96.688681533162409,40.810123982223701],[-96.686904520288408,40.810088352369732]],[[-96.676101113524538,40.813924498155892],[-96.676148248864052,40.81257433215184],[-96.674371186391681,40.812538507512542],[-96.674324015086682,40.813888671821168],[-96.676101113524538,40.813924498155892]],[[-96.658045235865728,40.821665890616657],[-96.65799771832539,40.823016037069671],[-96.659775039688299,40.823052121459213],[-96.659822521248358,40.821701973298666],[-96.658045235865728,40.821665890616657]],[[-96.606116792620668,40.831408356126353],[-96.606165376544766,40.830058262306899],[-96.604387937057083,40.830021346905944],[-96.604339317143172,40.831371438978614],[-96.606116792620668,40.831408356126353]],[[-96.647190638245519,40.826849362684449],[-96.645413231547636,40.82681308167561],[-96.645365449188674,40.828163214687024],[-96.647142891874864,40.828199497412712],[-96.648920337800121,40.828235752780927],[-96.648968048182226,40.826885616337108],[-96.647190638245519,40.826849362684449]],[[-96.652618144876598,40.824257760742427],[-96.652665773587088,40.82290761978264],[-96.654443085272348,40.822943786231249],[-96.654490674772532,40.821593643197176],[-96.65271339906684,40.821557478459972],[-96.650936126591645,40.821521286371329],[-96.649158857349391,40.82148506693138],[-96.647381591342523,40.821448820140276],[-96.645604328573469,40.821412545998157],[-96.645556559178004,40.82276268046229],[-96.647333857925616,40.822798956320973],[-96.6491111599113,40.822835204827356],[-96.649063459237567,40.824185342360323],[-96.649015755327966,40.825535479530231],[-96.650793132514679,40.825571704112356],[-96.652570512935085,40.825607901339303],[-96.652618144876598,40.824257760742427]],[[-96.647477048463116,40.818748546689598],[-96.647429321521599,40.820098683596484],[-96.649206551552112,40.820134928672381],[-96.649254242519689,40.818784790050351],[-96.647477048463116,40.818748546689598]],[[-96.645795373755263,40.8160120045101],[-96.647572492634453,40.816048271786585],[-96.647620209864769,40.814698133790486],[-96.645843126951974,40.814661868230218],[-96.645795373755263,40.8160120045101]]],[[[-96.686106563328778,40.833041310028229],[-96.686153527451197,40.831691138941181],[-96.687931116014624,40.831726795783091],[-96.687884187893502,40.833076968557457],[-96.686106563328778,40.833041310028229]]],[[[-96.687602552299396,40.841177997610373],[-96.685824711675679,40.841142328955797],[-96.685777725244776,40.842492497511216],[-96.683999851790617,40.842456799795293],[-96.683952826151256,40.843806966299873],[-96.685730735625981,40.843842665704948],[-96.685683742819009,40.845192833536984],[-96.687461691505149,40.845228507255143],[-96.687414731535469,40.846578676413486],[-96.689192719433478,40.846614324442065],[-96.689145792305979,40.847964494925542],[-96.687367768379588,40.847928845210198],[-96.687320802037263,40.849279013645244],[-96.685542745266773,40.849243334862905],[-96.685495739704734,40.850593501248113],[-96.687273832508239,40.850629181718659],[-96.687226859792275,40.85197934943043],[-96.689004991818408,40.852015004206486],[-96.689051928498685,40.850664834807759],[-96.690830027673627,40.850700460515249],[-96.690783127029292,40.85205063159966],[-96.690736223202634,40.853400802322554],[-96.688958051953392,40.853365173243638],[-96.687179883889115,40.853329516780526],[-96.68540171901229,40.853293832933367],[-96.685448730953325,40.851943667271605],[-96.683670605304002,40.851907957730184],[-96.681892482846763,40.851872220806285],[-96.680114363584011,40.85183645650006],[-96.680161480440276,40.850486295549132],[-96.678383400408947,40.850450505554171],[-96.676605323576752,40.850414688178468],[-96.676558134651799,40.851764845741215],[-96.674780024987228,40.851728999288866],[-96.674827249946119,40.850378843422149],[-96.674874471701003,40.849028687193304],[-96.676652509300098,40.849064530253656],[-96.676699691822108,40.847714371966795],[-96.676746871143052,40.846364213317884],[-96.67679404726313,40.845014054306937],[-96.678571979982877,40.845049864904382],[-96.678619116880355,40.843699703836982],[-96.676841220182638,40.843663894933933],[-96.675063326685247,40.843628058656755],[-96.67511053242373,40.842277900617361],[-96.673332678148213,40.842242038663095],[-96.673379916700782,40.840891881958463],[-96.675157734959669,40.840927742215861],[-96.67693555642083,40.840963575101874],[-96.678713381081835,40.840999380616324],[-96.678760508386333,40.839649218463066],[-96.680538300229813,40.839684994912936],[-96.680491208940268,40.841035158759091],[-96.682269039993685,40.841070909530011],[-96.682316095268035,40.839720743992252],[-96.682363147350102,40.838370578092679],[-96.68058538832463,40.838334830704902],[-96.678807632493644,40.838299055947871],[-96.677029879859589,40.838263253821736],[-96.675252130424894,40.838227424326632],[-96.675299323354693,40.836877264838904],[-96.673521613131115,40.836841409671628],[-96.673568838866245,40.835491251518405],[-96.675346513082928,40.835527104989097],[-96.67539369960987,40.834176944777234],[-96.67717134102314,40.834212769186486],[-96.67894898563506,40.834248566230656],[-96.680726633443143,40.834284335909594],[-96.680773708761507,40.832934170254106],[-96.682551323760336,40.832969910876415],[-96.684328941950241,40.833005624134508],[-96.686106563328778,40.833041310028229],[-96.686059596020158,40.834391480753638],[-96.686012625525123,40.835741651117395],[-96.687790322099758,40.835777313021467],[-96.687743384426639,40.837127484711097],[-96.689521120194371,40.837163120934164],[-96.689474215348071,40.838513293948488],[-96.689427307319477,40.83986346660128],[-96.6876494995267,40.839827827005543],[-96.687602552299396,40.841177997610373]],[[-96.678854753404039,40.836948893070733],[-96.680632473224975,40.836984666134995],[-96.680679554931046,40.835634501203224],[-96.678901871117773,40.835598729831659],[-96.678854753404039,40.836948893070733]]],[[[-96.690689316193442,40.854750972683902],[-96.690736223202634,40.853400802322554],[-96.69251439763444,40.853436404017145],[-96.692467526666292,40.854786576063006],[-96.692420652517811,40.856136747747421],[-96.690642406001444,40.85610114268372],[-96.690689316193442,40.854750972683902]]],[[[-96.686850963305204,40.86278067810423],[-96.688629383704708,40.862816346378523],[-96.688582418352894,40.864166512522708],[-96.688535449814111,40.865516678305241],[-96.688488478088118,40.866866843726129],[-96.686709949508327,40.866831170388892],[-96.684931424118403,40.866795469654654],[-96.68488437707525,40.868145631337029],[-96.684837326839514,40.869495792657595],[-96.683058732510489,40.869460061145702],[-96.683011643012563,40.870810220413937],[-96.681233015809681,40.870774459810946],[-96.681280141376732,40.869424302234513],[-96.679501553440701,40.869388515924186],[-96.677722968704813,40.869352702214847],[-96.677770163206802,40.868002547663821],[-96.677817354506459,40.866652392750716],[-96.67603884510261,40.86661655503368],[-96.67599161773947,40.867966708251231],[-96.675944387171526,40.869316861106647],[-96.674165808843256,40.869280992599727],[-96.674213075476914,40.867930841441222],[-96.672434536421591,40.867894947233935],[-96.672481835911015,40.866544797411372],[-96.670703336128128,40.866508877506369],[-96.670656000575931,40.8678590256295],[-96.670608661811627,40.869209173390281],[-96.668830093113144,40.869173222688055],[-96.668877467942409,40.867823076628071],[-96.667098938523438,40.867787100229769],[-96.665320412321478,40.867751096434773],[-96.66536785606047,40.866400953417724],[-96.665415296580264,40.86505081003812],[-96.66719375066063,40.865086810426561],[-96.668972207957509,40.865122783420865],[-96.669019573143842,40.863772636273673],[-96.667241151904364,40.863736664981239],[-96.667288549931826,40.862386519173469],[-96.667335944743272,40.861036373003238],[-96.667383336338958,40.859686226470558],[-96.665605026472505,40.859650232894438],[-96.665652450900055,40.858300087702226],[-96.663874180298663,40.858264068441507],[-96.662095912917422,40.858228021793416],[-96.662048416395876,40.859578163575932],[-96.662000916651493,40.860928304995802],[-96.660222580397146,40.860892227546849],[-96.660270116190603,40.859542087833837],[-96.658491819210596,40.859505984703368],[-96.656713525458315,40.859469854184667],[-96.656665917567466,40.860819990480081],[-96.656618306446219,40.862170126412636],[-96.65483994382501,40.862133965084297],[-96.654792293419888,40.863484098943104],[-96.653013897978823,40.863447908512065],[-96.653061584436912,40.862097776365431],[-96.651283228284342,40.862061560256173],[-96.651330947557142,40.860711429459933],[-96.649552630692568,40.86067518767512],[-96.649600382775219,40.859325058230446],[-96.647822105198145,40.859288790772744],[-96.646043830863448,40.859252495927691],[-96.646091651795686,40.857902369552868],[-96.64431341675018,40.857866049039025],[-96.644361270479806,40.856515924019305],[-96.646139469483373,40.856552242814779],[-96.64618728392675,40.855202115713432],[-96.646235095126073,40.853851988248842],[-96.648013225296879,40.853888276225753],[-96.648060997217527,40.852538146681063],[-96.646282903081598,40.852501860421029],[-96.646330707793553,40.851151732229958],[-96.644552652933356,40.851115420307259],[-96.642774601318905,40.851079081005246],[-96.64272672454284,40.852429205758838],[-96.642678844518315,40.853779330149045],[-96.640900724086251,40.853742960026437],[-96.640852804776486,40.855093082332466],[-96.640804882215335,40.856443204275038],[-96.642583074722992,40.856479577839345],[-96.642535184951669,40.857829701139408],[-96.640756956402583,40.857793325854146],[-96.638978731105382,40.857756923183388],[-96.637200509062495,40.857720493127289],[-96.635422290276367,40.857684035685985],[-96.635470324211965,40.856333919277496],[-96.637248506957391,40.856370374993965],[-96.639026692959348,40.856406803326536],[-96.639074651559227,40.855056683106142],[-96.639122606905303,40.853706562522213],[-96.637344492977917,40.853670137636527],[-96.637392481104058,40.852320018412442],[-96.637440465974421,40.850969898824765],[-96.637488447589305,40.849619778873517],[-96.635710445010716,40.849583331780181],[-96.633932445689837,40.849546857309555],[-96.633980496101316,40.84819674044487],[-96.632202536066103,40.848160240324084],[-96.630424579293219,40.848123712827601],[-96.628646625785095,40.84808715795554],[-96.626868675544173,40.848050575708072],[-96.626916866786701,40.846700465395188],[-96.625138955837514,40.846663857504552],[-96.623361048160135,40.846627222240066],[-96.62340930817237,40.845277115028601],[-96.62163143978843,40.845240454125054],[-96.62158314375705,40.846590559601893],[-96.619805242630648,40.846553869590181],[-96.619853574680945,40.845203765849256],[-96.618075712852345,40.845167050201347],[-96.618027344783386,40.84651715220506],[-96.616249450217708,40.846480407446684],[-96.61629785430506,40.845130307181485],[-96.614519999041548,40.845093536789811],[-96.614471558936046,40.846443635315211],[-96.612693670940828,40.846406835810761],[-96.612742147064239,40.845056739026461],[-96.610964298375578,40.845019913891591],[-96.611012807225549,40.843669818485083],[-96.609234997842904,40.843632967722449],[-96.609283539414562,40.842282873694899],[-96.60750576933745,40.84224599730716],[-96.607554343625921,40.840895904659732],[-96.60933207769321,40.840932779302705],[-96.611109815053254,40.840969626578321],[-96.611158314031513,40.839619530078089],[-96.612936018673992,40.839656348244105],[-96.61471372660408,40.839693139043767],[-96.616491437819377,40.83972990247694],[-96.618269152317424,40.839766638543473],[-96.618317503982283,40.838416534718263],[-96.620095185754167,40.838453241681137],[-96.621872870803671,40.838489921278367],[-96.623650559128379,40.838526573509817],[-96.623698799500332,40.837176464113817],[-96.625476455092993,40.837213087246411],[-96.625428250725832,40.838563198375326],[-96.627205945593602,40.838599795874757],[-96.628983643729242,40.838636366007968],[-96.629031776086066,40.837286251417105],[-96.630809441481617,40.837322792454898],[-96.632587110139895,40.837359306127475],[-96.634364782058483,40.837395792434677],[-96.636142457234939,40.837432251376377],[-96.637920135666846,40.837468682952419],[-96.637968084740464,40.836118559365765],[-96.639745730420998,40.836154961853495],[-96.639697817351745,40.837505087162654],[-96.641475502287207,40.837541464006947],[-96.643253190470787,40.83757781348514],[-96.643301031530569,40.836227684734851],[-96.645078686954733,40.836264005128186],[-96.645030881900041,40.8376141355971],[-96.646808576572553,40.83765043034267],[-96.646760804282408,40.839000562165765],[-96.646713028751208,40.84035069362568],[-96.646665249978696,40.841700824722409],[-96.646617467964631,40.843050955455951],[-96.644839629246306,40.843014653840342],[-96.644791807972894,40.844364782493024],[-96.646569682708758,40.844401085826313],[-96.646521894210821,40.845751215833459],[-96.644743983454987,40.845714910782441],[-96.64296607594386,40.845678578357273],[-96.641188171679943,40.845642218558105],[-96.639410270665635,40.845605831385093],[-96.639362334837202,40.846955954150026],[-96.637584401053545,40.846919537880311],[-96.635806470524614,40.84688309423575],[-96.635758459396399,40.848233213189779],[-96.637536425948923,40.848269658558692],[-96.639314395756443,40.848306076551467],[-96.639266453423133,40.849656198589408],[-96.641044462509782,40.84969259092771],[-96.641092368816544,40.848342467167917],[-96.641140271873169,40.846992343044732],[-96.642918212159032,40.847028704564302],[-96.642870345126752,40.848378830407967],[-96.644648324684667,40.848415166271415],[-96.6464263074878,40.848451474758136],[-96.648204293533752,40.848487755867993],[-96.649982282820076,40.84852400960083],[-96.65176027534433,40.848560235956505],[-96.653538271104054,40.848596434934876],[-96.653585921984899,40.84724629879554],[-96.655363884951569,40.847282468685052],[-96.655411496575937,40.845932330471427],[-96.657189426749042,40.845968471274581],[-96.658967360149816,40.846004584702591],[-96.658919820573558,40.84735472633502],[-96.657141851148609,40.847318611198254],[-96.657094272320236,40.848668750759138],[-96.658872277771792,40.848704867604724],[-96.658824731744318,40.85005500851171],[-96.657046690263698,40.850018889957212],[-96.656999104978752,40.851369028792476],[-96.655221030695316,40.851332881148693],[-96.655173406148023,40.852683017910806],[-96.656951516465128,40.852719167264922],[-96.658729630011166,40.852755289237422],[-96.658777182490851,40.851405149055935],[-96.660555263229185,40.851441241938929],[-96.660507746783665,40.852791383828155],[-96.662285866780209,40.852827451036987],[-96.662333347191307,40.851477307441321],[-96.662380824381046,40.85012716348303],[-96.66415887553228,40.850163199899576],[-96.66411143437476,40.851513345562957],[-96.665889524777143,40.851549356303686],[-96.665842116435655,40.852899503308365],[-96.665794704877442,40.85424964995056],[-96.667572870569074,40.854285636715453],[-96.669351039475202,40.854321596096575],[-96.671129211593438,40.854357528093786],[-96.67290738692131,40.854393432706928],[-96.672954654327597,40.853043279261961],[-96.67473279682406,40.853079154793448],[-96.676510942525042,40.853115002941898],[-96.676463747196209,40.854465159780496],[-96.676416548665046,40.855815316257015],[-96.674638330883937,40.855779464716178],[-96.674591093106486,40.857129619134334],[-96.676369346931324,40.85716547237147],[-96.676322141994788,40.858515628123818],[-96.674543852123776,40.858479773190311],[-96.672765565458249,40.858443890868571],[-96.672718285221691,40.85979404286465],[-96.672671001776919,40.8611441944985],[-96.674449360541601,40.861180080215767],[-96.67622772251228,40.86121593854223],[-96.67618050796581,40.862566093208265],[-96.677958909193791,40.862601925839051],[-96.677911727499691,40.863952081838328],[-96.676133290215546,40.863916247512194],[-96.676086069261231,40.865266401454001],[-96.677864542604013,40.865302237475547],[-96.679643019148642,40.865338046102117],[-96.679690167985456,40.863987888770765],[-96.681468611670383,40.864023668309393],[-96.681515721251372,40.862673508923294],[-96.681562827635872,40.861323349175287],[-96.683341202406126,40.861359097937076],[-96.68511958037017,40.861394819307328],[-96.685166611454122,40.860044655816061],[-96.686944956556985,40.860080348105896],[-96.686991948399736,40.858730182564202],[-96.688770260640922,40.858765845776148],[-96.68872330484848,40.860116013005232],[-96.690501656326219,40.860151650513899],[-96.6904547334006,40.86150181906752],[-96.688676345869837,40.861466179872693],[-96.686897961525545,40.86143051328591],[-96.686850963305204,40.86278067810423]],[[-96.669161649420943,40.859722192657721],[-96.66911429387531,40.861072340892093],[-96.669066935116376,40.862422488764068],[-96.670845323514484,40.862458430962995],[-96.670892646220679,40.861108281390557],[-96.670939965716002,40.859758131455806],[-96.669161649420943,40.859722192657721]]],[[[-96.692233124115376,40.86153743087025],[-96.692186234061424,40.862887600747229],[-96.692139340825648,40.864237770262697],[-96.690360877997023,40.864202155090041],[-96.690407807290939,40.862851987259567],[-96.6904547334006,40.86150181906752],[-96.692233124115376,40.86153743087025]]],[[[-96.684061059222003,40.738421675525196],[-96.682285961562769,40.738386025849955],[-96.680510867082319,40.738350348901164],[-96.680557787931605,40.73700016094633],[-96.682332846582128,40.737035836206076],[-96.684107908411221,40.737071484193557],[-96.684061059222003,40.738421675525196]]],[[[-96.668188501694118,40.836733679966066],[-96.668235835448442,40.83538352691032],[-96.670013500046565,40.835419462478875],[-96.669966202298397,40.836769617235063],[-96.668188501694118,40.836733679966066]]],[[[-96.67160210164667,40.840855994329779],[-96.671554827077671,40.842206149336292],[-96.669776979214561,40.842170232637059],[-96.667999134561313,40.842134288565546],[-96.667951784747984,40.843484439809522],[-96.666173907288936,40.843448466663794],[-96.664396033044852,40.843412466144791],[-96.66434860797817,40.844762613620787],[-96.664301179693823,40.846112760734265],[-96.662523236624651,40.846076729432582],[-96.662570700931482,40.844726584023896],[-96.660792797104889,40.844690527052734],[-96.660745296775843,40.846040670755293],[-96.658967360149816,40.846004584702591],[-96.659014896500864,40.84465444270743],[-96.659062429626914,40.843304300349537],[-96.660840294211397,40.843340382987513],[-96.660887788095621,40.841990238559667],[-96.659109959528223,40.841954157628948],[-96.659157486205046,40.840604014545647],[-96.660935278757776,40.840640093769167],[-96.660982766198146,40.839289948616035],[-96.65920500965764,40.839253871099643],[-96.659252529886231,40.837903727290936],[-96.661030250416943,40.837939803100284],[-96.661077731414451,40.836589657221914],[-96.662855419158873,40.836625703957885],[-96.66280797416897,40.837975851541948],[-96.664585701139856,40.838011872615795],[-96.666363431327184,40.838047866321673],[-96.666316055139234,40.839398016950838],[-96.66809382455132,40.839433984990507],[-96.669871597175216,40.839469925660623],[-96.671649373008464,40.839505838961053],[-96.673427152048632,40.83954172489166],[-96.673379916700782,40.840891881958463],[-96.67160210164667,40.840855994329779]]],[[[-96.675204934293305,40.839577583452289],[-96.673427152048632,40.83954172489166],[-96.673474384192005,40.838191567462715],[-96.675252130424894,40.838227424326632],[-96.675204934293305,40.839577583452289]]],[[[-96.671507549301296,40.843556303980556],[-96.671554827077671,40.842206149336292],[-96.673332678148213,40.842242038663095],[-96.673285436390657,40.843592195005584],[-96.671507549301296,40.843556303980556]]],[[[-96.655792273307711,40.835131211699931],[-96.655839855870013,40.833781070220773],[-96.657617461937562,40.833817195636527],[-96.657569915377223,40.835167338825123],[-96.655792273307711,40.835131211699931]]],[[[-96.659300046891076,40.836553583119567],[-96.65934756067243,40.835203438585495],[-96.661125209190899,40.835239510980941],[-96.661077731414451,40.836589657221914],[-96.659300046891076,40.836553583119567]]],[[[-96.631865862484162,40.857611038648336],[-96.631913968500371,40.856260925693398],[-96.633692144725472,40.856297436177258],[-96.633644074749455,40.857647550859618],[-96.631865862484162,40.857611038648336]]],[[[-96.625962409957708,40.773720911942156],[-96.624186447104464,40.773684342874589],[-96.624234566568035,40.772334217741289],[-96.624282682768765,40.770984092244149],[-96.626058573848937,40.771020657850009],[-96.626010493533528,40.77237078507796],[-96.625962409957708,40.773720911942156]]],[[[-96.625577623945347,40.784521913759257],[-96.625529511014321,40.785872037349243],[-96.623753225062032,40.785835452700624],[-96.623801373902666,40.784485330842138],[-96.623849519478171,40.783135208619747],[-96.623897661788817,40.781785086033487],[-96.623945800834832,40.780434963083337],[-96.623993936616486,40.779084839769311],[-96.62404206913402,40.777734716091423],[-96.6258181396651,40.777771290352042],[-96.625770043045009,40.779121415761097],[-96.625721943163256,40.780471540806346],[-96.625673840019559,40.781821665487797],[-96.625625733613674,40.783171789805429],[-96.627401951011606,40.783208343678147],[-96.627353877250712,40.784558469362103],[-96.625577623945347,40.784521913759257]]],[[[-96.625529511014321,40.785872037349243],[-96.627305800229564,40.785908594682319],[-96.627257719947906,40.787258719638771],[-96.627209636405482,40.788608844231447],[-96.625433275363221,40.788572283437738],[-96.623656917584398,40.788535695325891],[-96.623705072956028,40.787185574195206],[-96.625481394820369,40.787222160575411],[-96.625529511014321,40.785872037349243]]],[[[-96.615633214988364,40.81404117012962],[-96.613856190750084,40.814004412392194],[-96.61390458801597,40.812654306861091],[-96.615681576294804,40.812691062859088],[-96.615633214988364,40.81404117012962]]],[[[-96.603755620836793,40.847572515393807],[-96.60553352838221,40.847609453508504],[-96.605484901592192,40.848959542585867],[-96.605436271503009,40.850309631298408],[-96.605387638114451,40.85165971964615],[-96.603609622497174,40.85162277628816],[-96.60365829191214,40.850272689688268],[-96.60188031562312,40.850235720702159],[-96.601929017759929,40.84888563548644],[-96.603706958025256,40.848922602723484],[-96.603755620836793,40.847572515393807]]]]}}
]
}
