{
"type": "FeatureCollection",
"name": "downtown__sa_1200",
"crs": { "type": "name", "properties": { "name": "urn:ogc:def:crs:OGC:1.3:CRS84" } },
"features": [
{"type":"Feature","properties":{"band":15},"geometry":{"type":"MultiPolygon","coordinates":[[[[-96.715244427815691,40.813355555867965],[-96.715198083778503,40.814705758844319],[-96.713420915561088,40.814670534144433],[-96.713374532406817,40.816020735093232],[-96.713328146106079,40.817370935681481],[-96.711550909086398,40.81733568029631],[-96.711504483661031,40.818685878855511],[-96.709727213812812,40.818650594449601],[-96.70968074925797,40.820000790978334],[-96.707903446581724,40.819965477549175],[-96.707856942892505,40.821315672045991],[-96.70607960738873,40.821280329591076],[-96.70612614705999,40.81993013676675],[-96.704348850695212,40.819894768631208],[-96.70257155748979,40.81985937314267],[-96.700794267446184,40.819823950301291],[-96.700840911897899,40.818473762141167],[-96.700887553185623,40.817123573619988],[-96.699110338261121,40.81708812678103],[-96.699157012358839,40.815737939576294],[-96.697379836574058,40.815702467066124],[-96.697426543476908,40.814352281178977],[-96.697473247211619,40.813002094930674],[-96.699250351056648,40.813037564083544],[-96.699297015657237,40.811687375795536],[-96.699343677092614,40.810337187146473],[-96.70112071217261,40.810372625598781],[-96.702897750415161,40.810408036707436],[-96.702944336762087,40.809057844344331],[-96.70472134220266,40.809093226434648],[-96.704767889430101,40.807743032036129],[-96.706544862068213,40.807778385110616],[-96.708321837861078,40.807813710843611],[-96.708275362553678,40.809163908587195],[-96.706498350800672,40.809128581182314],[-96.706451836378122,40.81047877689322],[-96.7082288840937,40.810514105970057],[-96.710005934962069,40.81054940770268],[-96.711782988980815,40.810584682090955],[-96.711736579298787,40.811934882453244],[-96.713513672431191,40.811970131165154],[-96.713467295569131,40.813320332835069],[-96.715244427815691,40.813355555867965]]],[[[-96.717021563205819,40.813390751553499],[-96.715244427815691,40.813355555867965],[-96.715290768709352,40.812005352531138],[-96.717067868130812,40.812040546551039],[-96.717021563205819,40.813390751553499]]],[[[-96.699016980566839,40.819788500107201],[-96.69897029696979,40.821138686228622],[-96.697192977276288,40.82110320700302],[-96.697239696854169,40.819753022560555],[-96.69728641326293,40.818402837756913],[-96.697333126502812,40.817052652592096],[-96.699110338261121,40.81708812678103],[-96.699063660997197,40.818438313624682],[-96.699016980566839,40.819788500107201]]]]}},
{"type":"Feature","properties":{"band":30},"geometry":{"type":"MultiPolygon","coordinates":[[[[-96.706684376943286,40.803727794730797],[-96.706637875139279,40.805077991884851],[-96.708414779019179,40.805113314274266],[-96.710191686050919,40.805148609324633],[-96.710145253003418,40.806498809460123],[-96.711922199140318,40.806534078840471],[-96.711875798901346,40.807884280284554],[-96.71182939551494,40.809234481368051],[-96.713606416718321,40.809269726743736],[-96.713560046147506,40.81061992913471],[-96.713513672431191,40.811970131165154],[-96.711736579298787,40.811934882453244],[-96.711782988980815,40.810584682090955],[-96.710005934962069,40.81054940770268],[-96.7082288840937,40.810514105970057],[-96.706451836378122,40.81047877689322],[-96.706498350800672,40.809128581182314],[-96.708275362553678,40.809163908587195],[-96.708321837861078,40.807813710843611],[-96.706544862068213,40.807778385110616],[-96.704767889430101,40.807743032036129],[-96.70472134220266,40.809093226434648],[-96.702944336762087,40.809057844344331],[-96.702897750415161,40.810408036707436],[-96.70112071217261,40.810372625598781],[-96.699343677092614,40.810337187146473],[-96.699297015657237,40.811687375795536],[-96.699250351056648,40.813037564083544],[-96.697473247211619,40.813002094930674],[-96.697426543476908,40.814352281178977],[-96.697379836574058,40.815702467066124],[-96.699157012358839,40.815737939576294],[-96.699110338261121,40.81708812678103],[-96.700887553185623,40.817123573619988],[-96.700840911897899,40.818473762141167],[-96.700794267446184,40.819823950301291],[-96.70257155748979,40.81985937314267],[-96.704348850695212,40.819894768631208],[-96.70612614705999,40.81993013676675],[-96.70607960738873,40.821280329591076],[-96.706033064560259,40.822630522054531],[-96.704255696229424,40.82259515057136],[-96.702478331058444,40.822559751732591],[-96.702431713099443,40.823909940486068],[-96.700654315104558,40.823874512615376],[-96.700607657994382,40.825224699331287],[-96.698830227176103,40.825189242426141],[-96.698783530909878,40.82653942710305],[-96.69700606726866,40.826503941160951],[-96.69705279952548,40.825153758163268],[-96.695275375044943,40.825118246542793],[-96.693497953736951,40.825082707564867],[-96.691720535603949,40.825047141229646],[-96.691673695376863,40.826397319181886],[-96.689896244431651,40.826361723805086],[-96.68984936503486,40.827711899711453],[-96.68980248245775,40.829062075256353],[-96.689755596700067,40.830412250439743],[-96.687978040952245,40.830376622647151],[-96.686200488387684,40.830340967492496],[-96.686153527451197,40.831691138941181],[-96.684375942073714,40.831655454736072],[-96.684328941950241,40.833005624134508],[-96.682551323760336,40.832969910876415],[-96.680773708761507,40.832934170254106],[-96.678996096956155,40.832898402267737],[-96.67894898563506,40.834248566230656],[-96.67717134102314,40.834212769186486],[-96.67539369960987,40.834176944777234],[-96.675440882935732,40.832826784203306],[-96.673663280725521,40.832790934125562],[-96.673710496850163,40.831440774885962],[-96.673757709771792,40.830090615284249],[-96.671980182761061,40.830054741238257],[-96.670202658955517,40.830018839831489],[-96.670249940663055,40.82866868326402],[-96.668472456059121,40.828632756196733],[-96.666694974664992,40.828596801770239],[-96.666742325147951,40.827246648241918],[-96.668519770550802,40.827282600967067],[-96.668567081832904,40.825932445375116],[-96.670344494456216,40.825968369042393],[-96.670391766542338,40.824618211388227],[-96.672169146385656,40.824654106000111],[-96.673946529433195,40.824689973256412],[-96.673993726343497,40.823339811844221],[-96.674040920052278,40.821989650069973],[-96.675818234334088,40.822025486578653],[-96.677595551814761,40.822061295734017],[-96.677642670361834,40.820711130207336],[-96.675865388861496,40.820675322746503],[-96.675912540190311,40.819325158552346],[-96.677689785712772,40.819360964318712],[-96.677736897867774,40.818010798068173],[-96.67778400682711,40.816660631455711],[-96.679561183596491,40.816696406485057],[-96.681338363558851,40.816732154165997],[-96.681385397380851,40.815381983806986],[-96.68316254456245,40.815417702448968],[-96.68320953922526,40.81406753003786],[-96.684986653625586,40.8141032196434],[-96.686763771211105,40.814138881902686],[-96.688540891979386,40.814174516815577],[-96.68849400522474,40.815524694289891],[-96.690271165143216,40.815560303541375],[-96.692048328239807,40.815595885444885],[-96.693825494512112,40.81563144000026],[-96.693872273356419,40.814281257474377],[-96.692095143054487,40.814245704601561],[-96.692141954693696,40.812895523396875],[-96.692188763157716,40.811545341830836],[-96.690411707964159,40.811509764978702],[-96.690458549216018,40.81015958473499],[-96.690505387290727,40.808809404129853],[-96.692282370561102,40.808844977614754],[-96.694059357005955,40.808880523757978],[-96.694106119987609,40.807530339425711],[-96.694152879797485,40.806180154732175],[-96.694199636435812,40.804829969677378],[-96.695976518184722,40.804865483436203],[-96.696023235700608,40.80351529633942],[-96.696069950047871,40.802165108881475],[-96.696116661226739,40.800814921062347],[-96.696163369237468,40.799464732882072],[-96.697940110364357,40.799500212585457],[-96.697986779265563,40.798150022364844],[-96.699763487616025,40.798185473057316],[-96.699716854656714,40.799535664955819],[-96.699670218534365,40.800885856493281],[-96.701447001934312,40.80092128320711],[-96.703223788495094,40.800956682586339],[-96.703177221103715,40.802306877114944],[-96.703130650553661,40.803657071282643],[-96.703084076844718,40.805007265089444],[-96.704860974413648,40.805042642156543],[-96.704907512170251,40.803692446675463],[-96.706684376943286,40.803727794730797]],[[-96.697333126502812,40.817052652592096],[-96.69728641326293,40.818402837756913],[-96.697239696854169,40.819753022560555],[-96.697192977276288,40.82110320700302],[-96.69897029696979,40.821138686228622],[-96.699016980566839,40.819788500107201],[-96.699063660997197,40.818438313624682],[-96.699110338261121,40.81708812678103],[-96.697333126502812,40.817052652592096]],[[-96.693591552686755,40.822382347210151],[-96.691814206526132,40.822346784240928],[-96.691767372653615,40.823696962915982],[-96.69354475479922,40.823732527568175],[-96.693591552686755,40.822382347210151]]],[[[-96.711550909086398,40.81733568029631],[-96.713328146106079,40.817370935681481],[-96.713281756658631,40.818721135909158],[-96.711504483661031,40.818685878855511],[-96.711550909086398,40.81733568029631]]],[[[-96.709727213812812,40.818650594449601],[-96.711504483661031,40.818685878855511],[-96.711458055086268,40.820036077054077],[-96.70968074925797,40.820000790978334],[-96.709727213812812,40.818650594449601]]]]}},
{"type":"Feature","properties":{"band":45},"geometry":{"type":"MultiPolygon","coordinates":[[[[-96.72782269937025,40.809550705376935],[-96.72777661651449,40.810900921066043],[-96.729553701903043,40.810935922003019],[-96.729599748793319,40.809585704657465],[-96.731376801339735,40.809620676593376],[-96.733153857007068,40.809655621184568],[-96.734930915792859,40.809690538430857],[-96.736707977694721,40.809725428332136],[-96.738485042710167,40.809760290888249],[-96.740262110836795,40.809795126099083],[-96.740216279744359,40.811145353356189],[-96.740170445542944,40.812495580253746],[-96.741947588715036,40.812530391414008],[-96.741993386946859,40.811180162868972],[-96.743770497255909,40.811214945034891],[-96.743724734993904,40.812565175226091],[-96.74550188437712,40.812599931689888],[-96.745456154983259,40.813950163166645],[-96.74723334344111,40.813984893925657],[-96.747279036862238,40.812634660805251],[-96.749056192446815,40.812669362572038],[-96.750833351128449,40.812704036990105],[-96.752610512904681,40.812738684059333],[-96.752564927403199,40.814088922102947],[-96.75434212824527,40.814123543461669],[-96.756119332177335,40.814158137469974],[-96.756073815535927,40.815508378430316],[-96.756028295806757,40.816858619031692],[-96.75425101991955,40.816824021748808],[-96.752473747122778,40.81678939711292],[-96.750696477418899,40.816754745124165],[-96.750650846658729,40.818104980450514],[-96.748873544069639,40.81807029946777],[-96.747096244578543,40.818035591131135],[-96.747050538757151,40.819385822814354],[-96.745273206383999,40.819351085480065],[-96.745318948187872,40.818000855440758],[-96.743541654900071,40.817966092396773],[-96.743495877113958,40.819316320790861],[-96.741718550949443,40.819281528746899],[-96.741764364717554,40.817931301999316],[-96.73998707764278,40.817896484248529],[-96.739941227892913,40.81924670934832],[-96.738163907946785,40.819211862595246],[-96.738209793678195,40.81786163914456],[-96.736432512826184,40.817826766687517],[-96.736478431423819,40.816476544527511],[-96.734701189665486,40.816441646369178],[-96.734655235089249,40.817791866877577],[-96.732877960469779,40.817756939714847],[-96.732923951024375,40.816406720859362],[-96.731146715502959,40.816371767998191],[-96.729369483103653,40.816336787785829],[-96.727592253828888,40.816301780222389],[-96.727546155340619,40.817651994111415],[-96.725768893215431,40.817616957538974],[-96.725722755620112,40.818967169409838],[-96.723945460644998,40.818932103825894],[-96.722168168802199,40.818897010888712],[-96.720390880094186,40.818861890598434],[-96.71861359452339,40.818826742955196],[-96.716836312092241,40.81879156795916],[-96.716882629583154,40.817441364398377],[-96.715105386272469,40.817406163715553],[-96.715151736597505,40.816055961460187],[-96.715198083778503,40.814705758844319],[-96.715244427815691,40.813355555867965],[-96.717021563205819,40.813390751553499],[-96.717067868130812,40.812040546551039],[-96.715290768709352,40.812005352531138],[-96.713513672431191,40.811970131165154],[-96.713560046147506,40.81061992913471],[-96.715337106459685,40.810655148833838],[-96.717114169914936,40.810690341188192],[-96.717160468558447,40.809340135464915],[-96.717206764061544,40.807989929381257],[-96.71898375873181,40.808025091062333],[-96.719030015135615,40.806674882954212],[-96.720806976984221,40.806710015630038],[-96.720760756539804,40.808060225400943],[-96.722537757483067,40.808095332396945],[-96.722491569865454,40.809445543469138],[-96.722445379114745,40.810795754181143],[-96.724222455117911,40.810830837154967],[-96.725999534251969,40.810865892783326],[-96.726045653072958,40.80951567875195],[-96.72782269937025,40.809550705376935]],[[-96.727638349190158,40.814951565973324],[-96.725861159017356,40.814916532716964],[-96.725815027681108,40.81626674530802],[-96.727592253828888,40.816301780222389],[-96.727638349190158,40.814951565973324]]],[[[-96.759628304613628,40.815577487665749],[-96.757851058532111,40.815542946724022],[-96.757896539196906,40.81419270412772],[-96.756119332177335,40.814158137469974],[-96.756164845731206,40.812807896150659],[-96.75794201677661,40.812842461172515],[-96.757987491271464,40.811492217858429],[-96.759764629429782,40.811526753896331],[-96.759719190906893,40.812876998844956],[-96.761496368119595,40.812911509167876],[-96.761450962488922,40.814261755390987],[-96.759673749301584,40.814227243434765],[-96.759628304613628,40.815577487665749]]],[[[-96.773891540910128,40.814502573249761],[-96.772114306212387,40.814468252753194],[-96.772159495990266,40.813117996757327],[-96.773936694711722,40.813152315629637],[-96.773891540910128,40.814502573249761]]],[[[-96.732233765004722,40.836659965906712],[-96.734011543577196,40.836694916217027],[-96.733965542213539,40.838045131328322],[-96.733919537728795,40.839395346079748],[-96.732141687124027,40.839360392461565],[-96.73218772762614,40.838010179364105],[-96.732233765004722,40.836659965906712]]],[[[-96.728585995288213,40.839290403105373],[-96.726808154062056,40.839255367367635],[-96.725030315966976,40.839220304256983],[-96.723252481005417,40.839185213773554],[-96.72329870159075,40.837835008965314],[-96.723344919040358,40.8364848037968],[-96.725122681972039,40.83651989095943],[-96.726900448036758,40.836554950751875],[-96.728678217232059,40.836589983173994],[-96.730455989555537,40.836624988225658],[-96.730409916162259,40.837975200027856],[-96.730363839643019,40.839325411470064],[-96.728585995288213,40.839290403105373]]],[[[-96.737521180749155,40.838114953140085],[-96.735743359922026,40.838080055920358],[-96.735789325270517,40.836729839156469],[-96.737567110082239,40.836764734724873],[-96.737521180749155,40.838114953140085]]],[[[-96.713838222398323,40.802518709380998],[-96.713791867551393,40.803868913574576],[-96.713745509560169,40.805219117407646],[-96.713699148424411,40.806569320880193],[-96.713652784143875,40.807919523992219],[-96.713606416718321,40.809269726743736],[-96.71182939551494,40.809234481368051],[-96.711875798901346,40.807884280284554],[-96.711922199140318,40.806534078840471],[-96.710145253003418,40.806498809460123],[-96.710191686050919,40.805148609324633],[-96.708414779019179,40.805113314274266],[-96.706637875139279,40.805077991884851],[-96.706684376943286,40.803727794730797],[-96.704907512170251,40.803692446675463],[-96.704860974413648,40.805042642156543],[-96.703084076844718,40.805007265089444],[-96.703130650553661,40.803657071282643],[-96.703177221103715,40.802306877114944],[-96.703223788495094,40.800956682586339],[-96.701447001934312,40.80092128320711],[-96.699670218534365,40.800885856493281],[-96.699716854656714,40.799535664955819],[-96.699763487616025,40.798185473057316],[-96.697986779265563,40.798150022364844],[-96.697940110364357,40.799500212585457],[-96.696163369237468,40.799464732882072],[-96.696116661226739,40.800814921062347],[-96.696069950047871,40.802165108881475],[-96.696023235700608,40.80351529633942],[-96.695976518184722,40.804865483436203],[-96.694199636435812,40.804829969677378],[-96.694152879797485,40.806180154732175],[-96.694106119987609,40.807530339425711],[-96.694059357005955,40.808880523757978],[-96.692282370561102,40.808844977614754],[-96.690505387290727,40.808809404129853],[-96.690458549216018,40.81015958473499],[-96.690411707964159,40.811509764978702],[-96.692188763157716,40.811545341830836],[-96.692141954693696,40.812895523396875],[-96.692095143054487,40.814245704601561],[-96.693872273356419,40.814281257474377],[-96.693825494512112,40.81563144000026],[-96.692048328239807,40.815595885444885],[-96.690271165143216,40.815560303541375],[-96.690318015927986,40.814210124381908],[-96.688540891979386,40.814174516815577],[-96.686763771211105,40.814138881902686],[-96.684986653625586,40.8141032196434],[-96.68320953922526,40.81406753003786],[-96.68316254456245,40.815417702448968],[-96.681385397380851,40.815381983806986],[-96.681432428012542,40.814031813086189],[-96.679655319989905,40.813996068788548],[-96.677878215159751,40.813960297145059],[-96.677925314533553,40.812610129446895],[-96.67797241071267,40.811259961386824],[-96.676195381006465,40.811224165785845],[-96.674418354497121,40.811188342841895],[-96.674371186391681,40.812538507512542],[-96.67259412711887,40.81250265552913],[-96.67081707104802,40.812466776201738],[-96.670864311078802,40.811116614925666],[-96.669087294174687,40.811080709953671],[-96.669134566961148,40.809730550014621],[-96.669181836541256,40.808380389713335],[-96.670958781528071,40.808416291287074],[-96.672735729718568,40.808452165520862],[-96.672688532053584,40.809802329219039],[-96.674465519403256,40.809838177809233],[-96.674512681110329,40.808488012414543],[-96.676289635700883,40.808523831967982],[-96.678066593487841,40.808559624181051],[-96.67811368008438,40.807209455035348],[-96.678160763487213,40.805859285527781],[-96.678207843696597,40.804509115658355],[-96.679984696816121,40.804544875453395],[-96.679937652558095,40.805895047015255],[-96.679890605109051,40.807245218215328],[-96.681667533324998,40.807280954055919],[-96.681714544819997,40.805930781164648],[-96.681761553126407,40.804580607911646],[-96.681808558244484,40.803230434296921],[-96.680031737883354,40.803194703529748],[-96.67825492071276,40.803158945427064],[-96.678301994535971,40.801808774833923],[-96.676525216504587,40.801772991089472],[-96.676478106735132,40.803123159989028],[-96.676430993770282,40.804473328526662],[-96.674654147039618,40.804437514058463],[-96.672877303507036,40.804401672253896],[-96.671100463174952,40.804365803113122],[-96.669323626045824,40.804329906636255],[-96.669276366083352,40.805680068024145],[-96.667499496209714,40.805644142511163],[-96.667546792122081,40.804293982823452],[-96.665769961406141,40.804258031674863],[-96.663993133900448,40.804222053190621],[-96.663945766089057,40.805572209474086],[-96.662168905846897,40.805536201950289],[-96.662216309607416,40.80418604737087],[-96.660439488529519,40.80415001421575],[-96.660392048820086,40.805500167089818],[-96.658615195011095,40.805464104892842],[-96.658662670669159,40.80411395372542],[-96.656885856028779,40.804077865900005],[-96.655109044610811,40.804041750739657],[-96.653332236417697,40.804005608244516],[-96.65155543145184,40.80396943841474],[-96.651603047672296,40.8026192937239],[-96.649826281881147,40.802583098272649],[-96.649778629715712,40.803933241250448],[-96.648001831211715,40.803897016751797],[-96.646225035942308,40.80386076491893],[-96.646272759996933,40.802510625371077],[-96.646320480814808,40.801160485460144],[-96.646368198396146,40.799810345186145],[-96.644591514189131,40.799774071169729],[-96.644639264471152,40.798423932249364],[-96.646415912741247,40.798460204549087],[-96.648192564247353,40.798496449519902],[-96.648240239421682,40.797146306804429],[-96.648287911362672,40.795796163725981],[-96.64651133172363,40.795759922185781],[-96.644734755320087,40.795723653319257],[-96.642958182154501,40.79568735712656],[-96.643005958651301,40.794337218834613],[-96.643053731907969,40.792987080179493],[-96.643101501924761,40.791636941161201],[-96.644877967309498,40.79167323220075],[-96.644830233217235,40.793023372936688],[-96.644782495887497,40.794373513309537],[-96.64655903636141,40.794409780459553],[-96.648335580070594,40.794446020284546],[-96.648383245545659,40.793095876480152],[-96.650159756559987,40.793132087266123],[-96.65193627080447,40.793168270728081],[-96.65371278827665,40.793204426865856],[-96.655489308974154,40.793240555679326],[-96.657265832894495,40.793276657168327],[-96.659042360035272,40.79331273133274],[-96.658994910130104,40.794662885400825],[-96.660771476418063,40.794698933946584],[-96.660818890394054,40.793348778172394],[-96.662595423968398,40.793384797687168],[-96.662642798801826,40.79203463984576],[-96.664419299662057,40.792070630332056],[-96.664371960755872,40.793420789876912],[-96.666148500754048,40.793456754741477],[-96.667925043960494,40.793492692280729],[-96.669701590372782,40.793528602494526],[-96.669654356046422,40.79487876677981],[-96.66960711851641,40.796228930702952],[-96.667830500240854,40.796193017089813],[-96.666053885171635,40.796157076148646],[-96.664277273311171,40.796121107879557],[-96.664229924772144,40.797471266337347],[-96.664182573021677,40.798821424432759],[-96.664135218059528,40.800171582165795],[-96.66591193773165,40.800207555542151],[-96.667688660613294,40.800243501586728],[-96.669465386701987,40.80027942029939],[-96.671242115995341,40.800315311679995],[-96.673018848490884,40.80035117572838],[-96.674795584186214,40.800387012444453],[-96.674842723506742,40.799036844515818],[-96.676619426458274,40.79907265220465],[-96.676572323078872,40.800422821828008],[-96.678349065166458,40.800458603878944],[-96.680125810446498,40.800494358597099],[-96.680078775760066,40.801844531244306],[-96.681855560174455,40.801880260320495],[-96.681902558916576,40.800530085982352],[-96.681949554471089,40.799179911282508],[-96.683726270186668,40.799215609645117],[-96.683679310574263,40.800565786034532],[-96.685456065417128,40.800601458753519],[-96.685502989087169,40.799251280675819],[-96.687279711170163,40.799286924374478],[-96.687326595717536,40.797936744248283],[-96.685549909574704,40.797901102236544],[-96.685596826879987,40.796550923435724],[-96.683820179856909,40.796515255781379],[-96.683773226614122,40.797865432894064],[-96.681996546838235,40.797829736220962],[-96.680219870249459,40.797794012217373],[-96.680266895366501,40.796443838484876],[-96.678490257904045,40.796408088842988],[-96.678443196850239,40.797758260883469],[-96.67666652664299,40.797722482219378],[-96.67488985963017,40.797686676225226],[-96.674936992556752,40.796336507572661],[-96.673160364676789,40.796300675944522],[-96.671383739995875,40.7962648169879],[-96.671430941592774,40.794914651366341],[-96.673207530340363,40.794950508625853],[-96.673254692805145,40.793600340945154],[-96.675031248820346,40.793636169181717],[-96.67507837215787,40.792285999443308],[-96.676854895440215,40.79232179865943],[-96.676807808031668,40.793671970092234],[-96.678584370436667,40.793707743676585],[-96.678631421915995,40.792357570550664],[-96.680407951582779,40.792393315116897],[-96.680360936032912,40.793743489934634],[-96.682137504817959,40.793779208866212],[-96.683914076789407,40.79381490047119],[-96.685690651944796,40.793850564749434],[-96.687467230281698,40.793886201700793],[-96.687514102111251,40.792536020128694],[-96.689290647696566,40.792571628067655],[-96.691067196458263,40.792607208680757],[-96.69111399325223,40.791257023377895],[-96.692890509259172,40.791292574982265],[-96.694667028437408,40.791328099261776],[-96.69471375020477,40.789977910233581],[-96.696490236625095,40.79001340550802],[-96.696443550784522,40.791363596216272],[-96.698220076298071,40.791399065845638],[-96.699996604975624,40.791434508149699],[-96.699949987827821,40.792784701853222],[-96.701726555596906,40.792820118508111],[-96.701773136814751,40.791469923128339],[-96.701819714873452,40.790119727387641],[-96.70186628977325,40.788769531286029],[-96.701912861514401,40.787419334823518],[-96.703689288736641,40.787454717452093],[-96.703642752918398,40.788804915589381],[-96.703596213943939,40.79015511336582],[-96.703549671813022,40.79150531078141],[-96.705326209967993,40.791540671108763],[-96.705279700610802,40.792890869837173],[-96.707056277850739,40.792926204511062],[-96.707102751277233,40.791576004110269],[-96.707149221551887,40.790225803348754],[-96.708925730084488,40.790261107353253],[-96.710702241766242,40.790296384032906],[-96.710655843348846,40.79164658813518],[-96.710609441784442,40.792996791876845],[-96.712386028473347,40.79303204456847],[-96.712339659695587,40.794382249618124],[-96.712293287772795,40.795732454307242],[-96.712246912704728,40.797082658635851],[-96.71220053449116,40.798432862603896],[-96.713977268075809,40.798468094637336],[-96.713930922660296,40.799818299912388],[-96.713884574101215,40.80116850482694],[-96.713838222398323,40.802518709380998]],[[-96.688634655947993,40.811474160782467],[-96.686857607111648,40.811438529242267],[-96.685080561457582,40.811402870358251],[-96.685033609134067,40.812753045181637],[-96.686810690752637,40.812788705753256],[-96.688587775553728,40.812824338979759],[-96.690364863534882,40.81285994486101],[-96.690411707964159,40.811509764978702],[-96.688634655947993,40.811474160782467]],[[-96.68910328504019,40.797972358929115],[-96.689150130469756,40.796622176755861],[-96.687373477085089,40.796586563760599],[-96.687326595717536,40.797936744248283],[-96.68910328504019,40.797972358929115]],[[-96.689056436433233,40.799322540740945],[-96.690833164873922,40.799358129775072],[-96.69087997754022,40.798007946278908],[-96.68910328504019,40.797972358929115],[-96.689056436433233,40.799322540740945]],[[-96.678537315766107,40.795057916440697],[-96.67676071742946,40.795022141163159],[-96.676713623633304,40.796372311872219],[-96.678490257904045,40.796408088842988],[-96.678537315766107,40.795057916440697]],[[-96.69102039649033,40.793957393622307],[-96.692796984357201,40.793992948592177],[-96.692750217148642,40.79534313485523],[-96.694526844121143,40.795378664179204],[-96.69457357539585,40.794028476234594],[-96.696350169603846,40.794063976549424],[-96.696396861777529,40.792713786563404],[-96.694620303501182,40.79267828792878],[-96.692843748393955,40.792642761967848],[-96.691067196458263,40.792607208680757],[-96.69102039649033,40.793957393622307]],[[-96.690599053909651,40.806109041835406],[-96.688822145729148,40.806073444378555],[-96.688869010226682,40.804723264373919],[-96.687092141177629,40.804687641264252],[-96.6870452407275,40.806037819582919],[-96.686998337096085,40.807387997540047],[-96.686951430283131,40.808738175135666],[-96.68872840719726,40.808773803303446],[-96.688775278052745,40.807423624021737],[-96.690552222188529,40.807459223163335],[-96.690599053909651,40.806109041835406]],[[-96.662500664661906,40.796085112282725],[-96.660724059226254,40.796049089358277],[-96.660676638818401,40.797399244407472],[-96.660629215194234,40.79874939909417],[-96.6624058925009,40.798785425428562],[-96.66245328018833,40.797435269036868],[-96.662500664661906,40.796085112282725]],[[-96.683491440270487,40.805966487975823],[-96.68344446472976,40.807316662557007],[-96.685221399320938,40.807352343718428],[-96.685268338907122,40.806002167448618],[-96.683491440270487,40.805966487975823]],[[-96.658710143107243,40.802763802195386],[-96.660486925021402,40.802799860979142],[-96.660534358295976,40.801449707380002],[-96.658757612325601,40.801413650302749],[-96.658710143107243,40.802763802195386]]],[[[-96.713235364064204,40.820071335776277],[-96.711458055086268,40.820036077054077],[-96.711504483661031,40.818685878855511],[-96.713281756658631,40.818721135909158],[-96.713235364064204,40.820071335776277]]],[[[-96.713003353879373,40.826822329703084],[-96.712956942398151,40.828172527406657],[-96.712910527768258,40.829522724749616],[-96.711132966859694,40.829487454345688],[-96.711086513081085,40.830837649658953],[-96.711040056150907,40.832187844611518],[-96.710993596068903,40.83353803920339],[-96.710947132834846,40.834888233434555],[-96.710900666448495,40.836238427305013],[-96.712678407380622,40.836273706055017],[-96.71263197385376,40.837623901234174],[-96.712585537176523,40.838974096052681],[-96.71253909734871,40.840324290510523],[-96.712492654370067,40.841674484607708],[-96.712446208240337,40.843024678344229],[-96.712399758959279,40.844374871720063],[-96.710621801918393,40.844339582952557],[-96.710575313459117,40.845689774297888],[-96.708797323545795,40.84565445648245],[-96.708750795903427,40.847004645795856],[-96.706972773118181,40.846969298929949],[-96.707019336789173,40.845619111289032],[-96.705241353191667,40.845583738717771],[-96.705194753492293,40.846933924684926],[-96.70341673702822,40.846898523060908],[-96.703370098136475,40.848248706991988],[-96.705148150631118,40.848284110291132],[-96.705101544607899,40.849634295536362],[-96.705054935422382,40.850984480420614],[-96.703276810859265,40.850949073771012],[-96.703230162473318,40.852299256618956],[-96.701452005037567,40.852263820910004],[-96.701405317446287,40.85361400172021],[-96.703183510922145,40.853649439105851],[-96.703136856205504,40.85499962123167],[-96.704915088889607,40.855035032907473],[-96.704868467052478,40.856385216347761],[-96.703090198323167,40.856349802996448],[-96.703043537274851,40.857699984400149],[-96.701265235664096,40.857664541984029],[-96.699486937221977,40.857629072178852],[-96.699440200908015,40.858979249866252],[-96.697661869587606,40.858943750992616],[-96.695883541440978,40.858908224728893],[-96.695930349853413,40.857558050401877],[-96.69415206093187,40.85752249843037],[-96.694105216470547,40.858872671075254],[-96.692326894678772,40.858837090031813],[-96.690548576068082,40.858801481598725],[-96.688770260640922,40.858765845776148],[-96.688817213247376,40.857415678185433],[-96.687038937054098,40.857380016660791],[-96.685260664048968,40.85734432774823],[-96.685213639346983,40.858694491963021],[-96.686991948399736,40.858730182564202],[-96.686944956556985,40.860080348105896],[-96.685166611454122,40.860044655816061],[-96.68511958037017,40.861394819307328],[-96.683341202406126,40.861359097937076],[-96.681562827635872,40.861323349175287],[-96.681515721251372,40.862673508923294],[-96.681468611670383,40.864023668309393],[-96.679690167985456,40.863987888770765],[-96.679643019148642,40.865338046102117],[-96.677864542604013,40.865302237475547],[-96.676086069261231,40.865266401454001],[-96.676133290215546,40.863916247512194],[-96.677911727499691,40.863952081838328],[-96.677958909193791,40.862601925839051],[-96.67618050796581,40.862566093208265],[-96.67622772251228,40.86121593854223],[-96.676274933855197,40.859865783514067],[-96.674496607935566,40.859829926884125],[-96.674449360541601,40.861180080215767],[-96.672671001776919,40.8611441944985],[-96.672718285221691,40.85979404286465],[-96.672765565458249,40.858443890868571],[-96.674543852123776,40.858479773190311],[-96.676322141994788,40.858515628123818],[-96.676369346931324,40.85716547237147],[-96.674591093106486,40.857129619134334],[-96.674638330883937,40.855779464716178],[-96.676416548665046,40.855815316257015],[-96.676463747196209,40.854465159780496],[-96.676510942525042,40.853115002941898],[-96.676558134651799,40.851764845741215],[-96.678336247518217,40.851800664811655],[-96.678383400408947,40.850450505554171],[-96.680161480440276,40.850486295549132],[-96.680114363584011,40.85183645650006],[-96.681892482846763,40.851872220806285],[-96.681845398830703,40.853222383087498],[-96.683623557325348,40.853258121702318],[-96.683670605304002,40.851907957730184],[-96.685448730953325,40.851943667271605],[-96.68540171901229,40.853293832933367],[-96.687179883889115,40.853329516780526],[-96.688958051953392,40.853365173243638],[-96.688911108903369,40.854715341919167],[-96.688864162668125,40.856065510233094],[-96.690642406001444,40.85610114268372],[-96.692420652517811,40.856136747747421],[-96.694198902214765,40.856172325424062],[-96.695977155089892,40.856207875713508],[-96.696023957150643,40.8548577006638],[-96.697802177157257,40.854893221885199],[-96.697755411140733,40.856243398615604],[-96.699533670364843,40.856278894130227],[-96.699580400336899,40.854928715720405],[-96.699627127138356,40.853578536949378],[-96.699673850769443,40.852228357817168],[-96.699720571230444,40.850878178323761],[-96.697942456169599,40.850842689526388],[-96.697989209495461,40.849492511350945],[-96.696211133641384,40.8494569968517],[-96.696257919827232,40.848106819995387],[-96.696304702838802,40.84675664277777],[-96.696351482676391,40.845406465198849],[-96.694573518084866,40.845370928363522],[-96.692795556669523,40.845335364151346],[-96.692748704778381,40.846685538365925],[-96.690970710515259,40.846649945092921],[-96.691017598432836,40.84529977256247],[-96.689239643377235,40.845264153597022],[-96.689286564137461,40.843913982390411],[-96.687508648288855,40.843878337735177],[-96.687555601886856,40.84252816785358],[-96.689333481714414,40.842563810822256],[-96.689380396108334,40.84121363889254],[-96.691158243100048,40.841249252802164],[-96.691205118294775,40.839899078825766],[-96.692982932450164,40.839934663678847],[-96.69293609327211,40.841284839339103],[-96.692889250916153,40.842635014637935],[-96.694667140285461,40.842670575484661],[-96.694620330773134,40.844020752104768],[-96.696398259340199,40.844056287258631],[-96.696445032830496,40.842706108957131],[-96.696491803147524,40.841355930294348],[-96.696538570291523,40.840005751270297],[-96.69831639397259,40.840041254008362],[-96.69836312192885,40.838691072943142],[-96.696585334262736,40.838655571884985],[-96.696632095061403,40.83730539213839],[-96.698409846714995,40.837340891516718],[-96.698456568331281,40.835990709729117],[-96.700234287144426,40.836026180059605],[-96.700280969583218,40.834675996232413],[-96.698503286777964,40.834640527580319],[-96.696725607142099,40.834605031561445],[-96.696772358424624,40.833254850731109],[-96.694994717965528,40.833219329026512],[-96.695041502079008,40.831869149515803],[-96.695088283018734,40.830518969643769],[-96.695135060784949,40.82916878941046],[-96.693357531499359,40.829133245386892],[-96.693310717735756,40.830483423938198],[-96.691533155628704,40.830447850870144],[-96.691486302689555,40.831798027376713],[-96.689708707761554,40.831762425261651],[-96.687931116014624,40.831726795783091],[-96.686153527451197,40.831691138941181],[-96.686200488387684,40.830340967492496],[-96.687978040952245,40.830376622647151],[-96.689755596700067,40.830412250439743],[-96.68980248245775,40.829062075256353],[-96.68984936503486,40.827711899711453],[-96.689896244431651,40.826361723805086],[-96.691673695376863,40.826397319181886],[-96.691720535603949,40.825047141229646],[-96.693497953736951,40.825082707564867],[-96.695275375044943,40.825118246542793],[-96.69705279952548,40.825153758163268],[-96.69700606726866,40.826503941160951],[-96.698783530909878,40.82653942710305],[-96.698830227176103,40.825189242426141],[-96.700607657994382,40.825224699331287],[-96.700654315104558,40.823874512615376],[-96.702431713099443,40.823909940486068],[-96.702478331058444,40.822559751732591],[-96.704255696229424,40.82259515057136],[-96.706033064560259,40.822630522054531],[-96.70607960738873,40.821280329591076],[-96.707856942892505,40.821315672045991],[-96.707903446581724,40.819965477549175],[-96.70968074925797,40.820000790978334],[-96.711458055086268,40.820036077054077],[-96.711411623361883,40.821386274892006],[-96.711365188487633,40.822736472369279],[-96.713142569433558,40.82277173442877],[-96.713096167396827,40.824121933214137],[-96.714873587478337,40.824157169584822],[-96.714827218284029,40.825507369677126],[-96.714780845943977,40.82685756940888],[-96.713003353879373,40.826822329703084]],[[-96.71076124837316,40.840289006752073],[-96.708983402550899,40.840253695620682],[-96.70893688753381,40.841603886377335],[-96.708890369360745,40.842954076773196],[-96.710668287223669,40.842989391246469],[-96.710714769375173,40.841639199179639],[-96.71076124837316,40.840289006752073]]],[[[-96.723206257284133,40.840535418221549],[-96.723160030426641,40.841885622309277],[-96.721382126561878,40.841850501129578],[-96.721335860544698,40.843200703195123],[-96.721289591388413,40.844550904900309],[-96.719511618614106,40.844515753019024],[-96.719557923795833,40.843165552977126],[-96.717779990188518,40.843130375382898],[-96.717826328251434,40.841780176645088],[-96.717872663170596,40.840429977546805],[-96.719650524734831,40.840465151812069],[-96.719696820492615,40.839114950688966],[-96.717918994946231,40.839079778088077],[-96.717965323578596,40.837729578268871],[-96.71974311310953,40.837764749205462],[-96.721520905781063,40.837799892770981],[-96.721474649179811,40.83915009591751],[-96.723252481005417,40.839185213773554],[-96.723206257284133,40.840535418221549]]],[[[-96.708972161281466,40.788910904560083],[-96.707195688674943,40.788875602226547],[-96.707242152646643,40.787525400743611],[-96.707288613467213,40.786175198899976],[-96.709065014228898,40.786210497891808],[-96.710841418139026,40.786245769562676],[-96.71079502916109,40.787595974746658],[-96.709018589329517,40.787560701406264],[-96.708972161281466,40.788910904560083]]],[[[-96.706926206287804,40.848319486209995],[-96.705148150631118,40.848284110291132],[-96.705194753492293,40.846933924684926],[-96.706972773118181,40.846969298929949],[-96.706926206287804,40.848319486209995]]],[[[-96.70496170756347,40.85368484910618],[-96.703183510922145,40.853649439105851],[-96.703230162473318,40.852299256618956],[-96.70500832307431,40.852334664943896],[-96.70496170756347,40.85368484910618]]],[[[-96.703782350905428,40.784754320095026],[-96.702005995521716,40.784718940815772],[-96.702052557788349,40.783368743270579],[-96.703828877256456,40.783404120875268],[-96.703782350905428,40.784754320095026]]],[[[-96.69354475479922,40.823732527568175],[-96.691767372653615,40.823696962915982],[-96.691814206526132,40.822346784240928],[-96.693591552686755,40.822382347210151],[-96.69354475479922,40.823732527568175]]],[[[-96.686106563328778,40.833041310028229],[-96.684328941950241,40.833005624134508],[-96.684375942073714,40.831655454736072],[-96.686153527451197,40.831691138941181],[-96.686106563328778,40.833041310028229]]],[[[-96.680491208940268,40.841035158759091],[-96.680538300229813,40.839684994912936],[-96.68058538832463,40.838334830704902],[-96.682363147350102,40.838370578092679],[-96.682316095268035,40.839720743992252],[-96.682269039993685,40.841070909530011],[-96.680491208940268,40.841035158759091]]],[[[-96.687602552299396,40.841177997610373],[-96.687555601886856,40.84252816785358],[-96.685777725244776,40.842492497511216],[-96.685824711675679,40.841142328955797],[-96.687602552299396,40.841177997610373]]],[[[-96.683952826151256,40.843806966299873],[-96.683999851790617,40.842456799795293],[-96.685777725244776,40.842492497511216],[-96.685730735625981,40.843842665704948],[-96.683952826151256,40.843806966299873]]],[[[-96.676101113524538,40.813924498155892],[-96.674324015086682,40.813888671821168],[-96.674371186391681,40.812538507512542],[-96.676148248864052,40.81257433215184],[-96.676101113524538,40.813924498155892]]],[[[-96.681385397380851,40.815381983806986],[-96.681338363558851,40.816732154165997],[-96.679561183596491,40.816696406485057],[-96.67778400682711,40.816660631455711],[-96.677736897867774,40.818010798068173],[-96.677689785712772,40.819360964318712],[-96.675912540190311,40.819325158552346],[-96.675865388861496,40.820675322746503],[-96.677642670361834,40.820711130207336],[-96.677595551814761,40.822061295734017],[-96.675818234334088,40.822025486578653],[-96.674040920052278,40.821989650069973],[-96.673993726343497,40.823339811844221],[-96.673946529433195,40.824689973256412],[-96.672169146385656,40.824654106000111],[-96.670391766542338,40.824618211388227],[-96.670344494456216,40.825968369042393],[-96.668567081832904,40.825932445375116],[-96.668519770550802,40.827282600967067],[-96.666742325147951,40.827246648241918],[-96.666694974664992,40.828596801770239],[-96.664917496483127,40.828560819984688],[-96.663140021515972,40.828524810840221],[-96.66136254976594,40.828488774337004],[-96.661315088091058,40.829838922390955],[-96.659537583567868,40.829802856822539],[-96.657760082266947,40.82976676389432],[-96.657807615927027,40.82841661925481],[-96.656030153843005,40.82838050067614],[-96.654252694985871,40.828344354739265],[-96.652475239358054,40.828308181444349],[-96.650697786961985,40.828271980791513],[-96.650745461355314,40.826921842633425],[-96.652522877762323,40.826958041573285],[-96.652570512935085,40.825607901339303],[-96.654347896586742,40.825644071210938],[-96.654300297400837,40.826994213156517],[-96.656077720268428,40.827030357383002],[-96.656125283467233,40.825680213727104],[-96.6579026735741,40.825716328887651],[-96.659680066904912,40.825752416692445],[-96.661457463457225,40.825788477141344],[-96.661410008221239,40.827138625920462],[-96.663187443980732,40.82717466071847],[-96.664964882957122,40.827210668159005],[-96.665012266216664,40.825860515970888],[-96.666789672418901,40.825896494351241],[-96.66683701647807,40.824546340098195],[-96.665059646262009,40.824510363420345],[-96.665107023093384,40.823160210507375],[-96.663329692074726,40.823124208178207],[-96.663377101673447,40.821774056606465],[-96.66515439671106,40.821810057231978],[-96.665201767115278,40.820459903594191],[-96.666979029387491,40.820495875164966],[-96.668756294870491,40.820531819384449],[-96.668803590108411,40.819181661981098],[-96.668850882138258,40.817831504215469],[-96.668898170960247,40.816481346087599],[-96.670675331728162,40.816517257856916],[-96.670722581372956,40.81516709766737],[-96.672499709376183,40.815202980390843],[-96.672546919848628,40.813852818141036],[-96.674324015086682,40.813888671821168],[-96.674276840581896,40.815238835767758],[-96.676053974987653,40.815274663797972],[-96.677831112591008,40.815310464481342],[-96.679608253389574,40.815346237817728],[-96.681385397380851,40.815381983806986]]],[[[-96.673710496850163,40.831440774885962],[-96.673663280725521,40.832790934125562],[-96.675440882935732,40.832826784203306],[-96.67539369960987,40.834176944777234],[-96.675346513082928,40.835527104989097],[-96.673568838866245,40.835491251518405],[-96.673521613131115,40.836841409671628],[-96.673474384192005,40.838191567462715],[-96.671696641163336,40.838155683230113],[-96.669918901341362,40.838119771628989],[-96.66814116472851,40.838083832659457],[-96.666363431327184,40.838047866321673],[-96.664585701139856,40.838011872615795],[-96.664633110121926,40.836661723327332],[-96.664680515887795,40.835311573676378],[-96.666458174061376,40.835347563976107],[-96.666410804301151,40.836697715330104],[-96.668188501694118,40.836733679966066],[-96.669966202298397,40.836769617235063],[-96.671743906111544,40.836805527136967],[-96.671791167853328,40.835455370681608],[-96.670013500046565,40.835419462478875],[-96.670060794586121,40.834069307360409],[-96.671838426388902,40.834105213864056],[-96.671885681718564,40.832755056684306],[-96.670108085917306,40.832719151879694],[-96.668330493324163,40.832683219711846],[-96.668377817446043,40.831333065569126],[-96.666600264062055,40.831297107739751],[-96.666647620969783,40.829946954936176],[-96.666694974664992,40.828596801770239],[-96.668472456059121,40.828632756196733],[-96.670249940663055,40.82866868326402],[-96.670202658955517,40.830018839831489],[-96.671980182761061,40.830054741238257],[-96.673757709771792,40.830090615284249],[-96.673710496850163,40.831440774885962]]],[[[-96.67717134102314,40.834212769186486],[-96.67894898563506,40.834248566230656],[-96.678996096956155,40.832898402267737],[-96.680773708761507,40.832934170254106],[-96.680726633443143,40.834284335909594],[-96.680679554931046,40.835634501203224],[-96.678901871117773,40.835598729831659],[-96.677124190500919,40.83556293109357],[-96.67717134102314,40.834212769186486]]],[[[-96.667357589223272,40.809694619400688],[-96.665580614694193,40.809658661445781],[-96.665627956188416,40.808308504546567],[-96.667404894760551,40.808344460799781],[-96.667357589223272,40.809694619400688]]],[[[-96.668992738981672,40.813781028745119],[-96.669040018181619,40.812430869530509],[-96.67081707104802,40.812466776201738],[-96.670769827812819,40.813816937115639],[-96.668992738981672,40.813781028745119]]],[[[-96.664822713890814,40.831261122548732],[-96.666600264062055,40.831297107739751],[-96.666552903941579,40.832647260180927],[-96.6665055406081,40.833997412259713],[-96.664727918437748,40.833961423662956],[-96.664775317771998,40.832611273287078],[-96.664822713890814,40.831261122548732]]],[[[-96.660982766198146,40.839289948616035],[-96.660935278757776,40.840640093769167],[-96.659157486205046,40.840604014545647],[-96.659109959528223,40.841954157628948],[-96.660887788095621,40.841990238559667],[-96.660840294211397,40.843340382987513],[-96.659062429626914,40.843304300349537],[-96.659014896500864,40.84465444270743],[-96.657236999121807,40.844618330988105],[-96.657189426749042,40.845968471274581],[-96.655411496575937,40.845932330471427],[-96.655363884951569,40.847282468685052],[-96.653585921984899,40.84724629879554],[-96.653538271104054,40.848596434934876],[-96.65176027534433,40.848560235956505],[-96.649982282820076,40.84852400960083],[-96.648204293533752,40.848487755867993],[-96.648252052491429,40.847137624870669],[-96.648299808208989,40.845787493510201],[-96.648347560686688,40.844437361786596],[-96.646569682708758,40.844401085826313],[-96.646617467964631,40.843050955455951],[-96.646665249978696,40.841700824722409],[-96.646713028751208,40.84035069362568],[-96.646760804282408,40.839000562165765],[-96.646808576572553,40.83765043034267],[-96.64685634562187,40.836300298156438],[-96.648634007529594,40.836336563819444],[-96.648681737335181,40.83498642955405],[-96.650459366477605,40.835022666137007],[-96.652236998855457,40.835058875355742],[-96.652284653420963,40.833708737299325],[-96.654062253030332,40.83374491744167],[-96.655839855870013,40.833781070220773],[-96.655792273307711,40.835131211699931],[-96.657569915377223,40.835167338825123],[-96.65934756067243,40.835203438585495],[-96.659300046891076,40.836553583119567],[-96.661077731414451,40.836589657221914],[-96.661030250416943,40.837939803100284],[-96.66280797416897,40.837975851541948],[-96.664585701139856,40.838011872615795],[-96.664538288941387,40.839362021541781],[-96.662760525960195,40.839325998763471],[-96.660982766198146,40.839289948616035]]],[[[-96.670845323514484,40.862458430962995],[-96.669066935116376,40.862422488764068],[-96.66911429387531,40.861072340892093],[-96.670892646220679,40.861108281390557],[-96.670845323514484,40.862458430962995]]],[[[-96.662074088679518,40.8082365100217],[-96.662026675272159,40.809586663513684],[-96.661979258648714,40.810936816643164],[-96.660202257802013,40.810900774960615],[-96.660154802001145,40.812250926021925],[-96.658377768412407,40.812214855290712],[-96.656600738045128,40.812178757216678],[-96.656648265767373,40.810828609570635],[-96.654871274584323,40.810792485863466],[-96.653094286627351,40.810756334815061],[-96.653141883041457,40.809406190226618],[-96.654918835040803,40.809442339564228],[-96.654966392271433,40.808092192902215],[-96.656743311541163,40.808128313190444],[-96.658520234034029,40.808164406139866],[-96.660297159747628,40.808200471750325],[-96.662074088679518,40.8082365100217]]],[[[-96.660059880742068,40.814951227056802],[-96.658282775224407,40.814915152911432],[-96.658330273429257,40.813565004282395],[-96.660107342981249,40.813601076720651],[-96.660059880742068,40.814951227056802]]],[[[-96.654633423905679,40.817543211918014],[-96.652856256124011,40.817507052314639],[-96.652903868683211,40.816156909540439],[-96.65468100049506,40.816193067432692],[-96.654633423905679,40.817543211918014]]],[[[-96.631722652520409,40.811670513263593],[-96.631674618118382,40.81302063649445],[-96.631626580458132,40.81437075936163],[-96.629849526784014,40.814334247706903],[-96.629801449901137,40.815684368482536],[-96.628024363524048,40.815647827755555],[-96.626247280410553,40.815611259684317],[-96.624470200563096,40.815574664268986],[-96.624518385336827,40.814224548684713],[-96.622741344720964,40.814187927658445],[-96.620964307375758,40.814151279289661],[-96.621012560802399,40.812801166808619],[-96.621060810956223,40.811451053963488],[-96.622837776382994,40.81148769886385],[-96.622885987308649,40.810137583920508],[-96.624662920049758,40.810174199748097],[-96.626439856058326,40.810210788236887],[-96.628216795331923,40.810247349386749],[-96.629993737868105,40.810283883197513],[-96.629945670767228,40.811634005064391],[-96.631722652520409,40.811670513263593]]],[[[-96.63345163908906,40.813057119079424],[-96.635228663315516,40.813093574322281],[-96.635276625798269,40.811743447639849],[-96.637053617318074,40.811779873816626],[-96.637005690795334,40.813130002222898],[-96.636957761021677,40.8144801302657],[-96.635180697579401,40.814443700641171],[-96.633403637390742,40.814407243673088],[-96.63345163908906,40.813057119079424]]],[[[-96.636957761021677,40.8144801302657],[-96.638734827715112,40.814516532546548],[-96.638686930655396,40.815866661948576],[-96.638639030346681,40.817216790987182],[-96.636861891720557,40.817180385260869],[-96.636909827996831,40.815830257945031],[-96.636957761021677,40.8144801302657]]],[[[-96.642193317344265,40.817289520400415],[-96.640416172222075,40.817253169367085],[-96.64046403656296,40.815903038606997],[-96.642241145717094,40.815939387920153],[-96.642193317344265,40.817289520400415]]],[[[-96.651079091572115,40.817470865363674],[-96.649301930252406,40.817434651065291],[-96.649349614750477,40.816084511717236],[-96.651126740100864,40.816120724301896],[-96.651079091572115,40.817470865363674]]],[[[-96.645365449188674,40.828163214687024],[-96.645413231547636,40.82681308167561],[-96.647190638245519,40.826849362684449],[-96.648968048182226,40.826885616337108],[-96.648920337800121,40.828235752780927],[-96.647142891874864,40.828199497412712],[-96.645365449188674,40.828163214687024]]],[[[-96.654205089341588,40.829694495959153],[-96.654157480467731,40.831044636816195],[-96.65237995285402,40.831008460097706],[-96.652427597722038,40.82965832095249],[-96.654205089341588,40.829694495959153]]]]}},
{"type":"Feature","properties":{"band":60},"geometry":{"type":"MultiPolygon","coordinates":[[[[-96.795308036615438,40.812211731341037],[-96.79526331758143,40.813562008709027],[-96.795218595513703,40.814912285719494],[-96.793441324218705,40.814878293455017],[-96.793486082265531,40.813528018053276],[-96.791708849985767,40.813494000045431],[-96.791664055960069,40.814844273837103],[-96.78988679074024,40.814810226865916],[-96.789841957694634,40.816160498688532],[-96.789797121607563,40.817510770153419],[-96.789752282478773,40.818861041260568],[-96.787974912350336,40.818826962097951],[-96.786197545266305,40.818792855578437],[-96.786242456366281,40.817442587698231],[-96.784465128314309,40.817408455437366],[-96.784510072350528,40.816058188814637],[-96.782732783330147,40.816024030815093],[-96.782687803311362,40.817374295821189],[-96.780910481359854,40.817340108849805],[-96.780955497361006,40.815989845461651],[-96.779178214445523,40.815955632754438],[-96.777400934586126,40.815921392693603],[-96.7774460194927,40.814571132186991],[-96.775668778671047,40.814536866394405],[-96.77562365778526,40.815887125279261],[-96.775578533838512,40.817237383805882],[-96.775533406830561,40.818587641974233],[-96.773756061125425,40.818553343960296],[-96.771978718484178,40.818519018590528],[-96.772023917459578,40.817168763669805],[-96.770246613868025,40.817134412570141],[-96.76846931334498,40.817100034116223],[-96.768514581215925,40.815749782089782],[-96.768559846016146,40.814399529704829],[-96.766782620522534,40.814365127153295],[-96.766737319744294,40.815715377910038],[-96.764960061345789,40.815680946377633],[-96.764914721514174,40.817031195146242],[-96.764869378606718,40.818381443556198],[-96.763092051321422,40.818346981409462],[-96.763137430211287,40.816996734630443],[-96.761360141986671,40.816962246760944],[-96.759582856842755,40.816927731537895],[-96.759537405988766,40.818277975051188],[-96.761314727114623,40.818312491907754],[-96.761269309161634,40.819662736695797],[-96.759491952051377,40.819628218205658],[-96.759446495030403,40.820978461001275],[-96.757669105017172,40.820943913520196],[-96.757714598024748,40.819593672359517],[-96.755937247084148,40.819559099157523],[-96.755982772989569,40.818208859274094],[-96.756028295806757,40.816858619031692],[-96.756073815535927,40.815508378430316],[-96.756119332177335,40.814158137469974],[-96.75434212824527,40.814123543461669],[-96.752564927403199,40.814088922102947],[-96.752610512904681,40.812738684059333],[-96.754387677773082,40.812773303779565],[-96.754433224211141,40.811423063738445],[-96.754478767559718,40.810072823338309],[-96.756255863577294,40.810107412435222],[-96.756301367869995,40.808757170039087],[-96.758078431007547,40.808791730153615],[-96.758123896249231,40.807441485762901],[-96.759900926506276,40.807476016897567],[-96.761677959844775,40.807510520687863],[-96.761632566532626,40.808860768345987],[-96.761587170141212,40.810211015645351],[-96.763364278491466,40.810245495354749],[-96.763318914990521,40.811595743927271],[-96.763273548412286,40.812945992141096],[-96.765050731782523,40.812980447764524],[-96.765096062388096,40.811630197920017],[-96.766873212860531,40.811664624564123],[-96.766827918227875,40.813014876037983],[-96.768605107745898,40.813049276961372],[-96.770382300334177,40.81308365053453],[-96.770427523020302,40.811733395805796],[-96.77220468270275,40.811767740403099],[-96.772249866350123,40.810417483690514],[-96.772295046932584,40.809067226619575],[-96.774072137739779,40.80910154061948],[-96.7758492316092,40.809135827272613],[-96.775804122964928,40.810486087590405],[-96.777581255863595,40.810520348518146],[-96.777536180131207,40.81187061009927],[-96.779313352059603,40.81190484529894],[-96.779268309243946,40.813255108142208],[-96.781045520202525,40.813289317611165],[-96.781090527043389,40.811939053148862],[-96.782867705080122,40.811973233648899],[-96.784644886167385,40.812007386798932],[-96.784689818009852,40.810657118744544],[-96.784734746804475,40.809306850332256],[-96.784779672551466,40.80795658156206],[-96.786556748774913,40.807990702516861],[-96.788333828043307,40.80802479612526],[-96.788288974232941,40.809375068124062],[-96.790066092512504,40.809409135998266],[-96.791843213832379,40.809443176524496],[-96.79179842892168,40.81079345138911],[-96.793575589251006,40.810827466177081],[-96.793530837276222,40.812177742293976],[-96.795308036615438,40.812211731341037]],[[-96.757896539196906,40.81419270412772],[-96.757851058532111,40.815542946724022],[-96.759628304613628,40.815577487665749],[-96.759673749301584,40.814227243434765],[-96.761450962488922,40.814261755390987],[-96.761496368119595,40.812911509167876],[-96.759719190906893,40.812876998844956],[-96.759764629429782,40.811526753896331],[-96.757987491271464,40.811492217858429],[-96.75794201677661,40.812842461172515],[-96.756164845731206,40.812807896150659],[-96.756119332177335,40.814158137469974],[-96.757896539196906,40.81419270412772]],[[-96.773981845450351,40.811802057651214],[-96.773936694711722,40.813152315629637],[-96.775713896496114,40.813186607151316],[-96.775759011260647,40.811836347549978],[-96.773981845450351,40.811802057651214]],[[-96.772159495990266,40.813117996757327],[-96.772114306212387,40.814468252753194],[-96.773891540910128,40.814502573249761],[-96.773936694711722,40.813152315629637],[-96.772159495990266,40.813117996757327]]],[[[-96.791619258895551,40.816194547271124],[-96.791664055960069,40.814844273837103],[-96.793441324218705,40.814878293455017],[-96.793396563135488,40.816228568499142],[-96.791619258895551,40.816194547271124]]],[[[-96.794771207931518,40.828415036159114],[-96.794726452477647,40.829765309236429],[-96.792948785251582,40.829731299271437],[-96.792903990752862,40.831081570381642],[-96.7946816939873,40.831115581956162],[-96.794636932460179,40.832465854318301],[-96.792859193214952,40.832431841134188],[-96.792814392637638,40.833782111529068],[-96.794592167896099,40.83381612632283],[-96.794547400294817,40.835166397969751],[-96.794502629656094,40.836516669259055],[-96.79272478236382,40.836482651245795],[-96.792679972666875,40.837832920567628],[-96.79263515992956,40.839183189531781],[-96.792590344151662,40.840533458138218],[-96.792545525332955,40.841883726386975],[-96.794323516722073,40.841917750840011],[-96.794278730892628,40.843268020341156],[-96.792500703473181,40.843233994278016],[-96.790722679095026,40.843199940834275],[-96.790677818161456,40.844550206756139],[-96.788899760794749,40.844516124319206],[-96.788854860782479,40.845866388270458],[-96.788809957723586,40.847216651863867],[-96.787031831331845,40.84718253881703],[-96.785253707989412,40.847148398386125],[-96.785298683121951,40.845798138022381],[-96.783520598867725,40.845763971824319],[-96.781742517667467,40.845729778243786],[-96.781787561816287,40.84437952075676],[-96.781832602908949,40.843029262911635],[-96.78187764094568,40.841679004708389],[-96.781922675926708,40.840328746147065],[-96.780144741902433,40.840294531660945],[-96.780189809851791,40.83894427436055],[-96.780234874743513,40.837594016702006],[-96.780279936577784,40.83624375868532],[-96.780324995354889,40.8348935003105],[-96.780370051075025,40.833543241577559],[-96.782147805004755,40.833577447969155],[-96.783925561988752,40.833611626990042],[-96.783970542628751,40.832261364662827],[-96.782192821656565,40.832227187259356],[-96.782237835254364,40.830876926191507],[-96.782282845798321,40.829526664765609],[-96.780505199896069,40.82949246322994],[-96.780550243390735,40.828142203064516],[-96.780595283829626,40.826791942540979],[-96.782372857725761,40.826826140839678],[-96.782417859109714,40.82547587833966],[-96.784195400059303,40.825510047657041],[-96.784240362393177,40.824159783181976],[-96.786017870395781,40.824193923520525],[-96.786062793684465,40.822843657071836],[-96.787840268739586,40.822877768434076],[-96.789617746839795,40.82291185243556],[-96.789572895541824,40.824262122111705],[-96.791350412680373,40.824296180364058],[-96.791305594337643,40.825646451294304],[-96.793083150515031,40.825680483794883],[-96.793038365132432,40.827030755978051],[-96.794815960349098,40.827064762724198],[-96.794771207931518,40.828415036159114]]],[[[-96.781697470462248,40.847080035372706],[-96.781652420200402,40.848430292143505],[-96.779874269982102,40.848396067941813],[-96.7798291806225,40.849746322735008],[-96.779784088203357,40.85109657716999],[-96.779738992724432,40.85244683124678],[-96.779693894185485,40.853797084965365],[-96.779648792586286,40.855147338325736],[-96.779603687926596,40.85649759132788],[-96.777825324487154,40.856463330015721],[-96.77778018071146,40.857813581038485],[-96.77600178428014,40.857779290711434],[-96.774223390914671,40.857744972990773],[-96.774268606800248,40.856394725214244],[-96.772490252557645,40.856360381725189],[-96.772535501427299,40.855010135215252],[-96.772580747226712,40.853659888346812],[-96.774359029367488,40.853694228585951],[-96.774404236049605,40.852343979734187],[-96.774449439664394,40.850993730524003],[-96.772671229615696,40.850959393534517],[-96.772716466205736,40.849609145590676],[-96.774494640212069,40.849643480955429],[-96.774539837692885,40.848293231028478],[-96.776317978725913,40.848327537384179],[-96.776363137102351,40.846977285475525],[-96.778141245161621,40.847011562824676],[-96.778186364438596,40.845661308935775],[-96.77996443952361,40.845695557280884],[-96.779919356282392,40.847045812790441],[-96.781697470462248,40.847080035372706]]],[[[-96.784668753471422,40.864701750535751],[-96.782890164484527,40.864667561697033],[-96.781111578554885,40.864633345457712],[-96.781156665514729,40.86328309298478],[-96.781201749415118,40.861932840153671],[-96.782980263211257,40.861967053155247],[-96.784758780064166,40.862001238758808],[-96.784713768295092,40.863351494826304],[-96.784668753471422,40.864701750535751]]],[[[-96.750924584794745,40.810003563104978],[-96.75087896950879,40.811353800227117],[-96.752656095314009,40.811388445656632],[-96.752610512904681,40.812738684059333],[-96.750833351128449,40.812704036990105],[-96.749056192446815,40.812669362572038],[-96.747279036862238,40.812634660805251],[-96.74723334344111,40.813984893925657],[-96.745456154983259,40.813950163166645],[-96.74550188437712,40.812599931689888],[-96.743724734993904,40.812565175226091],[-96.743770497255909,40.811214945034891],[-96.741993386946859,40.811180162868972],[-96.741947588715036,40.812530391414008],[-96.740170445542944,40.812495580253746],[-96.740216279744359,40.811145353356189],[-96.740262110836795,40.809795126099083],[-96.742039182072148,40.809829933964451],[-96.742084974091142,40.808479704700481],[-96.743862012467844,40.808514483574235],[-96.743816256413808,40.809864714484256],[-96.745593333859333,40.809899467658354],[-96.74554761066905,40.811249699853796],[-96.74732472718388,40.811284427325567],[-96.747370414406291,40.809934193486598],[-96.749147498052238,40.80996889196885],[-96.750924584794745,40.810003563104978]]],[[[-96.754159899232036,40.81952449859979],[-96.754114334252023,40.820874736486708],[-96.752336953504965,40.820840106934583],[-96.750559575851497,40.820805450025709],[-96.748782201294048,40.82077076576023],[-96.748827874230969,40.819420532793607],[-96.747050538757151,40.819385822814354],[-96.747096244578543,40.818035591131135],[-96.748873544069639,40.81807029946777],[-96.750650846658729,40.818104980450514],[-96.750696477418899,40.816754745124165],[-96.752473747122778,40.81678939711292],[-96.75242815234337,40.818139634079252],[-96.752382554470842,40.819489870686468],[-96.754159899232036,40.81952449859979]]],[[[-96.747004829835092,40.820736054138273],[-96.745227461477029,40.820701315159994],[-96.745181713466707,40.822051544480537],[-96.743404312224868,40.82201677650071],[-96.743450096222304,40.820666548825507],[-96.741672734073347,40.820631755134976],[-96.739895375032631,40.820596934088535],[-96.738118019102544,40.820562085686312],[-96.736340666285557,40.820527209928443],[-96.736386591113515,40.819176988487833],[-96.734609277395535,40.819142087026215],[-96.73283196679526,40.819107158210521],[-96.731054659315134,40.819072202040886],[-96.73110068897023,40.817721985199491],[-96.732877960469779,40.817756939714847],[-96.734655235089249,40.817791866877577],[-96.734701189665486,40.816441646369178],[-96.736478431423819,40.816476544527511],[-96.736432512826184,40.817826766687517],[-96.738209793678195,40.81786163914456],[-96.738163907946785,40.819211862595246],[-96.739941227892913,40.81924670934832],[-96.73998707764278,40.817896484248529],[-96.741764364717554,40.817931301999316],[-96.741718550949443,40.819281528746899],[-96.743495877113958,40.819316320790861],[-96.743541654900071,40.817966092396773],[-96.745318948187872,40.818000855440758],[-96.745273206383999,40.819351085480065],[-96.747050538757151,40.819385822814354],[-96.747004829835092,40.820736054138273]]],[[[-96.744495120748525,40.842304941158815],[-96.746273065196746,40.84233970644982],[-96.746227303526823,40.843689931664564],[-96.744449323052237,40.843655164728453],[-96.742671345685068,40.843620370414165],[-96.742625508852811,40.844970591977848],[-96.742579668910466,40.846320813181983],[-96.742533825857791,40.847671034026568],[-96.742487979694573,40.849021254511577],[-96.742442130420528,40.850371474637001],[-96.742396278035443,40.851721694402869],[-96.74235042253909,40.85307191380916],[-96.744128652157457,40.8531067196501],[-96.744082829595214,40.854456940343717],[-96.742304563931199,40.854422132855859],[-96.742258702211529,40.855772351542946],[-96.742212837379896,40.857122569870441],[-96.743991175142526,40.85715738065236],[-96.74394534325161,40.85850760026738],[-96.743899508250635,40.859857819522865],[-96.742121098379599,40.859823005446636],[-96.742075224210495,40.8611732226953],[-96.740296781394562,40.86113837957695],[-96.740250868052442,40.862488594817378],[-96.738472392292081,40.862453722654386],[-96.738426439772056,40.863803935885151],[-96.738380484133685,40.865154148756126],[-96.740159032020998,40.865189024219148],[-96.740113109331219,40.866539238380469],[-96.740067183525071,40.867889452182084],[-96.741845806665722,40.867924303544186],[-96.741799913815228,40.869274518635031],[-96.740021254602297,40.869239665623994],[-96.739975322562699,40.870589878706163],[-96.74175401785034,40.870624733366228],[-96.743532716252645,40.870659560622364],[-96.745311417767141,40.870694360474431],[-96.745265590842635,40.872044578140219],[-96.743486853250516,40.872009776641669],[-96.743440987135941,40.873359992301374],[-96.743395117908705,40.874710207601474],[-96.741616311266867,40.874675375401786],[-96.739837507740404,40.874640515794283],[-96.739791563231023,40.875990727437504],[-96.738012726738106,40.875955838771759],[-96.736233893365693,40.875920922697169],[-96.734455063116201,40.875885979213891],[-96.734501115877634,40.874535772526279],[-96.73272232483707,40.874500803288917],[-96.730943536924087,40.87446580664443],[-96.729164752141131,40.874430782592981],[-96.729210910019944,40.873080580512472],[-96.727432164449823,40.87304553071246],[-96.725653422014375,40.873010453507028],[-96.723874682716044,40.87297534889634],[-96.722095946557275,40.872940216880536],[-96.722049644358464,40.87429041232015],[-96.720270875262301,40.874255251235894],[-96.720317213540511,40.872905057459725],[-96.718538483668198,40.872869870634077],[-96.718584854878671,40.87151967816213],[-96.720363548674285,40.871554863323091],[-96.720409880663837,40.870204668826005],[-96.720456209509436,40.86885447396844],[-96.718677587859915,40.868819292136656],[-96.718723949631169,40.867469098583115],[-96.718770308256495,40.866118904669072],[-96.718816663736135,40.864768710394515],[-96.718863016070344,40.863418515759456],[-96.718909365259364,40.86206832076391],[-96.718955711303437,40.86071812540785],[-96.71900205420279,40.859367929691317],[-96.719048393957678,40.858017733614297],[-96.717270063939011,40.857982537706057],[-96.717316436599276,40.8566323429338],[-96.719094730568344,40.856667537176811],[-96.719141064035014,40.855317340378846],[-96.720919325100667,40.855352505568796],[-96.720873027681378,40.856702704030631],[-96.722651327935964,40.856737843495154],[-96.7226975893076,40.855387643370726],[-96.724475856653399,40.855422753784502],[-96.724522078840735,40.854072551638517],[-96.726300313277278,40.854107633004062],[-96.726254127135604,40.855457836809983],[-96.728032400751815,40.855492892447025],[-96.729810677499529,40.855527920695486],[-96.729856791549096,40.854177713573591],[-96.731635035379512,40.85421271277729],[-96.731681110256247,40.852862503639329],[-96.731727182006821,40.851512294141386],[-96.72994901026189,40.851477298249598],[-96.729995114925629,40.850127090047529],[-96.730041216461217,40.848776881485421],[-96.730087314868939,40.847426672563287],[-96.731865378503926,40.847461663487721],[-96.733643445264121,40.847496627031063],[-96.733689468480421,40.846146414438877],[-96.733735488574169,40.844796201486801],[-96.733781505545664,40.84344598817485],[-96.732003546874154,40.843411029594392],[-96.732049596748269,40.84206081757673],[-96.730271677225701,40.842025833274512],[-96.728493760829821,40.841990821596511],[-96.726715847563042,40.841955782542883],[-96.726669689616315,40.843305989590313],[-96.728447638907042,40.843341030301978],[-96.728401513854919,40.844691238647378],[-96.726623528537772,40.84465619627759],[-96.724845546352697,40.844621126529731],[-96.724799346113514,40.845971331197397],[-96.724753142739615,40.84732153550484],[-96.722975091629863,40.847286435057441],[-96.721197043657497,40.847251307229655],[-96.721150765082385,40.848601507853772],[-96.719372684217134,40.848566350982246],[-96.719418998824992,40.847216152021602],[-96.719465310290573,40.845865952700528],[-96.717687304630431,40.845830771777081],[-96.717733648981593,40.844480573760222],[-96.71595568249333,40.844445367124038],[-96.714177719151749,40.8444101331106],[-96.714131302746054,40.845760327794288],[-96.71235330652668,40.845725064735213],[-96.712399758959279,40.844374871720063],[-96.712446208240337,40.843024678344229],[-96.712492654370067,40.841674484607708],[-96.71253909734871,40.840324290510523],[-96.714316949475091,40.84035954689589],[-96.714363353285762,40.839009350769793],[-96.712585537176523,40.838974096052681],[-96.71263197385376,40.837623901234174],[-96.712678407380622,40.836273706055017],[-96.714456151462869,40.836308957435804],[-96.71440975394826,40.837659154283088],[-96.716187537190706,40.837694379961377],[-96.717965323578596,40.837729578268871],[-96.718011649067947,40.836379378089212],[-96.718057971414481,40.835029177549117],[-96.719835688921862,40.835064345157278],[-96.719881972117733,40.833714142592612],[-96.721659656756856,40.833749281169496],[-96.723437344533409,40.833784392379052],[-96.723483552577321,40.832434186129824],[-96.725261207482461,40.832469268311776],[-96.727038865519916,40.832504323127395],[-96.726992729489055,40.833854532695653],[-96.726946590328083,40.835204741903816],[-96.728724323511628,40.835239772668231],[-96.728770426663274,40.833889561802415],[-96.72881652668724,40.832539350576589],[-96.730594190982004,40.832574350659193],[-96.732371858401763,40.832609323375081],[-96.734149528944087,40.832644268724103],[-96.735927202606533,40.83267918670613],[-96.735881246612522,40.834029404549334],[-96.735835287500592,40.835379622032796],[-96.737613036299351,40.835414515949971],[-96.737658959400747,40.834064296815335],[-96.739436675304447,40.834099161712778],[-96.741214394321204,40.834133999241487],[-96.741168543241585,40.835484221674591],[-96.741122689051139,40.83683444374811],[-96.742900483203428,40.836869257202636],[-96.742854661918017,40.838219480564007],[-96.742808837523711,40.839569703565836],[-96.742763010020269,40.840919926208151],[-96.742717179407478,40.842270148490933],[-96.744495120748525,40.842304941158815]],[[-96.73158895737636,40.855562921555233],[-96.731542876246564,40.856913129973215],[-96.733321195299126,40.856948105098937],[-96.733367240379835,40.855597895026136],[-96.733413282336329,40.854247684593439],[-96.731635035379512,40.85421271277729],[-96.73158895737636,40.855562921555233]],[[-96.717918994946231,40.839079778088077],[-96.719696820492615,40.839114950688966],[-96.719650524734831,40.840465151812069],[-96.717872663170596,40.840429977546805],[-96.717826328251434,40.841780176645088],[-96.717779990188518,40.843130375382898],[-96.719557923795833,40.843165552977126],[-96.719511618614106,40.844515753019024],[-96.721289591388413,40.844550904900309],[-96.721335860544698,40.843200703195123],[-96.721382126561878,40.841850501129578],[-96.723160030426641,40.841885622309277],[-96.723206257284133,40.840535418221549],[-96.723252481005417,40.839185213773554],[-96.721474649179811,40.83915009591751],[-96.721520905781063,40.837799892770981],[-96.71974311310953,40.837764749205462],[-96.717965323578596,40.837729578268871],[-96.717918994946231,40.839079778088077]],[[-96.725030315966976,40.839220304256983],[-96.726808154062056,40.839255367367635],[-96.728585995288213,40.839290403105373],[-96.730363839643019,40.839325411470064],[-96.730409916162259,40.837975200027856],[-96.730455989555537,40.836624988225658],[-96.728678217232059,40.836589983173994],[-96.726900448036758,40.836554950751875],[-96.725122681972039,40.83651989095943],[-96.723344919040358,40.8364848037968],[-96.72329870159075,40.837835008965314],[-96.723252481005417,40.839185213773554],[-96.725030315966976,40.839220304256983]],[[-96.734823397717207,40.865084315634839],[-96.734869425484248,40.863734106067824],[-96.734915450128099,40.862383896140905],[-96.733136983729338,40.862348941790685],[-96.731358520455998,40.862313960045007],[-96.731312423689317,40.8636641666629],[-96.729533927482777,40.863629155865446],[-96.729487791524505,40.864979360466783],[-96.727709262385233,40.864944320615031],[-96.725930736379198,40.864909253365646],[-96.725884525158961,40.866259454289832],[-96.727663087230468,40.866294523198398],[-96.729441652435426,40.866329564708025],[-96.731220220771419,40.86636457881859],[-96.732998792235989,40.866399565529939],[-96.734777366826705,40.866434524841942],[-96.734823397717207,40.865084315634839]],[[-96.731773250631463,40.850162084283468],[-96.733551389462988,40.850197051135737],[-96.733597418925058,40.848846839263352],[-96.731819316130427,40.848811874065582],[-96.731773250631463,40.850162084283468]],[[-96.733505356877686,40.851547262648211],[-96.735283534872025,40.851582203769922],[-96.735329531417761,40.850231990604179],[-96.733551389462988,40.850197051135737],[-96.733505356877686,40.851547262648211]],[[-96.732279799260041,40.835309752089401],[-96.732325830392298,40.833959537912186],[-96.730548126965161,40.833924563541316],[-96.730502059823095,40.835274776063471],[-96.732279799260041,40.835309752089401]],[[-96.734011543577196,40.836694916217027],[-96.732233765004722,40.836659965906712],[-96.73218772762614,40.838010179364105],[-96.732141687124027,40.839360392461565],[-96.733919537728795,40.839395346079748],[-96.733965542213539,40.838045131328322],[-96.734011543577196,40.836694916217027]],[[-96.737567110082239,40.836764734724873],[-96.735789325270517,40.836729839156469],[-96.735743359922026,40.838080055920358],[-96.737521180749155,40.838114953140085],[-96.737567110082239,40.836764734724873]]],[[[-96.777644731002965,40.861864331956951],[-96.777599574972228,40.863214581546508],[-96.779378118712529,40.863248850965171],[-96.779332995684953,40.864599101817895],[-96.777554415877148,40.864564830777738],[-96.775775839133928,40.864530532337376],[-96.773997265457751,40.864496206496952],[-96.77404249668713,40.863145960512597],[-96.775821034296271,40.863180284728941],[-96.775866226391841,40.861830036762115],[-96.777644731002965,40.861864331956951]]],[[[-96.73853090665834,40.808410064920238],[-96.738485042710167,40.809760290888249],[-96.736707977694721,40.809725428332136],[-96.734930915792859,40.809690538430857],[-96.733153857007068,40.809655621184568],[-96.731376801339735,40.809620676593376],[-96.731422809143396,40.808270457232815],[-96.733199828847205,40.808305400170191],[-96.734976851669259,40.808340315763978],[-96.736753877607114,40.808375204014041],[-96.73853090665834,40.808410064920238]]],[[[-96.715939211283086,40.793102467968453],[-96.714162618307043,40.793067269932386],[-96.714116285463376,40.794417476649329],[-96.714069949477107,40.795767683005792],[-96.715846614324249,40.795802884373913],[-96.715800311134345,40.797153092036041],[-96.715754004803784,40.79850329933776],[-96.717530744672658,40.798538476705041],[-96.717484471145511,40.799888685311302],[-96.715707695332341,40.799853506279071],[-96.715661382719759,40.801203712859945],[-96.717438194479683,40.801238893557219],[-96.717391914674891,40.80258910144277],[-96.71561506696581,40.802553919080403],[-96.71556874807024,40.803904124940431],[-96.715522426032805,40.805254330440022],[-96.715476100853294,40.806604535579147],[-96.715429772531422,40.807954740357836],[-96.717206764061544,40.807989929381257],[-96.717160468558447,40.809340135464915],[-96.715383441066976,40.809304944776066],[-96.713606416718321,40.809269726743736],[-96.713652784143875,40.807919523992219],[-96.713699148424411,40.806569320880193],[-96.713745509560169,40.805219117407646],[-96.713791867551393,40.803868913574576],[-96.713838222398323,40.802518709380998],[-96.713884574101215,40.80116850482694],[-96.713930922660296,40.799818299912388],[-96.713977268075809,40.798468094637336],[-96.71220053449116,40.798432862603896],[-96.712246912704728,40.797082658635851],[-96.712293287772795,40.795732454307242],[-96.712339659695587,40.794382249618124],[-96.712386028473347,40.79303204456847],[-96.710609441784442,40.792996791876845],[-96.710655843348846,40.79164658813518],[-96.710702241766242,40.790296384032906],[-96.708925730084488,40.790261107353253],[-96.707149221551887,40.790225803348754],[-96.707102751277233,40.791576004110269],[-96.707056277850739,40.792926204511062],[-96.705279700610802,40.792890869837173],[-96.705326209967993,40.791540671108763],[-96.703549671813022,40.79150531078141],[-96.703596213943939,40.79015511336582],[-96.703642752918398,40.788804915589381],[-96.703689288736641,40.787454717452093],[-96.701912861514401,40.787419334823518],[-96.70186628977325,40.788769531286029],[-96.701819714873452,40.790119727387641],[-96.701773136814751,40.791469923128339],[-96.701726555596906,40.792820118508111],[-96.699949987827821,40.792784701853222],[-96.699996604975624,40.791434508149699],[-96.698220076298071,40.791399065845638],[-96.696443550784522,40.791363596216272],[-96.696490236625095,40.79001340550802],[-96.69471375020477,40.789977910233581],[-96.694667028437408,40.791328099261776],[-96.692890509259172,40.791292574982265],[-96.69111399325223,40.791257023377895],[-96.691067196458263,40.792607208680757],[-96.689290647696566,40.792571628067655],[-96.687514102111251,40.792536020128694],[-96.687467230281698,40.793886201700793],[-96.685690651944796,40.793850564749434],[-96.683914076789407,40.79381490047119],[-96.682137504817959,40.793779208866212],[-96.680360936032912,40.793743489934634],[-96.680407951582779,40.792393315116897],[-96.678631421915995,40.792357570550664],[-96.678584370436667,40.793707743676585],[-96.676807808031668,40.793671970092234],[-96.676854895440215,40.79232179865943],[-96.67507837215787,40.792285999443308],[-96.675031248820346,40.793636169181717],[-96.673254692805145,40.793600340945154],[-96.673207530340363,40.794950508625853],[-96.671430941592774,40.794914651366341],[-96.671478139988466,40.79356448538271],[-96.669701590372782,40.793528602494526],[-96.66974882149573,40.792178437847085],[-96.66797231101144,40.792142529332864],[-96.667925043960494,40.793492692280729],[-96.666148500754048,40.793456754741477],[-96.664371960755872,40.793420789876912],[-96.664419299662057,40.792070630332056],[-96.662642798801826,40.79203463984576],[-96.662595423968398,40.793384797687168],[-96.660818890394054,40.793348778172394],[-96.660771476418063,40.794698933946584],[-96.658994910130104,40.794662885400825],[-96.659042360035272,40.79331273133274],[-96.657265832894495,40.793276657168327],[-96.655489308974154,40.793240555679326],[-96.65371278827665,40.793204426865856],[-96.65193627080447,40.793168270728081],[-96.650159756559987,40.793132087266123],[-96.648383245545659,40.793095876480152],[-96.648335580070594,40.794446020284546],[-96.64655903636141,40.794409780459553],[-96.644782495887497,40.794373513309537],[-96.644830233217235,40.793023372936688],[-96.644877967309498,40.79167323220075],[-96.643101501924761,40.791636941161201],[-96.643053731907969,40.792987080179493],[-96.643005958651301,40.794337218834613],[-96.642958182154501,40.79568735712656],[-96.644734755320087,40.795723653319257],[-96.644687011514719,40.797073792965875],[-96.646463623850323,40.797110063548956],[-96.646415912741247,40.798460204549087],[-96.644639264471152,40.798423932249364],[-96.644591514189131,40.799774071169729],[-96.644543760668427,40.801124209726972],[-96.646320480814808,40.801160485460144],[-96.646272759996933,40.802510625371077],[-96.644496003908756,40.802474347921063],[-96.642719251059773,40.802438043138388],[-96.642767043760983,40.801087906662431],[-96.640990330094922,40.801051576266694],[-96.639213619672674,40.801015218539916],[-96.637436912496668,40.800978833482212],[-96.635660208569334,40.800942421093751],[-96.635708141783098,40.799592291139739],[-96.63393147704474,40.799555853145172],[-96.632154815559673,40.799519387821427],[-96.632106810470447,40.800869514325107],[-96.630330116303739,40.800833019945216],[-96.630378157330341,40.79948289516863],[-96.628601502359146,40.799446375186946],[-96.626824850648546,40.799409827876516],[-96.625048202200958,40.799373253237484],[-96.625096347772697,40.798023133286065],[-96.626872960286093,40.798059706194209],[-96.626921066660884,40.796709584148068],[-96.625144490079222,40.796673012970771],[-96.623367916762504,40.796636414467606],[-96.623416091733148,40.795286295520491],[-96.623464263436645,40.793936176209435],[-96.623512431873266,40.792586056534439],[-96.62173596960308,40.792549435905393],[-96.621784170694596,40.791199317599599],[-96.62356059704328,40.791235936495518],[-96.623608758946901,40.789885816092664],[-96.625385152642622,40.789922405936224],[-96.627161549602036,40.789958968460361],[-96.627209636405482,40.788608844231447],[-96.62898600070875,40.788645377706885],[-96.630762368270609,40.788681883863909],[-96.632538739088616,40.788718362702369],[-96.632586714885349,40.787368232926369],[-96.634363053041355,40.787404682720926],[-96.634315113160341,40.788754814222109],[-96.636091490483352,40.788791238423002],[-96.636139394448392,40.787441105197921],[-96.637915739104045,40.787477500357205],[-96.639692087005869,40.787513868198644],[-96.641468438151435,40.787550208722074],[-96.641420641935824,40.78890034711111],[-96.643197032239698,40.788936662035134],[-96.643244792538326,40.787586521927373],[-96.643292549598073,40.786236381456447],[-96.64506887130905,40.786272665626086],[-96.645021150164098,40.78762280781438],[-96.646797511026321,40.78765906638295],[-96.646845196256237,40.786308922478582],[-96.648621524437203,40.786345152013794],[-96.650397855849519,40.786381354231573],[-96.650445466019676,40.78503120653604],[-96.648669170520492,40.784995006031679],[-96.648716813372673,40.783644859686646],[-96.650493072961183,40.78368105847764],[-96.650540676674268,40.782330910056402],[-96.652316903582715,40.782367079820396],[-96.652364468161551,40.781016929324359],[-96.650588277159187,40.780980761272289],[-96.650635874416196,40.779630612125352],[-96.650683468445507,40.778280462615577],[-96.650731059247406,40.776930312742977],[-96.650778646822133,40.775580162507538],[-96.65082623116993,40.774230011909289],[-96.652602242678412,40.774266171402708],[-96.652649787908047,40.772916018730122],[-96.650873812291039,40.772879860948237],[-96.650921390185729,40.771529709624389],[-96.649145453683971,40.77149352625058],[-96.647369520410834,40.771457315573564],[-96.647417166851852,40.770107167313547],[-96.645641272695642,40.7700709310487],[-96.643865381772642,40.770034667482221],[-96.643913096749557,40.768684522290947],[-96.643960808491045,40.767334376736613],[-96.644008516997388,40.765984230819235],[-96.645784300278024,40.766020489236489],[-96.645736627650038,40.767370636870211],[-96.645688951789325,40.768720784140946],[-96.647464810062075,40.768757018690607],[-96.64924067156538,40.76879322593976],[-96.651016536296794,40.768829405888255],[-96.651064104513665,40.767479253476019],[-96.65283993658899,40.767515404412478],[-96.652792404253901,40.768865558535964],[-96.654568275434258,40.768901683882746],[-96.654520775760346,40.770251839353556],[-96.656296686046232,40.770287939107995],[-96.656249219038372,40.771638095924963],[-96.658025168430285,40.771674170084388],[-96.657977734093336,40.77302432824635],[-96.656201748811611,40.772988252379307],[-96.656154275365708,40.774338408471088],[-96.656106798700407,40.775688564200237],[-96.657882855769031,40.77572464348264],[-96.657835411781178,40.777074800556974],[-96.657787964575888,40.778424957268761],[-96.656011835710643,40.778388874570695],[-96.654235710065578,40.778352764562385],[-96.654188187838898,40.779702917494483],[-96.655964349385684,40.779739029212017],[-96.657740514152877,40.779775113617987],[-96.657693060511903,40.781125269604658],[-96.657645603652739,40.782475425228746],[-96.657598143575129,40.783825580490266],[-96.659374419281434,40.783861642704885],[-96.659326991897046,40.78521179931073],[-96.657550680278817,40.78517573538921],[-96.657503213763576,40.786525889925578],[-96.659279561296145,40.786561955554077],[-96.659232127478475,40.787912111434885],[-96.661008514144825,40.787948151450834],[-96.662784904025756,40.787984164147083],[-96.662832266009119,40.786634004856055],[-96.662879624780587,40.785283845202635],[-96.664655946041051,40.785319827172728],[-96.664608623184677,40.786669988529255],[-96.666384983569699,40.786705944883742],[-96.666432270510739,40.785355781825409],[-96.668208598187221,40.785391709160521],[-96.669984929068036,40.785427609177894],[-96.671761263150813,40.785463481877436],[-96.673537600433065,40.785499327258975],[-96.67349045715585,40.786849497111632],[-96.675266833551746,40.786885316870396],[-96.675313940912389,40.785535145322363],[-96.675361045078404,40.784184973412437],[-96.675408146050032,40.782834801140609],[-96.677184417897664,40.782870588497801],[-96.678960692936997,40.78290634853915],[-96.679007718895193,40.781556172518989],[-96.679054741664345,40.780205996137063],[-96.680830948075368,40.780241725479947],[-96.680877931750572,40.778891547045134],[-96.682654105442566,40.778927247384608],[-96.684430282318246,40.778962920411686],[-96.684383370454071,40.780313102224916],[-96.686159586416892,40.780348749626732],[-96.686206462375168,40.778998566126226],[-96.68798264561093,40.779034184528093],[-96.689758832023088,40.779069775617138],[-96.68971202787732,40.78041996248831],[-96.691488253370053,40.780455527947801],[-96.691535021609212,40.779105339393233],[-96.693311214366886,40.779140875856221],[-96.69335794353006,40.777790685258346],[-96.695134103552149,40.777826192727346],[-96.696910266740673,40.777861672884235],[-96.696956920930262,40.776511478565105],[-96.697003571956088,40.775161283884898],[-96.697050219818408,40.773811088843658],[-96.698826278470023,40.773846536654219],[-96.698872887273623,40.77249633957404],[-96.700648913190378,40.772531758399495],[-96.70069548294012,40.7711815592818],[-96.698919492916616,40.771146142132885],[-96.697143506053465,40.77111069767804],[-96.695367522353095,40.771075225917428],[-96.695414196616667,40.769725031472142],[-96.693638251971606,40.769689534086226],[-96.693684958957874,40.768339340960104],[-96.695460867715269,40.768374836665728],[-96.695507535649128,40.76702464149826],[-96.693731662776997,40.766989147472842],[-96.69195579307177,40.766953626145799],[-96.692002529606526,40.765603433978811],[-96.692049262972191,40.764253241450618],[-96.693825060914705,40.76428875941486],[-96.693871755233815,40.762938564844163],[-96.692095993169019,40.76290304856122],[-96.692142720197211,40.761552855310647],[-96.692189444057036,40.760202661698862],[-96.692236164748749,40.758852467725902],[-96.694011819194984,40.75888797896534],[-96.694058500850815,40.757537782950152],[-96.694105179341435,40.756187586573873],[-96.692329596628767,40.756152078696438],[-96.6905540170835,40.756116543527831],[-96.690600764135212,40.754766350153531],[-96.692376307817568,40.754801883639942],[-96.692423015839211,40.753451688222306],[-96.694198526828004,40.753487192738007],[-96.694151854667084,40.754837389836489],[-96.695927404681314,40.754872868743021],[-96.697702957857842,40.754908320359391],[-96.697749558296607,40.753558119903126],[-96.699525078771543,40.753593542552245],[-96.69957164019165,40.752243340058122],[-96.69779615557573,40.752207919085905],[-96.697842749695468,40.750857717907742],[-96.69606730409528,40.750822271325909],[-96.696113930909803,40.749472071464844],[-96.697889340656076,40.749507516368617],[-96.699664753561237,40.749542933987264],[-96.699711305511201,40.74819273041053],[-96.69975785430492,40.746842526472918],[-96.697982513100825,40.746807112207598],[-96.698029094585451,40.745456909585698],[-96.698075672911926,40.744106706602885],[-96.698122248080466,40.742756503259152],[-96.698168820091297,40.741406299554519],[-96.696393625417656,40.741370864717638],[-96.69644023010801,40.740020662329677],[-96.696486831638737,40.73867045958076],[-96.694711711795946,40.738635000824296],[-96.694758345999148,40.737284799393152],[-96.696533430010092,40.737320256470895],[-96.696580025222303,40.735970053000067],[-96.698355076562706,40.736005481127044],[-96.700130131059581,40.736040881981765],[-96.700083607506954,40.737391088806056],[-96.701858700988055,40.737426464063205],[-96.703633797620995,40.737461812046568],[-96.705408897403402,40.737497132755955],[-96.705362478194957,40.738847344240163],[-96.70358734257951,40.738812021858479],[-96.703540884388303,40.740162231309718],[-96.703494423047204,40.741512440400243],[-96.705269630336076,40.7415477661267],[-96.705223201685129,40.742897976529036],[-96.70699844796232,40.742933276648742],[-96.706952052006415,40.744283488361702],[-96.706905652904695,40.745633699714077],[-96.705130334939071,40.745598396251765],[-96.705083896843462,40.746948605572165],[-96.705037455599125,40.748298814531907],[-96.706812845262903,40.748334121337081],[-96.706766436722347,40.749684331607682],[-96.704991011205848,40.749649023130985],[-96.704944563663375,40.750999231369406],[-96.704898112971478,40.752349439247126],[-96.706673610200681,40.752384751067098],[-96.706627192219088,40.753734960255883],[-96.706580771090003,40.755085169084062],[-96.708356343189351,40.755120456956554],[-96.708309954777633,40.756470667094689],[-96.706534346813186,40.756435377551611],[-96.704758741996727,40.756400060716231],[-96.702983140330687,40.75636471658872],[-96.702936641171576,40.75771492135047],[-96.702890138859416,40.759065125751455],[-96.70466581226195,40.75910047322548],[-96.704619342668352,40.760450678939058],[-96.704572869923609,40.761800884291894],[-96.702797124774875,40.761765533471085],[-96.702750613002024,40.763115736789722],[-96.704526394027525,40.763151089284023],[-96.7044799149798,40.764501293915423],[-96.704433432780206,40.765851498186095],[-96.704386947428546,40.767201702096017],[-96.70434045892452,40.768551905645197],[-96.70429396726793,40.76990210883362],[-96.704247472458505,40.771252311661307],[-96.706023471948498,40.771287646891615],[-96.705977009879987,40.772637851031185],[-96.707753048414858,40.772673160626397],[-96.707706619092122,40.774023366076712],[-96.7076601866207,40.775373571166377],[-96.705884076290076,40.775338258228224],[-96.705837604768206,40.77668846128568],[-96.70579113009471,40.7780386639824],[-96.707567312230793,40.778073980263791],[-96.707520870311825,40.779424184271491],[-96.709297091503942,40.779459474910219],[-96.709250682344376,40.780809680227769],[-96.711026942593008,40.780844945221176],[-96.710980566197691,40.782195151847375],[-96.71093418665707,40.783545358113017],[-96.712710521877128,40.783580599126509],[-96.712664175107804,40.784930806699712],[-96.714440549388016,40.784966022061354],[-96.716216926809125,40.785001210102877],[-96.716170648735726,40.786351420648067],[-96.714394235394863,40.786316230940933],[-96.714347918260572,40.787666439460111],[-96.714301597984871,40.789016647618851],[-96.716078083172519,40.789051840657365],[-96.716031795682227,40.790402050121429],[-96.715985505052501,40.791752259225134],[-96.715939211283086,40.793102467968453]],[[-96.652269335778129,40.783717229953645],[-96.654045601821039,40.783753374114511],[-96.654093133716884,40.782403222270545],[-96.652316903582715,40.782367079820396],[-96.652269335778129,40.783717229953645]],[[-96.678913663789515,40.784256524197545],[-96.680689977930584,40.784292258614251],[-96.680736971165615,40.782942081264515],[-96.678960692936997,40.78290634853915],[-96.678913663789515,40.784256524197545]],[[-96.68793580555878,40.780384369714575],[-96.687888962329993,40.781734554539639],[-96.687842115924312,40.783084739003293],[-96.689618410062891,40.783120335146606],[-96.68966522055733,40.781770148998142],[-96.68971202787732,40.78041996248831],[-96.68793580555878,40.780384369714575]],[[-96.678866631452522,40.785606699494188],[-96.677090284586356,40.785570936067494],[-96.677043213142511,40.786921109309581],[-96.678819595925745,40.786956874429052],[-96.678866631452522,40.785606699494188]],[[-96.695647520464803,40.762974053829339],[-96.695600862023653,40.764324250080058],[-96.697376666296591,40.764359713446062],[-96.69742328885954,40.763009515516629],[-96.695647520464803,40.762974053829339]],[[-96.702005995521716,40.784718940815772],[-96.703782350905428,40.784754320095026],[-96.703828877256456,40.783404120875268],[-96.702052557788349,40.783368743270579],[-96.702005995521716,40.784718940815772]],[[-96.709157854582543,40.783510089781025],[-96.70738152565599,40.783474794130626],[-96.70733507113691,40.784824996695633],[-96.709111435979821,40.784860294016717],[-96.709157854582543,40.783510089781025]],[[-96.707195688674943,40.788875602226547],[-96.708972161281466,40.788910904560083],[-96.709018589329517,40.787560701406264],[-96.71079502916109,40.787595974746658],[-96.710841418139026,40.786245769562676],[-96.709065014228898,40.786210497891808],[-96.707288613467213,40.786175198899976],[-96.707242152646643,40.787525400743611],[-96.707195688674943,40.788875602226547]],[[-96.627017269623138,40.794009338964365],[-96.626969169773147,40.795359461738116],[-96.628745713687763,40.795396003859906],[-96.628793777610625,40.794045879356744],[-96.627017269623138,40.794009338964365]],[[-96.627065366211113,40.792659215826824],[-96.625288897410101,40.79262264984164],[-96.625240764897669,40.793972771248548],[-96.627017269623138,40.794009338964365],[-96.627065366211113,40.792659215826824]],[[-96.633979442943087,40.798205724552155],[-96.635756071746016,40.798242160822255],[-96.635803998458314,40.796892030141301],[-96.634027405588384,40.796855595595574],[-96.633979442943087,40.798205724552155]],[[-96.637580594578608,40.796928437360293],[-96.639357193946822,40.796964817252388],[-96.63940504554688,40.795614682763208],[-96.639452893901705,40.794264547910714],[-96.639500739011524,40.792914412694905],[-96.637724247429219,40.792878037967796],[-96.63767636639318,40.794228171462017],[-96.63589984213209,40.794191767688993],[-96.635851921920263,40.795541899096875],[-96.635803998458314,40.796892030141301],[-96.637580594578608,40.796928437360293]],[[-96.639309339101274,40.798314951378231],[-96.641085977648729,40.798351305663793],[-96.641133796560538,40.797001169817435],[-96.639357193946822,40.796964817252388],[-96.639309339101274,40.798314951378231]],[[-96.628649576062273,40.798096251775021],[-96.630426195098792,40.798132770028388],[-96.630474229609334,40.796782644524448],[-96.62869764650506,40.796746127999342],[-96.628649576062273,40.798096251775021]]],[[[-96.72782269937025,40.809550705376935],[-96.729599748793319,40.809585704657465],[-96.729553701903043,40.810935922003019],[-96.72777661651449,40.810900921066043],[-96.72782269937025,40.809550705376935]]],[[[-96.715151736597505,40.816055961460187],[-96.715105386272469,40.817406163715553],[-96.713328146106079,40.817370935681481],[-96.713374532406817,40.816020735093232],[-96.713420915561088,40.814670534144433],[-96.715198083778503,40.814705758844319],[-96.715151736597505,40.816055961460187]]],[[[-96.706859250656947,40.746983910705872],[-96.70863460761673,40.747019188556322],[-96.708588238073219,40.748369400857698],[-96.706812845262903,40.748334121337081],[-96.706859250656947,40.746983910705872]]],[[[-96.713513672431191,40.811970131165154],[-96.715290768709352,40.812005352531138],[-96.715244427815691,40.813355555867965],[-96.713467295569131,40.813320332835069],[-96.713513672431191,40.811970131165154]]],[[[-96.698503286777964,40.834640527580319],[-96.700280969583218,40.834675996232413],[-96.700234287144426,40.836026180059605],[-96.698456568331281,40.835990709729117],[-96.698503286777964,40.834640527580319]]],[[[-96.712724837757406,40.834923510515203],[-96.712678407380622,40.836273706055017],[-96.710900666448495,40.836238427305013],[-96.710947132834846,40.834888233434555],[-96.712724837757406,40.834923510515203]]],[[[-96.708890369360745,40.842954076773196],[-96.70893688753381,40.841603886377335],[-96.708983402550899,40.840253695620682],[-96.71076124837316,40.840289006752073],[-96.710714769375173,40.841639199179639],[-96.710668287223669,40.842989391246469],[-96.708890369360745,40.842954076773196]]],[[[-96.706786486838098,40.852370045884655],[-96.706739907367819,40.853720231721056],[-96.70669332473696,40.855070417196508],[-96.706646738945295,40.85642060231104],[-96.708425013999175,40.85645596088613],[-96.708378461094568,40.857806147312736],[-96.708331905031073,40.859156333378472],[-96.706553557878465,40.859120971457294],[-96.706600149992539,40.857770787064638],[-96.704821842051814,40.857735399427064],[-96.704775213887402,40.859085582145347],[-96.702996873060357,40.859050165442767],[-96.702950205679414,40.860400346124301],[-96.702903535131782,40.861750526444752],[-96.701125125364143,40.861715078997548],[-96.699346718765881,40.861679604157409],[-96.69939346142273,40.860329427192447],[-96.697615094050533,40.860293926639187],[-96.697568315339439,40.861644101924462],[-96.695789915087232,40.861608572298863],[-96.694011518011735,40.861573015280747],[-96.692233124115376,40.86153743087025],[-96.692186234061424,40.862887600747229],[-96.692139340825648,40.864237770262697],[-96.690360877997023,40.864202155090041],[-96.690407807290939,40.862851987259567],[-96.6904547334006,40.86150181906752],[-96.688676345869837,40.861466179872693],[-96.686897961525545,40.86143051328591],[-96.686850963305204,40.86278067810423],[-96.688629383704708,40.862816346378523],[-96.688582418352894,40.864166512522708],[-96.688535449814111,40.865516678305241],[-96.688488478088118,40.866866843726129],[-96.686709949508327,40.866831170388892],[-96.684931424118403,40.866795469654654],[-96.68488437707525,40.868145631337029],[-96.684837326839514,40.869495792657595],[-96.683058732510489,40.869460061145702],[-96.683011643012563,40.870810220413937],[-96.681233015809681,40.870774459810946],[-96.681280141376732,40.869424302234513],[-96.679501553440701,40.869388515924186],[-96.677722968704813,40.869352702214847],[-96.677770163206802,40.868002547663821],[-96.677817354506459,40.866652392750716],[-96.67603884510261,40.86661655503368],[-96.67599161773947,40.867966708251231],[-96.675944387171526,40.869316861106647],[-96.674165808843256,40.869280992599727],[-96.674213075476914,40.867930841441222],[-96.672434536421591,40.867894947233935],[-96.672481835911015,40.866544797411372],[-96.670703336128128,40.866508877506369],[-96.670656000575931,40.8678590256295],[-96.670608661811627,40.869209173390281],[-96.668830093113144,40.869173222688055],[-96.668877467942409,40.867823076628071],[-96.667098938523438,40.867787100229769],[-96.665320412321478,40.867751096434773],[-96.66536785606047,40.866400953417724],[-96.665415296580264,40.86505081003812],[-96.66719375066063,40.865086810426561],[-96.668972207957509,40.865122783420865],[-96.669019573143842,40.863772636273673],[-96.667241151904364,40.863736664981239],[-96.667288549931826,40.862386519173469],[-96.667335944743272,40.861036373003238],[-96.66911429387531,40.861072340892093],[-96.669161649420943,40.859722192657721],[-96.669209001753501,40.858372044060992],[-96.667430724719154,40.858336079575423],[-96.667478109884044,40.856985932317876],[-96.665699872109897,40.856949942147509],[-96.665747290102274,40.855599796230273],[-96.667525491833942,40.855635784697874],[-96.669303696780389,40.855671745780406],[-96.669351039475202,40.854321596096575],[-96.671129211593438,40.854357528093786],[-96.67290738692131,40.854393432706928],[-96.674685565456386,40.854429309935888],[-96.674638330883937,40.855779464716178],[-96.674591093106486,40.857129619134334],[-96.676369346931324,40.85716547237147],[-96.676322141994788,40.858515628123818],[-96.674543852123776,40.858479773190311],[-96.672765565458249,40.858443890868571],[-96.672718285221691,40.85979404286465],[-96.672671001776919,40.8611441944985],[-96.674449360541601,40.861180080215767],[-96.67622772251228,40.86121593854223],[-96.67618050796581,40.862566093208265],[-96.677958909193791,40.862601925839051],[-96.677911727499691,40.863952081838328],[-96.676133290215546,40.863916247512194],[-96.676086069261231,40.865266401454001],[-96.677864542604013,40.865302237475547],[-96.679643019148642,40.865338046102117],[-96.679690167985456,40.863987888770765],[-96.681468611670383,40.864023668309393],[-96.681515721251372,40.862673508923294],[-96.681562827635872,40.861323349175287],[-96.683341202406126,40.861359097937076],[-96.68511958037017,40.861394819307328],[-96.685166611454122,40.860044655816061],[-96.686944956556985,40.860080348105896],[-96.686991948399736,40.858730182564202],[-96.685213639346983,40.858694491963021],[-96.685260664048968,40.85734432774823],[-96.687038937054098,40.857380016660791],[-96.688817213247376,40.857415678185433],[-96.688770260640922,40.858765845776148],[-96.690548576068082,40.858801481598725],[-96.692326894678772,40.858837090031813],[-96.694105216470547,40.858872671075254],[-96.69415206093187,40.85752249843037],[-96.695930349853413,40.857558050401877],[-96.695883541440978,40.858908224728893],[-96.697661869587606,40.858943750992616],[-96.699440200908015,40.858979249866252],[-96.699486937221977,40.857629072178852],[-96.701265235664096,40.857664541984029],[-96.703043537274851,40.857699984400149],[-96.703090198323167,40.856349802996448],[-96.704868467052478,40.856385216347761],[-96.704915088889607,40.855035032907473],[-96.703136856205504,40.85499962123167],[-96.703183510922145,40.853649439105851],[-96.70496170756347,40.85368484910618],[-96.70500832307431,40.852334664943896],[-96.703230162473318,40.852299256618956],[-96.703276810859265,40.850949073771012],[-96.705054935422382,40.850984480420614],[-96.705101544607899,40.849634295536362],[-96.705148150631118,40.848284110291132],[-96.706926206287804,40.848319486209995],[-96.706972773118181,40.846969298929949],[-96.708750795903427,40.847004645795856],[-96.708797323545795,40.84565445648245],[-96.710575313459117,40.845689774297888],[-96.7105288218456,40.847039965282477],[-96.7104823270776,40.848390155906301],[-96.708704265104117,40.84835483474842],[-96.708657731147639,40.849705023340157],[-96.70861119403375,40.851055211571051],[-96.706833063148011,40.851019859687341],[-96.706786486838098,40.852370045884655]],[[-96.669066935116376,40.862422488764068],[-96.670845323514484,40.862458430962995],[-96.670892646220679,40.861108281390557],[-96.66911429387531,40.861072340892093],[-96.669066935116376,40.862422488764068]]],[[[-96.705194753492293,40.846933924684926],[-96.705241353191667,40.845583738717771],[-96.707019336789173,40.845619111289032],[-96.706972773118181,40.846969298929949],[-96.705194753492293,40.846933924684926]]],[[[-96.703370098136475,40.848248706991988],[-96.70341673702822,40.846898523060908],[-96.705194753492293,40.846933924684926],[-96.705148150631118,40.848284110291132],[-96.703370098136475,40.848248706991988]]],[[[-96.701405317446287,40.85361400172021],[-96.701452005037567,40.852263820910004],[-96.703230162473318,40.852299256618956],[-96.703183510922145,40.853649439105851],[-96.701405317446287,40.85361400172021]]],[[[-96.694198902214765,40.856172325424062],[-96.692420652517811,40.856136747747421],[-96.690642406001444,40.85610114268372],[-96.688864162668125,40.856065510233094],[-96.688911108903369,40.854715341919167],[-96.688958051953392,40.853365173243638],[-96.687179883889115,40.853329516780526],[-96.68540171901229,40.853293832933367],[-96.685448730953325,40.851943667271605],[-96.683670605304002,40.851907957730184],[-96.683623557325348,40.853258121702318],[-96.681845398830703,40.853222383087498],[-96.681892482846763,40.851872220806285],[-96.680114363584011,40.85183645650006],[-96.680161480440276,40.850486295549132],[-96.678383400408947,40.850450505554171],[-96.676605323576752,40.850414688178468],[-96.676558134651799,40.851764845741215],[-96.674780024987228,40.851728999288866],[-96.674827249946119,40.850378843422149],[-96.674874471701003,40.849028687193304],[-96.676652509300098,40.849064530253656],[-96.676699691822108,40.847714371966795],[-96.676746871143052,40.846364213317884],[-96.67679404726313,40.845014054306937],[-96.678571979982877,40.845049864904382],[-96.678619116880355,40.843699703836982],[-96.676841220182638,40.843663894933933],[-96.675063326685247,40.843628058656755],[-96.67511053242373,40.842277900617361],[-96.673332678148213,40.842242038663095],[-96.673379916700782,40.840891881958463],[-96.67160210164667,40.840855994329779],[-96.671554827077671,40.842206149336292],[-96.669776979214561,40.842170232637059],[-96.667999134561313,40.842134288565546],[-96.667951784747984,40.843484439809522],[-96.666173907288936,40.843448466663794],[-96.664396033044852,40.843412466144791],[-96.66434860797817,40.844762613620787],[-96.664301179693823,40.846112760734265],[-96.662523236624651,40.846076729432582],[-96.662570700931482,40.844726584023896],[-96.660792797104889,40.844690527052734],[-96.660745296775843,40.846040670755293],[-96.658967360149816,40.846004584702591],[-96.659014896500864,40.84465444270743],[-96.659062429626914,40.843304300349537],[-96.660840294211397,40.843340382987513],[-96.660887788095621,40.841990238559667],[-96.659109959528223,40.841954157628948],[-96.659157486205046,40.840604014545647],[-96.660935278757776,40.840640093769167],[-96.660982766198146,40.839289948616035],[-96.662760525960195,40.839325998763471],[-96.664538288941387,40.839362021541781],[-96.664585701139856,40.838011872615795],[-96.666363431327184,40.838047866321673],[-96.66814116472851,40.838083832659457],[-96.669918901341362,40.838119771628989],[-96.671696641163336,40.838155683230113],[-96.673474384192005,40.838191567462715],[-96.673521613131115,40.836841409671628],[-96.673568838866245,40.835491251518405],[-96.675346513082928,40.835527104989097],[-96.67539369960987,40.834176944777234],[-96.67717134102314,40.834212769186486],[-96.677124190500919,40.83556293109357],[-96.678901871117773,40.835598729831659],[-96.678854753404039,40.836948893070733],[-96.680632473224975,40.836984666134995],[-96.680679554931046,40.835634501203224],[-96.680726633443143,40.834284335909594],[-96.680773708761507,40.832934170254106],[-96.682551323760336,40.832969910876415],[-96.684328941950241,40.833005624134508],[-96.686106563328778,40.833041310028229],[-96.686059596020158,40.834391480753638],[-96.686012625525123,40.835741651117395],[-96.687790322099758,40.835777313021467],[-96.687743384426639,40.837127484711097],[-96.689521120194371,40.837163120934164],[-96.689474215348071,40.838513293948488],[-96.689427307319477,40.83986346660128],[-96.691205118294775,40.839899078825766],[-96.691158243100048,40.841249252802164],[-96.689380396108334,40.84121363889254],[-96.689333481714414,40.842563810822256],[-96.687555601886856,40.84252816785358],[-96.687508648288855,40.843878337735177],[-96.689286564137461,40.843913982390411],[-96.689239643377235,40.845264153597022],[-96.691017598432836,40.84529977256247],[-96.690970710515259,40.846649945092921],[-96.692748704778381,40.846685538365925],[-96.692795556669523,40.845335364151346],[-96.694573518084866,40.845370928363522],[-96.696351482676391,40.845406465198849],[-96.696304702838802,40.84675664277777],[-96.696257919827232,40.848106819995387],[-96.696211133641384,40.8494569968517],[-96.697989209495461,40.849492511350945],[-96.697942456169599,40.850842689526388],[-96.699720571230444,40.850878178323761],[-96.699673850769443,40.852228357817168],[-96.699627127138356,40.853578536949378],[-96.699580400336899,40.854928715720405],[-96.699533670364843,40.856278894130227],[-96.697755411140733,40.856243398615604],[-96.697802177157257,40.854893221885199],[-96.696023957150643,40.8548577006638],[-96.695977155089892,40.856207875713508],[-96.694198902214765,40.856172325424062]],[[-96.675157734959669,40.840927742215861],[-96.67693555642083,40.840963575101874],[-96.678713381081835,40.840999380616324],[-96.678760508386333,40.839649218463066],[-96.680538300229813,40.839684994912936],[-96.680491208940268,40.841035158759091],[-96.682269039993685,40.841070909530011],[-96.682316095268035,40.839720743992252],[-96.682363147350102,40.838370578092679],[-96.68058538832463,40.838334830704902],[-96.678807632493644,40.838299055947871],[-96.677029879859589,40.838263253821736],[-96.675252130424894,40.838227424326632],[-96.675204934293305,40.839577583452289],[-96.673427152048632,40.83954172489166],[-96.673379916700782,40.840891881958463],[-96.675157734959669,40.840927742215861]],[[-96.687602552299396,40.841177997610373],[-96.685824711675679,40.841142328955797],[-96.685777725244776,40.842492497511216],[-96.687555601886856,40.84252816785358],[-96.687602552299396,40.841177997610373]],[[-96.683999851790617,40.842456799795293],[-96.683952826151256,40.843806966299873],[-96.685730735625981,40.843842665704948],[-96.685777725244776,40.842492497511216],[-96.683999851790617,40.842456799795293]],[[-96.694433060961799,40.849421454971598],[-96.694386235567251,40.850771629784866],[-96.692608130030621,40.850736058841001],[-96.692654991459179,40.849385885710745],[-96.69087692513591,40.849350289069314],[-96.690923819416369,40.848000117261876],[-96.689145792305979,40.847964494925542],[-96.687367768379588,40.847928845210198],[-96.687320802037263,40.849279013645244],[-96.685542745266773,40.849243334862905],[-96.685495739704734,40.850593501248113],[-96.687273832508239,40.850629181718659],[-96.687226859792275,40.85197934943043],[-96.689004991818408,40.852015004206486],[-96.689051928498685,40.850664834807759],[-96.690830027673627,40.850700460515249],[-96.690783127029292,40.85205063159966],[-96.690736223202634,40.853400802322554],[-96.69251439763444,40.853436404017145],[-96.692467526666292,40.854786576063006],[-96.694245740319516,40.854822152056364],[-96.694292575246351,40.853471978327271],[-96.696070756035937,40.853507525252766],[-96.696117551745985,40.852157349480407],[-96.696164344281058,40.850807173346716],[-96.696211133641384,40.8494569968517],[-96.694433060961799,40.849421454971598]]],[[[-96.695274164330073,40.773775613724744],[-96.695320844924311,40.772425420001639],[-96.697096864517448,40.772460893441384],[-96.697050219818408,40.773811088843658],[-96.695274164330073,40.773775613724744]]],[[[-96.69457357539585,40.794028476234594],[-96.694526844121143,40.795378664179204],[-96.692750217148642,40.79534313485523],[-96.692796984357201,40.793992948592177],[-96.69102039649033,40.793957393622307],[-96.691067196458263,40.792607208680757],[-96.692843748393955,40.792642761967848],[-96.694620303501182,40.79267828792878],[-96.696396861777529,40.792713786563404],[-96.696350169603846,40.794063976549424],[-96.69457357539585,40.794028476234594]]],[[[-96.692982932450164,40.839934663678847],[-96.693029768450572,40.838584487657215],[-96.694807549769166,40.838620043456281],[-96.696585334262736,40.838655571884985],[-96.69836312192885,40.838691072943142],[-96.69831639397259,40.840041254008362],[-96.696538570291523,40.840005751270297],[-96.696491803147524,40.841355930294348],[-96.696445032830496,40.842706108957131],[-96.696398259340199,40.844056287258631],[-96.694620330773134,40.844020752104768],[-96.694667140285461,40.842670575484661],[-96.692889250916153,40.842635014637935],[-96.69293609327211,40.841284839339103],[-96.692982932450164,40.839934663678847]]],[[[-96.691208187464383,40.737213803418108],[-96.691161481598201,40.738564001487902],[-96.692936595114958,40.738599514793293],[-96.692889921915906,40.739949714183318],[-96.691114772565371,40.739914199196541],[-96.689339626381724,40.739878656934216],[-96.687564483367396,40.739843087396494],[-96.687611264067087,40.738492893054492],[-96.68765804159527,40.737142698351185],[-96.689433112945409,40.737178264521056],[-96.691208187464383,40.737213803418108]]],[[[-96.686440794489087,40.772247643201837],[-96.684664793925137,40.772212005922633],[-96.684617897964799,40.773562189543483],[-96.68284186468739,40.773526523269979],[-96.681065834592687,40.773490829689244],[-96.681112802339769,40.772140649446136],[-96.679336811323196,40.772104930249121],[-96.679383811775963,40.770754751335105],[-96.679430809041634,40.769404572059379],[-96.677654892990645,40.769368828940699],[-96.677701922954952,40.768018650995167],[-96.677748949730258,40.76666847268789],[-96.67779597331679,40.765318294018847],[-96.679571781718678,40.765354032062042],[-96.679618766238491,40.764003851339574],[-96.677842993714805,40.76396811498806],[-96.677890010924543,40.762617935595529],[-96.679665747572457,40.762653670255403],[-96.681441487406005,40.762689377618671],[-96.681488429680797,40.761339194482581],[-96.681535368772643,40.759989010984903],[-96.679759700683832,40.759953307002107],[-96.677984035780128,40.759917575725268],[-96.6780310434265,40.758567395247546],[-96.678078047885563,40.757217214408101],[-96.678125049157572,40.755867033206961],[-96.676349495038821,40.755831279714151],[-96.676302457903446,40.757181459222721],[-96.674526871110814,40.757145676746163],[-96.672751287510081,40.757109866978567],[-96.672798396371491,40.755759690859016],[-96.672845502038797,40.754409514377556],[-96.67462101391618,40.754445320754904],[-96.676396528984966,40.754481099843808],[-96.678172047242768,40.754516851644098],[-96.678219042141393,40.753166669719533],[-96.679994527726976,40.75320239253994],[-96.681770016496458,40.753238088072763],[-96.681723093315611,40.754588273378339],[-96.683498621125807,40.754623943311977],[-96.683451730624938,40.755974129944633],[-96.685227297476345,40.756009774276478],[-96.6851804396603,40.757359962235022],[-96.686956045553416,40.757395580962388],[-96.686909220427054,40.758745770245689],[-96.686862392125505,40.760095959167622],[-96.68508671449591,40.760060337067799],[-96.685039847147095,40.761410523942011],[-96.684992976620194,40.762760710454756],[-96.686768725995975,40.762796335927298],[-96.686721888167497,40.764146523765049],[-96.684946102914964,40.764110896606041],[-96.684899226031163,40.765461082395859],[-96.684852345968565,40.766811267824195],[-96.686628202981851,40.766846898356327],[-96.686581355624213,40.76819708510984],[-96.688357251698392,40.768232690026288],[-96.688310437050575,40.769582878103826],[-96.688263619228067,40.770933065819996],[-96.686487651378073,40.770897457532598],[-96.686440794489087,40.772247643201837]],[[-96.682888796541221,40.772176341337364],[-96.682935725212573,40.770826159043153],[-96.681159766901942,40.770790468841383],[-96.681112802339769,40.772140649446136],[-96.682888796541221,40.772176341337364]]],[[[-96.687326595717536,40.797936744248283],[-96.687373477085089,40.796586563760599],[-96.689150130469756,40.796622176755861],[-96.68910328504019,40.797972358929115],[-96.687326595717536,40.797936744248283]]],[[[-96.689056436433233,40.799322540740945],[-96.68910328504019,40.797972358929115],[-96.69087997754022,40.798007946278908],[-96.690833164873922,40.799358129775072],[-96.689056436433233,40.799322540740945]]],[[[-96.685456065417128,40.800601458753519],[-96.683679310574263,40.800565786034532],[-96.683726270186668,40.799215609645117],[-96.681949554471089,40.799179911282508],[-96.681902558916576,40.800530085982352],[-96.681855560174455,40.801880260320495],[-96.680078775760066,40.801844531244306],[-96.680125810446498,40.800494358597099],[-96.678349065166458,40.800458603878944],[-96.676572323078872,40.800422821828008],[-96.676619426458274,40.79907265220465],[-96.674842723506742,40.799036844515818],[-96.674795584186214,40.800387012444453],[-96.673018848490884,40.80035117572838],[-96.671242115995341,40.800315311679995],[-96.669465386701987,40.80027942029939],[-96.667688660613294,40.800243501586728],[-96.66591193773165,40.800207555542151],[-96.664135218059528,40.800171582165795],[-96.664182573021677,40.798821424432759],[-96.664229924772144,40.797471266337347],[-96.664277273311171,40.796121107879557],[-96.666053885171635,40.796157076148646],[-96.667830500240854,40.796193017089813],[-96.66960711851641,40.796228930702952],[-96.669654356046422,40.79487876677981],[-96.671430941592774,40.794914651366341],[-96.671383739995875,40.7962648169879],[-96.673160364676789,40.796300675944522],[-96.674936992556752,40.796336507572661],[-96.67488985963017,40.797686676225226],[-96.67666652664299,40.797722482219378],[-96.678443196850239,40.797758260883469],[-96.678490257904045,40.796408088842988],[-96.680266895366501,40.796443838484876],[-96.680219870249459,40.797794012217373],[-96.681996546838235,40.797829736220962],[-96.683773226614122,40.797865432894064],[-96.683820179856909,40.796515255781379],[-96.685596826879987,40.796550923435724],[-96.685549909574704,40.797901102236544],[-96.687326595717536,40.797936744248283],[-96.687279711170163,40.799286924374478],[-96.685502989087169,40.799251280675819],[-96.685456065417128,40.800601458753519]]],[[[-96.687092141177629,40.804687641264252],[-96.688869010226682,40.804723264373919],[-96.688822145729148,40.806073444378555],[-96.690599053909651,40.806109041835406],[-96.690552222188529,40.807459223163335],[-96.688775278052745,40.807423624021737],[-96.68872840719726,40.808773803303446],[-96.686951430283131,40.808738175135666],[-96.686998337096085,40.807387997540047],[-96.6870452407275,40.806037819582919],[-96.687092141177629,40.804687641264252]]],[[[-96.685033609134067,40.812753045181637],[-96.685080561457582,40.811402870358251],[-96.686857607111648,40.811438529242267],[-96.688634655947993,40.811474160782467],[-96.690411707964159,40.811509764978702],[-96.690364863534882,40.81285994486101],[-96.688587775553728,40.812824338979759],[-96.686810690752637,40.812788705753256],[-96.685033609134067,40.812753045181637]]],[[[-96.688540891979386,40.814174516815577],[-96.690318015927986,40.814210124381908],[-96.690271165143216,40.815560303541375],[-96.68849400522474,40.815524694289891],[-96.688540891979386,40.814174516815577]]],[[[-96.687884187893502,40.833076968557457],[-96.686106563328778,40.833041310028229],[-96.686153527451197,40.831691138941181],[-96.687931116014624,40.831726795783091],[-96.687884187893502,40.833076968557457]]],[[[-96.680557787931605,40.73700016094633],[-96.682332846582128,40.737035836206076],[-96.684107908411221,40.737071484193557],[-96.684061059222003,40.738421675525196],[-96.682285961562769,40.738386025849955],[-96.680510867082319,40.738350348901164],[-96.680557787931605,40.73700016094633]]],[[[-96.681667533324998,40.807280954055919],[-96.679890605109051,40.807245218215328],[-96.679937652558095,40.805895047015255],[-96.679984696816121,40.804544875453395],[-96.678207843696597,40.804509115658355],[-96.678160763487213,40.805859285527781],[-96.67811368008438,40.807209455035348],[-96.678066593487841,40.808559624181051],[-96.676289635700883,40.808523831967982],[-96.674512681110329,40.808488012414543],[-96.674465519403256,40.809838177809233],[-96.672688532053584,40.809802329219039],[-96.672735729718568,40.808452165520862],[-96.670958781528071,40.808416291287074],[-96.669181836541256,40.808380389713335],[-96.669134566961148,40.809730550014621],[-96.669087294174687,40.811080709953671],[-96.670864311078802,40.811116614925666],[-96.67081707104802,40.812466776201738],[-96.67259412711887,40.81250265552913],[-96.674371186391681,40.812538507512542],[-96.674324015086682,40.813888671821168],[-96.672546919848628,40.813852818141036],[-96.672499709376183,40.815202980390843],[-96.670722581372956,40.81516709766737],[-96.670675331728162,40.816517257856916],[-96.668898170960247,40.816481346087599],[-96.668850882138258,40.817831504215469],[-96.668803590108411,40.819181661981098],[-96.667026360602094,40.819145719462547],[-96.667073688606152,40.817795563397787],[-96.66529649828432,40.817759595231394],[-96.665343859049656,40.816409440506405],[-96.663566707911855,40.816373446694804],[-96.663614101433566,40.815023293310752],[-96.661836989479283,40.81498727385663],[-96.660059880742068,40.814951227056802],[-96.660012415283376,40.816301377030371],[-96.661789559988947,40.816337425536091],[-96.661742127281272,40.817687576853025],[-96.661694691356018,40.819037727807441],[-96.659917474706404,40.81900167588973],[-96.659869999587642,40.8203518247755],[-96.659822521248358,40.821701973298666],[-96.661599809851737,40.821738028628644],[-96.663377101673447,40.821774056606465],[-96.663329692074726,40.823124208178207],[-96.665107023093384,40.823160210507375],[-96.665059646262009,40.824510363420345],[-96.66683701647807,40.824546340098195],[-96.666789672418901,40.825896494351241],[-96.665012266216664,40.825860515970888],[-96.664964882957122,40.827210668159005],[-96.663187443980732,40.82717466071847],[-96.661410008221239,40.827138625920462],[-96.661457463457225,40.825788477141344],[-96.659680066904912,40.825752416692445],[-96.6579026735741,40.825716328887651],[-96.656125283467233,40.825680213727104],[-96.656077720268428,40.827030357383002],[-96.654300297400837,40.826994213156517],[-96.654347896586742,40.825644071210938],[-96.652570512935085,40.825607901339303],[-96.652522877762323,40.826958041573285],[-96.650745461355314,40.826921842633425],[-96.650697786961985,40.828271980791513],[-96.652475239358054,40.828308181444349],[-96.654252694985871,40.828344354739265],[-96.656030153843005,40.82838050067614],[-96.657807615927027,40.82841661925481],[-96.657760082266947,40.82976676389432],[-96.655982584190696,40.829730643606489],[-96.655935011311257,40.831080786174056],[-96.655887435204448,40.832430928378812],[-96.655839855870013,40.833781070220773],[-96.654062253030332,40.83374491744167],[-96.652284653420963,40.833708737299325],[-96.652236998855457,40.835058875355742],[-96.650459366477605,40.835022666137007],[-96.648681737335181,40.83498642955405],[-96.648634007529594,40.836336563819444],[-96.64685634562187,40.836300298156438],[-96.646904111430644,40.834950165607012],[-96.646951873999114,40.833600032694441],[-96.646999633327511,40.832249899418713],[-96.645222082661817,40.832213611542066],[-96.645174287335365,40.833563743100655],[-96.645126488766422,40.834913874296035],[-96.643348869344948,40.834877555621254],[-96.643396703914121,40.833527426144364],[-96.641619123737797,40.833491081825713],[-96.641571253168635,40.834841209582827],[-96.639793640239958,40.834804836180894],[-96.639841546808853,40.833454710144871],[-96.638063973129718,40.833418311101937],[-96.638111912445851,40.832068186424785],[-96.636334378015761,40.832031761743522],[-96.636382350074257,40.830681638426391],[-96.6346048548927,40.830645188109465],[-96.634556846840098,40.831995309701774],[-96.63450883553061,40.833345430930457],[-96.632731271615526,40.833308949802202],[-96.630953710960014,40.833272441312438],[-96.630905624396206,40.834622558723702],[-96.629128031004441,40.834586021143778],[-96.629176153566462,40.833235905461343],[-96.627398599437356,40.833199342249046],[-96.62735044087735,40.834549456201358],[-96.625572854017378,40.834512863896592],[-96.623795270426982,40.834476244229634],[-96.62384350098219,40.833126133741452],[-96.62206595666099,40.833089488446433],[-96.620288415613985,40.833052815790793],[-96.620240113064582,40.83440292280968],[-96.618462539297468,40.834366221056989],[-96.618510877843576,40.83301611577469],[-96.616733343352237,40.832979388398265],[-96.614955812142384,40.832942633661666],[-96.61317828421646,40.83290585156503],[-96.611400759576881,40.832869042108506],[-96.609623238226106,40.832832205292242],[-96.60784572016658,40.832795341116373],[-96.606068205400717,40.832758449581078],[-96.604290693930963,40.832721530686477],[-96.604339317143172,40.831371438978614],[-96.602561844963958,40.831334494473012],[-96.602610500867456,40.829984404148441],[-96.600833067978286,40.829947434034494],[-96.600881756568171,40.828597345094337],[-96.599104362968532,40.828560349374712],[-96.59915308423993,40.827210261820163],[-96.600930441855382,40.827247255789239],[-96.600979123840219,40.825897166119212],[-96.601027802522893,40.824547076084279],[-96.602805091479183,40.824584039201419],[-96.602853730882828,40.823233947052515],[-96.601076477903689,40.823196985684412],[-96.601125149982835,40.821846894919631],[-96.59934793627977,40.821809907951959],[-96.599396641029543,40.820459818572459],[-96.6011738187606,40.820496803789965],[-96.602950999792796,40.820533761660243],[-96.602999629299603,40.819183668416855],[-96.603048255507971,40.817833574808638],[-96.603096878418128,40.816483480835622],[-96.601319805288128,40.816446528211564],[-96.599542735458485,40.816409548244181],[-96.597765668931643,40.816372540933585],[-96.595988605710033,40.816335506279934],[-96.596037369170844,40.814985418944268],[-96.596086129324263,40.813635331243518],[-96.597863120624766,40.813672362392282],[-96.599640115230017,40.81370936620057],[-96.601417113137543,40.813746342668232],[-96.60146576211234,40.812396249349256],[-96.603242727362087,40.812433196727689],[-96.605019695908993,40.812470116766512],[-96.605068269673495,40.811120019587165],[-96.603291337082055,40.811083101295466],[-96.603339943505105,40.809733005498458],[-96.605116840143495,40.809769922043124],[-96.605165407319262,40.808419824134376],[-96.606942271301023,40.8084567115962],[-96.606893740076117,40.80980681125061],[-96.606845205559409,40.811156910540404],[-96.608622144737382,40.811193774155022],[-96.610399087204982,40.811230610430847],[-96.610447549814324,40.809880507653446],[-96.612224459615049,40.809917314848505],[-96.612272882985849,40.808567209964821],[-96.614049760119201,40.808603988081593],[-96.614001372700272,40.80995409470578],[-96.615778289067549,40.809990847225151],[-96.617555208714464,40.810027572406455],[-96.617603524228883,40.808677462305127],[-96.619380411200368,40.808714158411583],[-96.619332131638572,40.810064270249541],[-96.621109057837444,40.810100940754268],[-96.622885987308649,40.810137583920508],[-96.622837776382994,40.81148769886385],[-96.621060810956223,40.811451053963488],[-96.621012560802399,40.812801166808619],[-96.620964307375758,40.814151279289661],[-96.622741344720964,40.814187927658445],[-96.624518385336827,40.814224548684713],[-96.624470200563096,40.815574664268986],[-96.626247280410553,40.815611259684317],[-96.628024363524048,40.815647827755555],[-96.629801449901137,40.815684368482536],[-96.629849526784014,40.814334247706903],[-96.631626580458132,40.81437075936163],[-96.631674618118382,40.81302063649445],[-96.631722652520409,40.811670513263593],[-96.629945670767228,40.811634005064391],[-96.629993737868105,40.810283883197513],[-96.628216795331923,40.810247349386749],[-96.626439856058326,40.810210788236887],[-96.626487991807068,40.808860669465332],[-96.628264895126776,40.808897228885023],[-96.630041801708828,40.808933760966923],[-96.631818711550778,40.808970265710876],[-96.631866736179617,40.80762014138903],[-96.633643613326839,40.807656617068673],[-96.633595624650212,40.809006743116754],[-96.635372541004699,40.809043193184408],[-96.637149460611781,40.809079615913681],[-96.638926383469041,40.809116011304447],[-96.638878499402807,40.81046614216006],[-96.640655461463467,40.810502511933294],[-96.640607610107295,40.811852644146711],[-96.642384611371838,40.811888988299749],[-96.644161615879739,40.811925305111245],[-96.645938623628595,40.811961594581057],[-96.647715634615949,40.811997856709063],[-96.64776334213731,40.81064771762378],[-96.649540320401414,40.810683950695072],[-96.649492648839384,40.8120340914951],[-96.651269666296443,40.81207029893902],[-96.651317301898914,40.810720156425546],[-96.653094286627351,40.810756334815061],[-96.654871274584323,40.810792485863466],[-96.656648265767373,40.810828609570635],[-96.656600738045128,40.812178757216678],[-96.658377768412407,40.812214855290712],[-96.660154802001145,40.812250926021925],[-96.660202257802013,40.810900774960615],[-96.661979258648714,40.810936816643164],[-96.662026675272159,40.809586663513684],[-96.662074088679518,40.8082365100217],[-96.660297159747628,40.808200471750325],[-96.658520234034029,40.808164406139866],[-96.656743311541163,40.808128313190444],[-96.654966392271433,40.808092192902215],[-96.654918835040803,40.809442339564228],[-96.653141883041457,40.809406190226618],[-96.651364934270404,40.809370013549184],[-96.651412563411213,40.808019870309899],[-96.649635653825555,40.807983668006109],[-96.649683315688165,40.806633526117174],[-96.647906445287433,40.806597298189679],[-96.647954139866982,40.805247157652246],[-96.646177308650678,40.805210904103696],[-96.646225035942308,40.80386076491893],[-96.648001831211715,40.803897016751797],[-96.649778629715712,40.803933241250448],[-96.649826281881147,40.802583098272649],[-96.651603047672296,40.8026192937239],[-96.65155543145184,40.80396943841474],[-96.653332236417697,40.804005608244516],[-96.655109044610811,40.804041750739657],[-96.656885856028779,40.804077865900005],[-96.658662670669159,40.80411395372542],[-96.658615195011095,40.805464104892842],[-96.660392048820086,40.805500167089818],[-96.660439488529519,40.80415001421575],[-96.662216309607416,40.80418604737087],[-96.662168905846897,40.805536201950289],[-96.663945766089057,40.805572209474086],[-96.663993133900448,40.804222053190621],[-96.665769961406141,40.804258031674863],[-96.667546792122081,40.804293982823452],[-96.667499496209714,40.805644142511163],[-96.669276366083352,40.805680068024145],[-96.669323626045824,40.804329906636255],[-96.671100463174952,40.804365803113122],[-96.672877303507036,40.804401672253896],[-96.674654147039618,40.804437514058463],[-96.676430993770282,40.804473328526662],[-96.676478106735132,40.803123159989028],[-96.676525216504587,40.801772991089472],[-96.678301994535971,40.801808774833923],[-96.67825492071276,40.803158945427064],[-96.680031737883354,40.803194703529748],[-96.681808558244484,40.803230434296921],[-96.681761553126407,40.804580607911646],[-96.681714544819997,40.805930781164648],[-96.681667533324998,40.807280954055919]],[[-96.669040018181619,40.812430869530509],[-96.668992738981672,40.813781028745119],[-96.670769827812819,40.813816937115639],[-96.67081707104802,40.812466776201738],[-96.669040018181619,40.812430869530509]],[[-96.660107342981249,40.813601076720651],[-96.658330273429257,40.813565004282395],[-96.658282775224407,40.814915152911432],[-96.660059880742068,40.814951227056802],[-96.660107342981249,40.813601076720651]],[[-96.658045235865728,40.821665890616657],[-96.65799771832539,40.823016037069671],[-96.659775039688299,40.823052121459213],[-96.659822521248358,40.821701973298666],[-96.658045235865728,40.821665890616657]],[[-96.652618144876598,40.824257760742427],[-96.652665773587088,40.82290761978264],[-96.650888465132596,40.822871425981297],[-96.650936126591645,40.821521286371329],[-96.649158857349391,40.82148506693138],[-96.647381591342523,40.821448820140276],[-96.645604328573469,40.821412545998157],[-96.645556559178004,40.82276268046229],[-96.647333857925616,40.822798956320973],[-96.6491111599113,40.822835204827356],[-96.649063459237567,40.824185342360323],[-96.649015755327966,40.825535479530231],[-96.650793132514679,40.825571704112356],[-96.652570512935085,40.825607901339303],[-96.652618144876598,40.824257760742427]],[[-96.606116792620668,40.831408356126353],[-96.606165376544766,40.830058262306899],[-96.604387937057083,40.830021346905944],[-96.604339317143172,40.831371438978614],[-96.606116792620668,40.831408356126353]],[[-96.640224682387924,40.822653688773819],[-96.640272559717545,40.821303559467189],[-96.63849530992411,40.821267175922458],[-96.636718063380656,40.821230765027451],[-96.634940820089653,40.82119432678229],[-96.634988802096316,40.819844202281203],[-96.633211598034535,40.81980773841159],[-96.633259612758536,40.818457615272415],[-96.631482447925478,40.818421125781022],[-96.63143439722981,40.819771247193422],[-96.629657199684544,40.819734728626841],[-96.629705286351665,40.818384608942516],[-96.629753369757111,40.8170344888944],[-96.627976247413699,40.8169979464382],[-96.62619912833415,40.816961376636456],[-96.626150972991454,40.818311493224691],[-96.624373821209957,40.818274894345663],[-96.624422012520895,40.81692477948932],[-96.622644899976336,40.816888154996917],[-96.622693123984106,40.81553804150969],[-96.620916050676016,40.815501391406585],[-96.620867790702945,40.816851503159405],[-96.620819527456277,40.81820161454813],[-96.619042385488996,40.818164933629902],[-96.61726524679797,40.818128225365584],[-96.615488111385673,40.818091489755297],[-96.615439736956148,40.819441595568549],[-96.61366256885583,40.819404830872742],[-96.61371097925452,40.818054726799197],[-96.611933850406928,40.818017936497419],[-96.611885404039342,40.819368038829971],[-96.611836954385467,40.820718140798057],[-96.613614155173309,40.820754934581878],[-96.613565738206717,40.822105037926612],[-96.613517317955768,40.823455140906937],[-96.615294593978206,40.823491910822256],[-96.617071873282796,40.823528653386596],[-96.617120221580535,40.822178546927745],[-96.618897468187868,40.822215260403631],[-96.620674718072223,40.822251946529533],[-96.622451971231186,40.822288605305303],[-96.624229227662326,40.822325236730791],[-96.624277428780928,40.820975122966409],[-96.626054652506227,40.82101172530939],[-96.626006487363185,40.822361840805861],[-96.627783750331318,40.822398417530366],[-96.629561016564324,40.822434966904147],[-96.629609109755521,40.82108484794739],[-96.631386343274642,40.82112136824211],[-96.631338286059744,40.822471488927093],[-96.633115558815149,40.822507983599024],[-96.634892834828108,40.8225444509198],[-96.636670114096191,40.822580890889292],[-96.636622161559018,40.82393101638764],[-96.638399480059519,40.823967430728793],[-96.640176801810497,40.824003817717077],[-96.641954126809537,40.824040177352344],[-96.642001971406714,40.82269004668855],[-96.640224682387924,40.822653688773819]],[[-96.665627956188416,40.808308504546567],[-96.665580614694193,40.809658661445781],[-96.667357589223272,40.809694619400688],[-96.667404894760551,40.808344460799781],[-96.665627956188416,40.808308504546567]],[[-96.66380364337634,40.809622676150077],[-96.663756262711772,40.810972830983886],[-96.665533269988742,40.811008817982639],[-96.665580614694193,40.809658661445781],[-96.66380364337634,40.809622676150077]],[[-96.651079091572115,40.817470865363674],[-96.651126740100864,40.816120724301896],[-96.649349614750477,40.816084511717236],[-96.649301930252406,40.817434651065291],[-96.651079091572115,40.817470865363674]],[[-96.652856256124011,40.817507052314639],[-96.654633423905679,40.817543211918014],[-96.65468100049506,40.816193067432692],[-96.652903868683211,40.816156909540439],[-96.652856256124011,40.817507052314639]],[[-96.65237995285402,40.831008460097706],[-96.654157480467731,40.831044636816195],[-96.654205089341588,40.829694495959153],[-96.652427597722038,40.82965832095249],[-96.65237995285402,40.831008460097706]],[[-96.645413231547636,40.82681308167561],[-96.645365449188674,40.828163214687024],[-96.647142891874864,40.828199497412712],[-96.648920337800121,40.828235752780927],[-96.648968048182226,40.826885616337108],[-96.647190638245519,40.826849362684449],[-96.645413231547636,40.82681308167561]],[[-96.640416172222075,40.817253169367085],[-96.642193317344265,40.817289520400415],[-96.642241145717094,40.815939387920153],[-96.64046403656296,40.815903038606997],[-96.640416172222075,40.817253169367085]],[[-96.637053617318074,40.811779873816626],[-96.635276625798269,40.811743447639849],[-96.635228663315516,40.813093574322281],[-96.63345163908906,40.813057119079424],[-96.633403637390742,40.814407243673088],[-96.635180697579401,40.814443700641171],[-96.636957761021677,40.8144801302657],[-96.637005690795334,40.813130002222898],[-96.637053617318074,40.811779873816626]],[[-96.636909827996831,40.815830257945031],[-96.636861891720557,40.817180385260869],[-96.638639030346681,40.817216790987182],[-96.638686930655396,40.815866661948576],[-96.638734827715112,40.814516532546548],[-96.636957761021677,40.8144801302657],[-96.636909827996831,40.815830257945031]]],[[[-96.68344446472976,40.807316662557007],[-96.683491440270487,40.805966487975823],[-96.685268338907122,40.806002167448618],[-96.685221399320938,40.807352343718428],[-96.68344446472976,40.807316662557007]]],[[[-96.679655319989905,40.813996068788548],[-96.681432428012542,40.814031813086189],[-96.681385397380851,40.815381983806986],[-96.679608253389574,40.815346237817728],[-96.677831112591008,40.815310464481342],[-96.676053974987653,40.815274663797972],[-96.674276840581896,40.815238835767758],[-96.674324015086682,40.813888671821168],[-96.676101113524538,40.813924498155892],[-96.676148248864052,40.81257433215184],[-96.674371186391681,40.812538507512542],[-96.674418354497121,40.811188342841895],[-96.676195381006465,40.811224165785845],[-96.67797241071267,40.811259961386824],[-96.677925314533553,40.812610129446895],[-96.677878215159751,40.813960297145059],[-96.679655319989905,40.813996068788548]]],[[[-96.676713623633304,40.796372311872219],[-96.67676071742946,40.795022141163159],[-96.678537315766107,40.795057916440697],[-96.678490257904045,40.796408088842988],[-96.676713623633304,40.796372311872219]]],[[[-96.670013500046565,40.835419462478875],[-96.671791167853328,40.835455370681608],[-96.671743906111544,40.836805527136967],[-96.669966202298397,40.836769617235063],[-96.668188501694118,40.836733679966066],[-96.666410804301151,40.836697715330104],[-96.666458174061376,40.835347563976107],[-96.664680515887795,40.835311573676378],[-96.664633110121926,40.836661723327332],[-96.664585701139856,40.838011872615795],[-96.66280797416897,40.837975851541948],[-96.661030250416943,40.837939803100284],[-96.661077731414451,40.836589657221914],[-96.659300046891076,40.836553583119567],[-96.65934756067243,40.835203438585495],[-96.661125209190899,40.835239510980941],[-96.661172683746528,40.833889364377335],[-96.662950299483086,40.833925407702111],[-96.662997734817878,40.832575259030435],[-96.661220155081608,40.832539217411131],[-96.65944257856566,40.832503148429339],[-96.659490082678019,40.831153002807277],[-96.657712545382168,40.831116908171111],[-96.657760082266947,40.82976676389432],[-96.659537583567868,40.829802856822539],[-96.661315088091058,40.829838922390955],[-96.66136254976594,40.828488774337004],[-96.663140021515972,40.828524810840221],[-96.664917496483127,40.828560819984688],[-96.666694974664992,40.828596801770239],[-96.666647620969783,40.829946954936176],[-96.666600264062055,40.831297107739751],[-96.668377817446043,40.831333065569126],[-96.668330493324163,40.832683219711846],[-96.670108085917306,40.832719151879694],[-96.671885681718564,40.832755056684306],[-96.671838426388902,40.834105213864056],[-96.670060794586121,40.834069307360409],[-96.670013500046565,40.835419462478875]],[[-96.664822713890814,40.831261122548732],[-96.664775317771998,40.832611273287078],[-96.664727918437748,40.833961423662956],[-96.6665055406081,40.833997412259713],[-96.666552903941579,40.832647260180927],[-96.666600264062055,40.831297107739751],[-96.664822713890814,40.831261122548732]]],[[[-96.671554827077671,40.842206149336292],[-96.673332678148213,40.842242038663095],[-96.673285436390657,40.843592195005584],[-96.671507549301296,40.843556303980556],[-96.671554827077671,40.842206149336292]]],[[[-96.663920705642184,40.755580241155613],[-96.6639679906081,40.754230073168955],[-96.665743486492005,40.754266015986445],[-96.665696237385305,40.755616185674647],[-96.663920705642184,40.755580241155613]]],[[[-96.66747177233222,40.755652102904648],[-96.667518985579434,40.754301931516196],[-96.669294487868001,40.754337819758064],[-96.669247310480515,40.755687992845466],[-96.66747177233222,40.755652102904648]]],[[[-96.660676638818401,40.797399244407472],[-96.660724059226254,40.796049089358277],[-96.662500664661906,40.796085112282725],[-96.66245328018833,40.797435269036868],[-96.6624058925009,40.798785425428562],[-96.660629215194234,40.79874939909417],[-96.660676638818401,40.797399244407472]]],[[[-96.66515439671106,40.821810057231978],[-96.663377101673447,40.821774056606465],[-96.663424508056281,40.820423904672268],[-96.665201767115278,40.820459903594191],[-96.66515439671106,40.821810057231978]]],[[[-96.662095912917422,40.858228021793416],[-96.660317648758777,40.858191947758108],[-96.658539387825158,40.858155846335727],[-96.656761130119008,40.858119717526392],[-96.654982875642773,40.858083561330282],[-96.654935234936204,40.859433696277875],[-96.653156947646693,40.85939751098315],[-96.653204624398896,40.858047377747525],[-96.651426376389807,40.858011166778255],[-96.651474085950142,40.856661034892838],[-96.651521792273513,40.855310902644362],[-96.653299968199164,40.85534711018731],[-96.653347635247727,40.853996975862742],[-96.65156949536015,40.853960770032849],[-96.651617195210292,40.852610637058305],[-96.653395299062254,40.852646841175215],[-96.653442959642987,40.851296706124728],[-96.655221030695316,40.851332881148693],[-96.655173406148023,40.852683017910806],[-96.655125778369367,40.854033154310017],[-96.655078147359106,40.855383290346353],[-96.656856329750909,40.855419443121328],[-96.656903924722599,40.85406930537453],[-96.658682074304991,40.854105429056141],[-96.6586345153721,40.855455568512106],[-96.660412704220292,40.855491666518517],[-96.662190896293012,40.855527737140463],[-96.662238383147525,40.854177594270034],[-96.664016542402777,40.85421363580204],[-96.665794704877442,40.85424964995056],[-96.665747290102274,40.855599796230273],[-96.663969091587816,40.855563780377757],[-96.663921637553187,40.856913924590913],[-96.665699872109897,40.856949942147509],[-96.665652450900055,40.858300087702226],[-96.663874180298663,40.858264068441507],[-96.662095912917422,40.858228021793416]]],[[[-96.655792273307711,40.835131211699931],[-96.655839855870013,40.833781070220773],[-96.657617461937562,40.833817195636527],[-96.657569915377223,40.835167338825123],[-96.655792273307711,40.835131211699931]]],[[[-96.651664891824211,40.851260503720724],[-96.651712585202134,40.849910370020133],[-96.649934556649839,40.84987414195038],[-96.649982282820076,40.84852400960083],[-96.65176027534433,40.848560235956505],[-96.653538271104054,40.848596434934876],[-96.653585921984899,40.84724629879554],[-96.655363884951569,40.847282468685052],[-96.655411496575937,40.845932330471427],[-96.657189426749042,40.845968471274581],[-96.657141851148609,40.847318611198254],[-96.657094272320236,40.848668750759138],[-96.655316270096847,40.848632606535809],[-96.6552686520115,40.849982744023691],[-96.653490616990169,40.849946570711275],[-96.653442959642987,40.851296706124728],[-96.651664891824211,40.851260503720724]]],[[[-96.644103924305611,40.763283937895324],[-96.644151623107987,40.761933790888804],[-96.645927298768129,40.76197004415743],[-96.645879635836835,40.763320192880094],[-96.644103924305611,40.763283937895324]]],[[[-96.646463623850323,40.797110063548956],[-96.64651133172363,40.795759922185781],[-96.648287911362672,40.795796163725981],[-96.648240239421682,40.797146306804429],[-96.646463623850323,40.797110063548956]]],[[[-96.648347560686688,40.844437361786596],[-96.648299808208989,40.845787493510201],[-96.648252052491429,40.847137624870669],[-96.648204293533752,40.848487755867993],[-96.6464263074878,40.848451474758136],[-96.644648324684667,40.848415166271415],[-96.642870345126752,40.848378830407967],[-96.642918212159032,40.847028704564302],[-96.641140271873169,40.846992343044732],[-96.641092368816544,40.848342467167917],[-96.641044462509782,40.84969259092771],[-96.639266453423133,40.849656198589408],[-96.639314395756443,40.848306076551467],[-96.637536425948923,40.848269658558692],[-96.637584401053545,40.846919537880311],[-96.635806470524614,40.84688309423575],[-96.635758459396399,40.848233213189779],[-96.635710445010716,40.849583331780181],[-96.633932445689837,40.849546857309555],[-96.633980496101316,40.84819674044487],[-96.632202536066103,40.848160240324084],[-96.630424579293219,40.848123712827601],[-96.628646625785095,40.84808715795554],[-96.626868675544173,40.848050575708072],[-96.625090728572872,40.848013966085304],[-96.623312784873661,40.847977329087428],[-96.623361048160135,40.846627222240066],[-96.62158314375705,40.846590559601893],[-96.621534844448945,40.847940664714557],[-96.619756907301209,40.847903972966847],[-96.617978973432855,40.847867253844441],[-96.618027344783386,40.84651715220506],[-96.616249450217708,40.846480407446684],[-96.614471558936046,40.846443635315211],[-96.612693670940828,40.846406835810761],[-96.612742147064239,40.845056739026461],[-96.610964298375578,40.845019913891591],[-96.611012807225549,40.843669818485083],[-96.609234997842904,40.843632967722449],[-96.607457191753539,40.843596089589873],[-96.605679388959857,40.843559184087518],[-96.605728002555793,40.842209093550927],[-96.60577661285383,40.840859002649559],[-96.607554343625921,40.840895904659732],[-96.607602914619207,40.839545811647582],[-96.609380612679118,40.83958268454586],[-96.611158314031513,40.839619530078089],[-96.611206809719718,40.83826943321327],[-96.612984478356722,40.838306249637249],[-96.614762150281109,40.838343038696173],[-96.616539825490449,40.838379800389887],[-96.618317503982283,40.838416534718263],[-96.618365852367077,40.837066430528779],[-96.618414197472049,40.835716325975028],[-96.620191807238314,40.835753029464378],[-96.620143498134922,40.837103135754859],[-96.62192114718016,40.837139813616588],[-96.623698799500332,40.837176464113817],[-96.623747036599781,40.835826354353756],[-96.625524656190095,40.835862975753493],[-96.625476455092993,40.837213087246411],[-96.625428250725832,40.838563198375326],[-96.627205945593602,40.838599795874757],[-96.627254113955729,40.837249683014228],[-96.629031776086066,40.837286251417105],[-96.629079905177719,40.835936136462365],[-96.630857534570154,40.835972675771202],[-96.632635167225075,40.836009187716101],[-96.632587110139895,40.837359306127475],[-96.634364782058483,40.837395792434677],[-96.636142457234939,40.837432251376377],[-96.637920135666846,40.837468682952419],[-96.637968084740464,40.836118559365765],[-96.639745730420998,40.836154961853495],[-96.639697817351745,40.837505087162654],[-96.641475502287207,40.837541464006947],[-96.643253190470787,40.83757781348514],[-96.643301031530569,40.836227684734851],[-96.645078686954733,40.836264005128186],[-96.64685634562187,40.836300298156438],[-96.646808576572553,40.83765043034267],[-96.646760804282408,40.839000562165765],[-96.646713028751208,40.84035069362568],[-96.646665249978696,40.841700824722409],[-96.646617467964631,40.843050955455951],[-96.646569682708758,40.844401085826313],[-96.648347560686688,40.844437361786596]]],[[[-96.625770043045009,40.779121415761097],[-96.625721943163256,40.780471540806346],[-96.625673840019559,40.781821665487797],[-96.625625733613674,40.783171789805429],[-96.627401951011606,40.783208343678147],[-96.629178171669565,40.783244870237745],[-96.629130133816361,40.784594997650565],[-96.627353877250712,40.784558469362103],[-96.627305800229564,40.785908594682319],[-96.627257719947906,40.787258719638771],[-96.627209636405482,40.788608844231447],[-96.625433275363221,40.788572283437738],[-96.623656917584398,40.788535695325891],[-96.623705072956028,40.787185574195206],[-96.625481394820369,40.787222160575411],[-96.625529511014321,40.785872037349243],[-96.623753225062032,40.785835452700624],[-96.623801373902666,40.784485330842138],[-96.622025127125085,40.784448720610911],[-96.62207330860754,40.783098600121257],[-96.623849519478171,40.783135208619747],[-96.623897661788817,40.781785086033487],[-96.623945800834832,40.780434963083337],[-96.622169661770769,40.780398358050086],[-96.622217833452069,40.779048236468583],[-96.622266001866819,40.777698114523147],[-96.62404206913402,40.777734716091423],[-96.624090198387705,40.776384592049673],[-96.625866233023729,40.776421164579197],[-96.6258181396651,40.777771290352042],[-96.627594213457613,40.777807837304856],[-96.627546152735249,40.779157964443783],[-96.625770043045009,40.779121415761097]]],[[[-96.624903745892055,40.803423610908332],[-96.62312699289356,40.803387003743822],[-96.623175184203618,40.802036886616513],[-96.6249519012609,40.802073492048628],[-96.626728621584135,40.802110070149688],[-96.626680502156773,40.803460190740509],[-96.624903745892055,40.803423610908332]]],[[[-96.622506794951192,40.770947499337097],[-96.620730910398663,40.770910879128976],[-96.620779095101796,40.769560756733362],[-96.620827276537725,40.76821063397378],[-96.62260308932791,40.768247250715326],[-96.624378905382613,40.768283840158382],[-96.624330795706868,40.769633966383182],[-96.624282682768765,40.770984092244149],[-96.622506794951192,40.770947499337097]]],[[[-96.626058573848937,40.771020657850009],[-96.626010493533528,40.77237078507796],[-96.625962409957708,40.773720911942156],[-96.625914323121179,40.775071038442569],[-96.624138324377753,40.775034467644055],[-96.624186447104464,40.773684342874589],[-96.62241048751433,40.773647746503258],[-96.622458642865396,40.772297623102126],[-96.624234566568035,40.772334217741289],[-96.624282682768765,40.770984092244149],[-96.626058573848937,40.771020657850009]]],[[[-96.623753225062032,40.785835452700624],[-96.623705072956028,40.787185574195206],[-96.621928754357299,40.787148960498321],[-96.621976942375099,40.785798840736597],[-96.623753225062032,40.785835452700624]]],[[[-96.622885987308649,40.810137583920508],[-96.622934194964415,40.808787468613176],[-96.624711091752147,40.808824082708],[-96.624662920049758,40.810174199748097],[-96.622885987308649,40.810137583920508]]],[[[-96.604942107553214,40.765179639594322],[-96.604990602031791,40.763829531398393],[-96.606766277713376,40.763866388585477],[-96.606717819105214,40.76521649852608],[-96.604942107553214,40.765179639594322]]],[[[-96.613675733117688,40.769414009839423],[-96.613724058070943,40.768063894025765],[-96.615499857778701,40.76810061995976],[-96.617275660760683,40.768137318595862],[-96.617227407565593,40.769487437885047],[-96.617179151098426,40.770837556810143],[-96.615403276355579,40.770800854699722],[-96.615451568704401,40.769450737511832],[-96.613675733117688,40.769414009839423]]],[[[-96.610124071777477,40.769340472597612],[-96.610172468487889,40.767990360264676],[-96.611948261639867,40.768027140794025],[-96.611899900807899,40.769377254867962],[-96.611851536696577,40.770727368577596],[-96.610075671785282,40.770690584566175],[-96.610124071777477,40.769340472597612]]],[[[-96.601831610182018,40.851585805552908],[-96.60005360117141,40.851548807440551],[-96.600102342638394,40.850198724340224],[-96.600151080798625,40.84884864087487],[-96.601929017759929,40.84888563548644],[-96.601977716592714,40.847535549905757],[-96.602026412121702,40.846185463960126],[-96.603804280346964,40.846222427699267],[-96.605582151873321,40.84625936406632],[-96.60553352838221,40.847609453508504],[-96.607311439226535,40.847646364249655],[-96.607262848458276,40.848996455073433],[-96.607214254393298,40.85034654553246],[-96.607165657031359,40.85169663562673],[-96.605387638114451,40.85165971964615],[-96.603609622497174,40.85162277628816],[-96.601831610182018,40.851585805552908]]]]}}
]
}
