{
"type": "FeatureCollection",
"name": "downtown__wk_0800",
"crs": { "type": "name", "properties": { "name": "urn:ogc:def:crs:OGC:1.3:CRS84" } },
"features": [
{"type":"Feature","properties":{"band":15},"geometry":{"type":"MultiPolygon","coordinates":[[[[-96.711875798901346,40.807884280284554],[-96.71182939551494,40.809234481368051],[-96.713606416718321,40.809269726743736],[-96.713560046147506,40.81061992913471],[-96.713513672431191,40.811970131165154],[-96.713467295569131,40.813320332835069],[-96.715244427815691,40.813355555867965],[-96.715198083778503,40.814705758844319],[-96.713420915561088,40.814670534144433],[-96.713374532406817,40.816020735093232],[-96.713328146106079,40.817370935681481],[-96.711550909086398,40.81733568029631],[-96.711504483661031,40.818685878855511],[-96.711458055086268,40.820036077054077],[-96.70968074925797,40.820000790978334],[-96.707903446581724,40.819965477549175],[-96.707856942892505,40.821315672045991],[-96.70607960738873,40.821280329591076],[-96.706033064560259,40.822630522054531],[-96.704255696229424,40.82259515057136],[-96.704209114256855,40.823945341000034],[-96.70416252912419,40.825295531067809],[-96.702385091977888,40.825260128878561],[-96.702338467693551,40.826610316910049],[-96.700560997718981,40.826574885686128],[-96.700607657994382,40.825224699331287],[-96.698830227176103,40.825189242426141],[-96.698876920274671,40.823839057388099],[-96.697099528612185,40.823803574804373],[-96.695322140119558,40.823768064864353],[-96.695368902021883,40.822417882824652],[-96.695415660752161,40.821067700423697],[-96.693638347399826,40.821032166490809],[-96.691861037221727,40.820996605204485],[-96.691907864740642,40.819646425806653],[-96.691954689083133,40.818296246047431],[-96.69200151024944,40.816946065926849],[-96.693778712494549,40.81698162216486],[-96.693825494512112,40.81563144000026],[-96.692048328239807,40.815595885444885],[-96.692095143054487,40.814245704601561],[-96.693872273356419,40.814281257474377],[-96.695649406831379,40.814316783000237],[-96.695696146534516,40.812966598431849],[-96.695742883067297,40.811616413502243],[-96.697519947778446,40.811651908321231],[-96.697566645177588,40.810301721350633],[-96.69761333940933,40.80895153401891],[-96.699390335362992,40.808986998136319],[-96.699436990468641,40.80763680876511],[-96.701213953627885,40.807672243863237],[-96.701260569612316,40.806322052453972],[-96.703037499976645,40.806357458535324],[-96.703084076844718,40.805007265089444],[-96.704860974413648,40.805042642156543],[-96.704907512170251,40.803692446675463],[-96.706684376943286,40.803727794730797],[-96.706637875139279,40.805077991884851],[-96.708414779019179,40.805113314274266],[-96.708368310016169,40.806463512739299],[-96.710145253003418,40.806498809460123],[-96.710098816806266,40.807849009234978],[-96.711875798901346,40.807884280284554]],[[-96.69373192730346,40.818331803968157],[-96.693685138938648,40.819681985410135],[-96.695462416310619,40.819717517661495],[-96.695509168697541,40.818367334538031],[-96.69373192730346,40.818331803968157]]],[[[-96.715244427815691,40.813355555867965],[-96.715290768709352,40.812005352531138],[-96.717067868130812,40.812040546551039],[-96.717021563205819,40.813390751553499],[-96.715244427815691,40.813355555867965]]]]}},
{"type":"Feature","properties":{"band":30},"geometry":{"type":"MultiPolygon","coordinates":[[[[-96.733153857007068,40.809655621184568],[-96.734930915792859,40.809690538430857],[-96.736707977694721,40.809725428332136],[-96.738485042710167,40.809760290888249],[-96.740262110836795,40.809795126099083],[-96.740216279744359,40.811145353356189],[-96.740170445542944,40.812495580253746],[-96.741947588715036,40.812530391414008],[-96.741993386946859,40.811180162868972],[-96.743770497255909,40.811214945034891],[-96.743724734993904,40.812565175226091],[-96.74550188437712,40.812599931689888],[-96.745456154983259,40.813950163166645],[-96.74723334344111,40.813984893925657],[-96.747279036862238,40.812634660805251],[-96.749056192446815,40.812669362572038],[-96.750833351128449,40.812704036990105],[-96.752610512904681,40.812738684059333],[-96.752564927403199,40.814088922102947],[-96.75434212824527,40.814123543461669],[-96.756119332177335,40.814158137469974],[-96.756073815535927,40.815508378430316],[-96.756028295806757,40.816858619031692],[-96.75425101991955,40.816824021748808],[-96.752473747122778,40.81678939711292],[-96.750696477418899,40.816754745124165],[-96.750650846658729,40.818104980450514],[-96.748873544069639,40.81807029946777],[-96.747096244578543,40.818035591131135],[-96.747050538757151,40.819385822814354],[-96.745273206383999,40.819351085480065],[-96.745318948187872,40.818000855440758],[-96.743541654900071,40.817966092396773],[-96.743495877113958,40.819316320790861],[-96.741718550949443,40.819281528746899],[-96.741764364717554,40.817931301999316],[-96.73998707764278,40.817896484248529],[-96.739941227892913,40.81924670934832],[-96.738163907946785,40.819211862595246],[-96.738209793678195,40.81786163914456],[-96.736432512826184,40.817826766687517],[-96.736478431423819,40.816476544527511],[-96.734701189665486,40.816441646369178],[-96.734655235089249,40.817791866877577],[-96.732877960469779,40.817756939714847],[-96.732923951024375,40.816406720859362],[-96.731146715502959,40.816371767998191],[-96.729369483103653,40.816336787785829],[-96.727592253828888,40.816301780222389],[-96.727546155340619,40.817651994111415],[-96.725768893215431,40.817616957538974],[-96.725722755620112,40.818967169409838],[-96.723945460644998,40.818932103825894],[-96.722168168802199,40.818897010888712],[-96.720390880094186,40.818861890598434],[-96.71861359452339,40.818826742955196],[-96.716836312092241,40.81879156795916],[-96.716882629583154,40.817441364398377],[-96.715105386272469,40.817406163715553],[-96.715059032803183,40.818756365610419],[-96.713281756658631,40.818721135909158],[-96.713235364064204,40.820071335776277],[-96.711458055086268,40.820036077054077],[-96.711504483661031,40.818685878855511],[-96.711550909086398,40.81733568029631],[-96.713328146106079,40.817370935681481],[-96.713374532406817,40.816020735093232],[-96.713420915561088,40.814670534144433],[-96.715198083778503,40.814705758844319],[-96.715244427815691,40.813355555867965],[-96.713467295569131,40.813320332835069],[-96.713513672431191,40.811970131165154],[-96.713560046147506,40.81061992913471],[-96.715337106459685,40.810655148833838],[-96.717114169914936,40.810690341188192],[-96.717160468558447,40.809340135464915],[-96.717206764061544,40.807989929381257],[-96.71898375873181,40.808025091062333],[-96.719030015135615,40.806674882954212],[-96.720806976984221,40.806710015630038],[-96.720760756539804,40.808060225400943],[-96.722537757483067,40.808095332396945],[-96.722491569865454,40.809445543469138],[-96.722445379114745,40.810795754181143],[-96.724222455117911,40.810830837154967],[-96.725999534251969,40.810865892783326],[-96.726045653072958,40.80951567875195],[-96.72782269937025,40.809550705376935],[-96.72777661651449,40.810900921066043],[-96.729553701903043,40.810935922003019],[-96.729599748793319,40.809585704657465],[-96.731376801339735,40.809620676593376],[-96.733153857007068,40.809655621184568]],[[-96.727638349190158,40.814951565973324],[-96.725861159017356,40.814916532716964],[-96.725815027681108,40.81626674530802],[-96.727592253828888,40.816301780222389],[-96.727638349190158,40.814951565973324]],[[-96.717021563205819,40.813390751553499],[-96.717067868130812,40.812040546551039],[-96.715290768709352,40.812005352531138],[-96.715244427815691,40.813355555867965],[-96.717021563205819,40.813390751553499]]],[[[-96.759628304613628,40.815577487665749],[-96.757851058532111,40.815542946724022],[-96.757896539196906,40.81419270412772],[-96.756119332177335,40.814158137469974],[-96.756164845731206,40.812807896150659],[-96.75794201677661,40.812842461172515],[-96.757987491271464,40.811492217858429],[-96.759764629429782,40.811526753896331],[-96.759719190906893,40.812876998844956],[-96.761496368119595,40.812911509167876],[-96.761450962488922,40.814261755390987],[-96.759673749301584,40.814227243434765],[-96.759628304613628,40.815577487665749]]],[[[-96.773936694711722,40.813152315629637],[-96.773891540910128,40.814502573249761],[-96.772114306212387,40.814468252753194],[-96.772159495990266,40.813117996757327],[-96.773936694711722,40.813152315629637]]],[[[-96.713977268075809,40.798468094637336],[-96.713930922660296,40.799818299912388],[-96.713884574101215,40.80116850482694],[-96.712107768626481,40.801133269458347],[-96.712061380974902,40.802483472344726],[-96.712014990176854,40.803833674870553],[-96.713791867551393,40.803868913574576],[-96.713745509560169,40.805219117407646],[-96.713699148424411,40.806569320880193],[-96.713652784143875,40.807919523992219],[-96.713606416718321,40.809269726743736],[-96.71182939551494,40.809234481368051],[-96.711875798901346,40.807884280284554],[-96.710098816806266,40.807849009234978],[-96.710145253003418,40.806498809460123],[-96.708368310016169,40.806463512739299],[-96.708414779019179,40.805113314274266],[-96.706637875139279,40.805077991884851],[-96.706684376943286,40.803727794730797],[-96.704907512170251,40.803692446675463],[-96.704860974413648,40.805042642156543],[-96.703084076844718,40.805007265089444],[-96.703037499976645,40.806357458535324],[-96.701260569612316,40.806322052453972],[-96.701213953627885,40.807672243863237],[-96.699436990468641,40.80763680876511],[-96.699390335362992,40.808986998136319],[-96.69761333940933,40.80895153401891],[-96.697566645177588,40.810301721350633],[-96.697519947778446,40.811651908321231],[-96.695742883067297,40.811616413502243],[-96.695696146534516,40.812966598431849],[-96.695649406831379,40.814316783000237],[-96.693872273356419,40.814281257474377],[-96.692095143054487,40.814245704601561],[-96.692048328239807,40.815595885444885],[-96.693825494512112,40.81563144000026],[-96.693778712494549,40.81698162216486],[-96.69200151024944,40.816946065926849],[-96.691954689083133,40.818296246047431],[-96.691907864740642,40.819646425806653],[-96.691861037221727,40.820996605204485],[-96.693638347399826,40.821032166490809],[-96.695415660752161,40.821067700423697],[-96.695368902021883,40.822417882824652],[-96.695322140119558,40.823768064864353],[-96.697099528612185,40.823803574804373],[-96.698876920274671,40.823839057388099],[-96.698830227176103,40.825189242426141],[-96.700607657994382,40.825224699331287],[-96.700560997718981,40.826574885686128],[-96.702338467693551,40.826610316910049],[-96.704115940831173,40.826645720774643],[-96.70416252912419,40.825295531067809],[-96.704209114256855,40.823945341000034],[-96.704255696229424,40.82259515057136],[-96.706033064560259,40.822630522054531],[-96.70607960738873,40.821280329591076],[-96.707856942892505,40.821315672045991],[-96.707903446581724,40.819965477549175],[-96.70968074925797,40.820000790978334],[-96.711458055086268,40.820036077054077],[-96.711411623361883,40.821386274892006],[-96.709634281551033,40.821350987146346],[-96.709587810691815,40.822701182953637],[-96.707810436048547,40.822665866182014],[-96.707763926049594,40.824016059957259],[-96.709541336680019,40.824051378400213],[-96.709494859515431,40.825401573486069],[-96.709448379197795,40.826751768211182],[-96.709401895726899,40.828101962575552],[-96.709355409102457,40.829452156579194],[-96.707577854498979,40.829416831450224],[-96.707531328721416,40.830767023421437],[-96.707484799787423,40.832117215031815],[-96.705707176339487,40.832081859194538],[-96.705660608244813,40.833432048770995],[-96.707438267696716,40.833467406281372],[-96.707391732449082,40.834817597170087],[-96.709169431064595,40.834852928986145],[-96.70912292866889,40.836203121185946],[-96.709076423118191,40.837553313024983],[-96.709029914412284,40.838903504503229],[-96.707252107762145,40.838868167671173],[-96.707205559884329,40.840218357116491],[-96.708983402550899,40.840253695620682],[-96.70893688753381,40.841603886377335],[-96.708890369360745,40.842954076773196],[-96.708843848031492,40.844304266808223],[-96.707065897301035,40.84426892328721],[-96.705287949729467,40.844233552389646],[-96.703510005319217,40.844198154115681],[-96.703463372755721,40.845548338768822],[-96.701685395483779,40.845512911442299],[-96.701638723728408,40.846863094058058],[-96.701592048806319,40.848213276312705],[-96.699814002643109,40.848177818253404],[-96.699860713595257,40.846827637676483],[-96.698082706631254,40.846792153916347],[-96.69803595964926,40.848142332814263],[-96.696257919827232,40.848106819995387],[-96.696304702838802,40.84675664277777],[-96.696351482676391,40.845406465198849],[-96.694573518084866,40.845370928363522],[-96.692795556669523,40.845335364151346],[-96.692748704778381,40.846685538365925],[-96.690970710515259,40.846649945092921],[-96.691017598432836,40.84529977256247],[-96.689239643377235,40.845264153597022],[-96.689286564137461,40.843913982390411],[-96.687508648288855,40.843878337735177],[-96.687555601886856,40.84252816785358],[-96.685777725244776,40.842492497511216],[-96.685730735625981,40.843842665704948],[-96.683952826151256,40.843806966299873],[-96.683905797321287,40.845157132442694],[-96.683858765300485,40.846507298223742],[-96.683811730088621,40.847857463643031],[-96.685589747639654,40.847893168115974],[-96.685542745266773,40.849243334862905],[-96.683764691685411,40.849207628700526],[-96.683717650090614,40.850557793396248],[-96.683670605304002,40.851907957730184],[-96.685448730953325,40.851943667271605],[-96.68540171901229,40.853293832933367],[-96.683623557325348,40.853258121702318],[-96.683576506154353,40.854608285312629],[-96.683529451790804,40.855958448561168],[-96.68530768556036,40.855994163171687],[-96.687085922520282,40.856029850395707],[-96.688864162668125,40.856065510233094],[-96.690642406001444,40.85610114268372],[-96.6905954926264,40.857451312322013],[-96.688817213247376,40.857415678185433],[-96.687038937054098,40.857380016660791],[-96.685260664048968,40.85734432774823],[-96.685213639346983,40.858694491963021],[-96.683435333485065,40.858658773972778],[-96.681657030816453,40.858623028593591],[-96.681609930824152,40.859973189065386],[-96.67983159530192,40.859937414604843],[-96.679784456061867,40.861287573022125],[-96.678006087686512,40.861251769477732],[-96.67622772251228,40.86121593854223],[-96.676274933855197,40.859865783514067],[-96.678053262978125,40.859901612754363],[-96.67810043506887,40.858551455668973],[-96.67814760395899,40.857201298221533],[-96.678194769648741,40.855851140412085],[-96.679972993832564,40.855886937181225],[-96.680020120280403,40.854536777316099],[-96.680067243530814,40.853186617089058],[-96.680114363584011,40.85183645650006],[-96.680161480440276,40.850486295549132],[-96.678383400408947,40.850450505554171],[-96.678430550100529,40.849100345934694],[-96.680208594099838,40.849136134236289],[-96.680255704562938,40.847785972561525],[-96.680302811829847,40.846435810524831],[-96.678524839887231,40.846400025609789],[-96.678571979982877,40.845049864904382],[-96.678619116880355,40.843699703836982],[-96.678666250579937,40.842349542407632],[-96.678713381081835,40.840999380616324],[-96.678760508386333,40.839649218463066],[-96.680538300229813,40.839684994912936],[-96.68058538832463,40.838334830704902],[-96.678807632493644,40.838299055947871],[-96.678854753404039,40.836948893070733],[-96.680632473224975,40.836984666134995],[-96.680679554931046,40.835634501203224],[-96.678901871117773,40.835598729831659],[-96.67894898563506,40.834248566230656],[-96.67717134102314,40.834212769186486],[-96.67539369960987,40.834176944777234],[-96.673616061397638,40.834141093003034],[-96.673568838866245,40.835491251518405],[-96.673521613131115,40.836841409671628],[-96.673474384192005,40.838191567462715],[-96.671696641163336,40.838155683230113],[-96.671743906111544,40.836805527136967],[-96.671791167853328,40.835455370681608],[-96.670013500046565,40.835419462478875],[-96.670060794586121,40.834069307360409],[-96.66828316599171,40.834033373492247],[-96.6665055406081,40.833997412259713],[-96.666458174061376,40.835347563976107],[-96.666410804301151,40.836697715330104],[-96.668188501694118,40.836733679966066],[-96.66814116472851,40.838083832659457],[-96.666363431327184,40.838047866321673],[-96.664585701139856,40.838011872615795],[-96.664633110121926,40.836661723327332],[-96.664680515887795,40.835311573676378],[-96.66290286093016,40.835275556011275],[-96.662950299483086,40.833925407702111],[-96.661172683746528,40.833889364377335],[-96.661220155081608,40.832539217411131],[-96.65944257856566,40.832503148429339],[-96.659490082678019,40.831153002807277],[-96.657712545382168,40.831116908171111],[-96.657760082266947,40.82976676389432],[-96.655982584190696,40.829730643606489],[-96.654205089341588,40.829694495959153],[-96.654252694985871,40.828344354739265],[-96.654300297400837,40.826994213156517],[-96.656077720268428,40.827030357383002],[-96.656125283467233,40.825680213727104],[-96.6579026735741,40.825716328887651],[-96.65795019756159,40.824366183160009],[-96.659727554907235,40.824402269257149],[-96.66150491547414,40.824438327999673],[-96.661552364272239,40.823088178495425],[-96.663329692074726,40.823124208178207],[-96.665107023093384,40.823160210507375],[-96.666884357325742,40.823196185482793],[-96.668661694769355,40.823232133104334],[-96.668708996424215,40.82188197642553],[-96.668756294870491,40.820531819384449],[-96.670533563561818,40.820567736252485],[-96.670580822822856,40.81921757714948],[-96.668803590108411,40.819181661981098],[-96.668850882138258,40.817831504215469],[-96.668898170960247,40.816481346087599],[-96.670675331728162,40.816517257856916],[-96.670722581372956,40.81516709766737],[-96.672499709376183,40.815202980390843],[-96.674276840581896,40.815238835767758],[-96.676053974987653,40.815274663797972],[-96.677831112591008,40.815310464481342],[-96.679608253389574,40.815346237817728],[-96.679655319989905,40.813996068788548],[-96.677878215159751,40.813960297145059],[-96.677925314533553,40.812610129446895],[-96.67797241071267,40.811259961386824],[-96.676195381006465,40.811224165785845],[-96.67624250995199,40.809873999057899],[-96.674465519403256,40.809838177809233],[-96.674512681110329,40.808488012414543],[-96.676289635700883,40.808523831967982],[-96.678066593487841,40.808559624181051],[-96.67811368008438,40.807209455035348],[-96.678160763487213,40.805859285527781],[-96.678207843696597,40.804509115658355],[-96.679984696816121,40.804544875453395],[-96.679937652558095,40.805895047015255],[-96.679890605109051,40.807245218215328],[-96.681667533324998,40.807280954055919],[-96.681714544819997,40.805930781164648],[-96.681761553126407,40.804580607911646],[-96.683538412625055,40.804616313032973],[-96.685315275309605,40.804651990817227],[-96.685362208528588,40.803301813824234],[-96.685409138564353,40.80195163646966],[-96.685456065417128,40.800601458753519],[-96.685502989087169,40.799251280675819],[-96.687279711170163,40.799286924374478],[-96.687326595717536,40.797936744248283],[-96.68910328504019,40.797972358929115],[-96.689056436433233,40.799322540740945],[-96.690833164873922,40.799358129775072],[-96.69078634903245,40.800708312909876],[-96.692563116591671,40.800743876294653],[-96.692609896489827,40.79939369147673],[-96.692656673215211,40.798043506297518],[-96.694433372062718,40.798079038984802],[-96.696210074080298,40.798114544340621],[-96.696256775755487,40.796764355438029],[-96.69448010967686,40.796728851762609],[-96.694526844121143,40.795378664179204],[-96.69457357539585,40.794028476234594],[-96.696350169603846,40.794063976549424],[-96.696396861777529,40.792713786563404],[-96.694620303501182,40.79267828792878],[-96.694667028437408,40.791328099261776],[-96.69471375020477,40.789977910233581],[-96.696490236625095,40.79001340550802],[-96.698266726211585,40.790048873458609],[-96.700043218961866,40.790084314085185],[-96.700089829786748,40.788734119659708],[-96.698313372961337,40.788698680710532],[-96.696536919299447,40.788663214438643],[-96.696583598807877,40.787313023008167],[-96.698360016547582,40.787348487601413],[-96.700136437450567,40.787383924873239],[-96.701912861514401,40.787419334823518],[-96.701959430097133,40.786069138000094],[-96.702005995521716,40.784718940815772],[-96.702052557788349,40.783368743270579],[-96.702099116897315,40.782018545364473],[-96.702145672848829,40.780668347097517],[-96.702192225643159,40.77931814846967],[-96.70396843737899,40.779353521051085],[-96.703921920493002,40.780703721353277],[-96.703875400452233,40.782053921294683],[-96.703828877256456,40.783404120875268],[-96.705605199879813,40.783439471161998],[-96.705558709444631,40.784789672055041],[-96.703782350905428,40.784754320095026],[-96.703735821398908,40.786104518953977],[-96.703689288736641,40.787454717452093],[-96.705465719114855,40.787490072758835],[-96.705419219219777,40.788840272569601],[-96.703642752918398,40.788804915589381],[-96.703596213943939,40.79015511336582],[-96.705372716170899,40.790190472019567],[-96.705326209967993,40.791540671108763],[-96.705279700610802,40.792890869837173],[-96.707056277850739,40.792926204511062],[-96.707102751277233,40.791576004110269],[-96.708879295738328,40.791611309785793],[-96.708832858242772,40.792961511857676],[-96.710609441784442,40.792996791876845],[-96.712386028473347,40.79303204456847],[-96.712339659695587,40.794382249618124],[-96.712293287772795,40.795732454307242],[-96.712246912704728,40.797082658635851],[-96.71220053449116,40.798432862603896],[-96.713977268075809,40.798468094637336]],[[-96.689333481714414,40.842563810822256],[-96.689380396108334,40.84121363889254],[-96.691158243100048,40.841249252802164],[-96.691205118294775,40.839899078825766],[-96.692982932450164,40.839934663678847],[-96.69293609327211,40.841284839339103],[-96.692889250916153,40.842635014637935],[-96.694667140285461,40.842670575484661],[-96.694620330773134,40.844020752104768],[-96.696398259340199,40.844056287258631],[-96.696445032830496,40.842706108957131],[-96.696491803147524,40.841355930294348],[-96.696538570291523,40.840005751270297],[-96.69831639397259,40.840041254008362],[-96.69836312192885,40.838691072943142],[-96.696585334262736,40.838655571884985],[-96.696632095061403,40.83730539213839],[-96.698409846714995,40.837340891516718],[-96.698456568331281,40.835990709729117],[-96.700234287144426,40.836026180059605],[-96.700280969583218,40.834675996232413],[-96.698503286777964,40.834640527580319],[-96.696725607142099,40.834605031561445],[-96.696772358424624,40.833254850731109],[-96.694994717965528,40.833219329026512],[-96.695041502079008,40.831869149515803],[-96.695088283018734,40.830518969643769],[-96.695135060784949,40.82916878941046],[-96.693357531499359,40.829133245386892],[-96.693310717735756,40.830483423938198],[-96.691533155628704,40.830447850870144],[-96.689755596700067,40.830412250439743],[-96.689708707761554,40.831762425261651],[-96.687931116014624,40.831726795783091],[-96.687884187893502,40.833076968557457],[-96.686106563328778,40.833041310028229],[-96.686059596020158,40.834391480753638],[-96.684281938638151,40.834355793171234],[-96.684234932137173,40.835705961846244],[-96.684187922447066,40.837056130159517],[-96.685965651843404,40.8370918211195],[-96.687743384426639,40.837127484711097],[-96.687696443569038,40.838477656039117],[-96.6876494995267,40.839827827005543],[-96.685871694918916,40.839792160038698],[-96.685824711675679,40.841142328955797],[-96.687602552299396,40.841177997610373],[-96.687555601886856,40.84252816785358],[-96.689333481714414,40.842563810822256]],[[-96.679925864187027,40.857237096684393],[-96.681704127613003,40.857272867759882],[-96.681751221214057,40.8559227065643],[-96.679972993832564,40.855886937181225],[-96.679925864187027,40.857237096684393]],[[-96.671838426388902,40.834105213864056],[-96.671885681718564,40.832755056684306],[-96.670108085917306,40.832719151879694],[-96.670060794586121,40.834069307360409],[-96.671838426388902,40.834105213864056]],[[-96.67235805874293,40.819253464967588],[-96.672405278823561,40.817903303804123],[-96.67062807887821,40.81786741768429],[-96.670580822822856,40.81921757714948],[-96.67235805874293,40.819253464967588]],[[-96.690599053909651,40.806109041835406],[-96.688822145729148,40.806073444378555],[-96.688869010226682,40.804723264373919],[-96.687092141177629,40.804687641264252],[-96.6870452407275,40.806037819582919],[-96.686998337096085,40.807387997540047],[-96.686951430283131,40.808738175135666],[-96.68872840719726,40.808773803303446],[-96.688775278052745,40.807423624021737],[-96.690552222188529,40.807459223163335],[-96.690599053909651,40.806109041835406]],[[-96.695228606797812,40.82646842785995],[-96.695275375044943,40.825118246542793],[-96.693497953736951,40.825082707564867],[-96.693451149499737,40.82643288720022],[-96.693404342087277,40.827783066474225],[-96.69518183537788,40.827818608815846],[-96.695228606797812,40.82646842785995]],[[-96.704069349377548,40.827995910120528],[-96.704022754763102,40.829346099105472],[-96.705800303051717,40.829381478958929],[-96.705846861669741,40.828031288299798],[-96.704069349377548,40.827995910120528]],[[-96.68152647970598,40.811331470559331],[-96.679749443613332,40.811295729644705],[-96.679702383397753,40.812645899397531],[-96.681479455454166,40.812681642003632],[-96.68152647970598,40.811331470559331]],[[-96.68344446472976,40.807316662557007],[-96.685221399320938,40.807352343718428],[-96.685268338907122,40.806002167448618],[-96.683491440270487,40.805966487975823],[-96.68344446472976,40.807316662557007]],[[-96.675959688320788,40.817974993996202],[-96.676006833253155,40.816624829078073],[-96.674229662877039,40.816588999352298],[-96.674182481971911,40.81793916257481],[-96.675959688320788,40.817974993996202]]],[[[-96.695462416310619,40.819717517661495],[-96.693685138938648,40.819681985410135],[-96.69373192730346,40.818331803968157],[-96.695509168697541,40.818367334538031],[-96.695462416310619,40.819717517661495]]],[[[-96.693217080680412,40.833183779956713],[-96.691439446571763,40.833148203521837],[-96.691486302689555,40.831798027376713],[-96.693263900796182,40.83183360212815],[-96.693217080680412,40.833183779956713]]],[[[-96.670864311078802,40.811116614925666],[-96.670911547905405,40.809766453287445],[-96.670958781528071,40.808416291287074],[-96.672735729718568,40.808452165520862],[-96.672688532053584,40.809802329219039],[-96.674465519403256,40.809838177809233],[-96.674418354497121,40.811188342841895],[-96.674371186391681,40.812538507512542],[-96.67259412711887,40.81250265552913],[-96.67081707104802,40.812466776201738],[-96.670864311078802,40.811116614925666]]],[[[-96.676148248864052,40.81257433215184],[-96.676101113524538,40.813924498155892],[-96.674324015086682,40.813888671821168],[-96.674371186391681,40.812538507512542],[-96.676148248864052,40.81257433215184]]],[[[-96.657379696876561,40.840567907952],[-96.655601910774749,40.840531773988381],[-96.653824127902055,40.840495612654919],[-96.65204634826091,40.840459423951785],[-96.652094015759914,40.839109287347213],[-96.65387175938983,40.839145474338061],[-96.655649506251038,40.8391816339605],[-96.657427256341123,40.839217766214418],[-96.657379696876561,40.840567907952]]]]}},
{"type":"Feature","properties":{"band":45},"geometry":{"type":"MultiPolygon","coordinates":[[[[-96.79179842892168,40.81079345138911],[-96.793575589251006,40.810827466177081],[-96.793530837276222,40.812177742293976],[-96.795308036615438,40.812211731341037],[-96.79526331758143,40.813562008709027],[-96.795218595513703,40.814912285719494],[-96.793441324218705,40.814878293455017],[-96.793486082265531,40.813528018053276],[-96.791708849985767,40.813494000045431],[-96.791664055960069,40.814844273837103],[-96.78988679074024,40.814810226865916],[-96.789841957694634,40.816160498688532],[-96.789797121607563,40.817510770153419],[-96.789752282478773,40.818861041260568],[-96.787974912350336,40.818826962097951],[-96.786197545266305,40.818792855578437],[-96.786242456366281,40.817442587698231],[-96.784465128314309,40.817408455437366],[-96.784510072350528,40.816058188814637],[-96.782732783330147,40.816024030815093],[-96.782687803311362,40.817374295821189],[-96.780910481359854,40.817340108849805],[-96.780955497361006,40.815989845461651],[-96.779178214445523,40.815955632754438],[-96.777400934586126,40.815921392693603],[-96.7774460194927,40.814571132186991],[-96.775668778671047,40.814536866394405],[-96.77562365778526,40.815887125279261],[-96.775578533838512,40.817237383805882],[-96.775533406830561,40.818587641974233],[-96.773756061125425,40.818553343960296],[-96.771978718484178,40.818519018590528],[-96.772023917459578,40.817168763669805],[-96.770246613868025,40.817134412570141],[-96.76846931334498,40.817100034116223],[-96.768514581215925,40.815749782089782],[-96.768559846016146,40.814399529704829],[-96.766782620522534,40.814365127153295],[-96.766737319744294,40.815715377910038],[-96.764960061345789,40.815680946377633],[-96.764914721514174,40.817031195146242],[-96.764869378606718,40.818381443556198],[-96.763092051321422,40.818346981409462],[-96.763137430211287,40.816996734630443],[-96.761360141986671,40.816962246760944],[-96.759582856842755,40.816927731537895],[-96.759537405988766,40.818277975051188],[-96.761314727114623,40.818312491907754],[-96.761269309161634,40.819662736695797],[-96.759491952051377,40.819628218205658],[-96.759446495030403,40.820978461001275],[-96.757669105017172,40.820943913520196],[-96.757714598024748,40.819593672359517],[-96.755937247084148,40.819559099157523],[-96.755982772989569,40.818208859274094],[-96.756028295806757,40.816858619031692],[-96.756073815535927,40.815508378430316],[-96.756119332177335,40.814158137469974],[-96.75434212824527,40.814123543461669],[-96.752564927403199,40.814088922102947],[-96.752610512904681,40.812738684059333],[-96.754387677773082,40.812773303779565],[-96.754433224211141,40.811423063738445],[-96.754478767559718,40.810072823338309],[-96.756255863577294,40.810107412435222],[-96.756301367869995,40.808757170039087],[-96.758078431007547,40.808791730153615],[-96.758123896249231,40.807441485762901],[-96.759900926506276,40.807476016897567],[-96.761677959844775,40.807510520687863],[-96.761632566532626,40.808860768345987],[-96.761587170141212,40.810211015645351],[-96.763364278491466,40.810245495354749],[-96.763318914990521,40.811595743927271],[-96.763273548412286,40.812945992141096],[-96.765050731782523,40.812980447764524],[-96.765096062388096,40.811630197920017],[-96.766873212860531,40.811664624564123],[-96.766827918227875,40.813014876037983],[-96.768605107745898,40.813049276961372],[-96.770382300334177,40.81308365053453],[-96.770427523020302,40.811733395805796],[-96.77220468270275,40.811767740403099],[-96.772249866350123,40.810417483690514],[-96.772295046932584,40.809067226619575],[-96.774072137739779,40.80910154061948],[-96.7758492316092,40.809135827272613],[-96.775804122964928,40.810486087590405],[-96.777581255863595,40.810520348518146],[-96.777536180131207,40.81187061009927],[-96.779313352059603,40.81190484529894],[-96.779268309243946,40.813255108142208],[-96.781045520202525,40.813289317611165],[-96.781090527043389,40.811939053148862],[-96.782867705080122,40.811973233648899],[-96.784644886167385,40.812007386798932],[-96.784689818009852,40.810657118744544],[-96.784734746804475,40.809306850332256],[-96.784779672551466,40.80795658156206],[-96.786556748774913,40.807990702516861],[-96.788333828043307,40.80802479612526],[-96.788288974232941,40.809375068124062],[-96.790066092512504,40.809409135998266],[-96.791843213832379,40.809443176524496],[-96.79179842892168,40.81079345138911]],[[-96.757896539196906,40.81419270412772],[-96.757851058532111,40.815542946724022],[-96.759628304613628,40.815577487665749],[-96.759673749301584,40.814227243434765],[-96.761450962488922,40.814261755390987],[-96.761496368119595,40.812911509167876],[-96.759719190906893,40.812876998844956],[-96.759764629429782,40.811526753896331],[-96.757987491271464,40.811492217858429],[-96.75794201677661,40.812842461172515],[-96.756164845731206,40.812807896150659],[-96.756119332177335,40.814158137469974],[-96.757896539196906,40.81419270412772]],[[-96.772159495990266,40.813117996757327],[-96.772114306212387,40.814468252753194],[-96.773891540910128,40.814502573249761],[-96.773936694711722,40.813152315629637],[-96.772159495990266,40.813117996757327]],[[-96.775713896496114,40.813186607151316],[-96.775759011260647,40.811836347549978],[-96.773981845450351,40.811802057651214],[-96.773936694711722,40.813152315629637],[-96.775713896496114,40.813186607151316]]],[[[-96.791619258895551,40.816194547271124],[-96.791664055960069,40.814844273837103],[-96.793441324218705,40.814878293455017],[-96.793396563135488,40.816228568499142],[-96.791619258895551,40.816194547271124]]],[[[-96.794815960349098,40.827064762724198],[-96.794771207931518,40.828415036159114],[-96.794726452477647,40.829765309236429],[-96.792948785251582,40.829731299271437],[-96.792903990752862,40.831081570381642],[-96.7946816939873,40.831115581956162],[-96.794636932460179,40.832465854318301],[-96.792859193214952,40.832431841134188],[-96.792814392637638,40.833782111529068],[-96.794592167896099,40.83381612632283],[-96.794547400294817,40.835166397969751],[-96.794502629656094,40.836516669259055],[-96.79272478236382,40.836482651245795],[-96.792679972666875,40.837832920567628],[-96.79263515992956,40.839183189531781],[-96.794413079265368,40.839217210764815],[-96.794368299512911,40.840567480981228],[-96.792590344151662,40.840533458138218],[-96.792545525332955,40.841883726386975],[-96.794323516722073,40.841917750840011],[-96.794278730892628,40.843268020341156],[-96.792500703473181,40.843233994278016],[-96.790722679095026,40.843199940834275],[-96.790677818161456,40.844550206756139],[-96.788899760794749,40.844516124319206],[-96.788854860782479,40.845866388270458],[-96.788809957723586,40.847216651863867],[-96.787031831331845,40.84718253881703],[-96.785253707989412,40.847148398386125],[-96.785298683121951,40.845798138022381],[-96.783520598867725,40.845763971824319],[-96.781742517667467,40.845729778243786],[-96.781787561816287,40.84437952075676],[-96.781832602908949,40.843029262911635],[-96.780054596829757,40.842995045187244],[-96.780099670895154,40.841644788603169],[-96.78187764094568,40.841679004708389],[-96.781922675926708,40.840328746147065],[-96.780144741902433,40.840294531660945],[-96.780189809851791,40.83894427436055],[-96.780234874743513,40.837594016702006],[-96.780279936577784,40.83624375868532],[-96.780324995354889,40.8348935003105],[-96.780370051075025,40.833543241577559],[-96.782147805004755,40.833577447969155],[-96.783925561988752,40.833611626990042],[-96.783970542628751,40.832261364662827],[-96.782192821656565,40.832227187259356],[-96.782237835254364,40.830876926191507],[-96.782282845798321,40.829526664765609],[-96.780505199896069,40.82949246322994],[-96.780550243390735,40.828142203064516],[-96.780595283829626,40.826791942540979],[-96.782372857725761,40.826826140839678],[-96.782417859109714,40.82547587833966],[-96.784195400059303,40.825510047657041],[-96.784240362393177,40.824159783181976],[-96.786017870395781,40.824193923520525],[-96.786062793684465,40.822843657071836],[-96.787840268739586,40.822877768434076],[-96.789617746839795,40.82291185243556],[-96.789572895541824,40.824262122111705],[-96.791350412680373,40.824296180364058],[-96.791305594337643,40.825646451294304],[-96.793083150515031,40.825680483794883],[-96.793038365132432,40.827030755978051],[-96.794815960349098,40.827064762724198]]],[[[-96.7798291806225,40.849746322735008],[-96.779784088203357,40.85109657716999],[-96.779738992724432,40.85244683124678],[-96.779693894185485,40.853797084965365],[-96.779648792586286,40.855147338325736],[-96.781427123033353,40.855181570625504],[-96.781382054426757,40.856531825247451],[-96.779603687926596,40.85649759132788],[-96.777825324487154,40.856463330015721],[-96.77778018071146,40.857813581038485],[-96.777735033872347,40.859163831702951],[-96.775956601383541,40.859129539753361],[-96.774178171960799,40.859095220408889],[-96.774223390914671,40.857744972990773],[-96.772445000617495,40.857710627876671],[-96.772490252557645,40.856360381725189],[-96.770711901385539,40.856326010844121],[-96.770757186307094,40.854975765960447],[-96.772535501427299,40.855010135215252],[-96.772580747226712,40.853659888346812],[-96.774359029367488,40.853694228585951],[-96.774404236049605,40.852343979734187],[-96.774449439664394,40.850993730524003],[-96.772671229615696,40.850959393534517],[-96.770893022636542,40.850925029158176],[-96.770938295268735,40.849574782840364],[-96.772716466205736,40.849609145590676],[-96.774494640212069,40.849643480955429],[-96.774539837692885,40.848293231028478],[-96.776317978725913,40.848327537384179],[-96.776363137102351,40.846977285475525],[-96.778141245161621,40.847011562824676],[-96.778186364438596,40.845661308935775],[-96.77996443952361,40.845695557280884],[-96.781742517667467,40.845729778243786],[-96.781697470462248,40.847080035372706],[-96.781652420200402,40.848430292143505],[-96.781607366881673,40.849780548556176],[-96.7798291806225,40.849746322735008]]],[[[-96.777509253717469,40.865915079650648],[-96.775730640904555,40.865880779587435],[-96.775775839133928,40.864530532337376],[-96.773997265457751,40.864496206496952],[-96.77404249668713,40.863145960512597],[-96.774087724847263,40.861795714169801],[-96.775866226391841,40.861830036762115],[-96.77591141542085,40.860479788436933],[-96.7776898839696,40.860514082009111],[-96.777644731002965,40.861864331956951],[-96.779423238678206,40.861898599754191],[-96.779378118712529,40.863248850965171],[-96.781156665514729,40.86328309298478],[-96.781201749415118,40.861932840153671],[-96.781246830256265,40.860582586964362],[-96.78302530798932,40.860616798347181],[-96.782980263211257,40.861967053155247],[-96.784758780064166,40.862001238758808],[-96.784713768295092,40.863351494826304],[-96.784668753471422,40.864701750535751],[-96.782890164484527,40.864667561697033],[-96.781111578554885,40.864633345457712],[-96.779332995684953,40.864599101817895],[-96.777554415877148,40.864564830777738],[-96.777509253717469,40.865915079650648]]],[[[-96.731376801339735,40.809620676593376],[-96.731422809143396,40.808270457232815],[-96.733199828847205,40.808305400170191],[-96.734976851669259,40.808340315763978],[-96.736753877607114,40.808375204014041],[-96.73853090665834,40.808410064920238],[-96.738485042710167,40.809760290888249],[-96.736707977694721,40.809725428332136],[-96.734930915792859,40.809690538430857],[-96.733153857007068,40.809655621184568],[-96.731376801339735,40.809620676593376]]],[[[-96.749147498052238,40.80996889196885],[-96.750924584794745,40.810003563104978],[-96.75087896950879,40.811353800227117],[-96.752656095314009,40.811388445656632],[-96.752610512904681,40.812738684059333],[-96.750833351128449,40.812704036990105],[-96.749056192446815,40.812669362572038],[-96.747279036862238,40.812634660805251],[-96.74723334344111,40.813984893925657],[-96.745456154983259,40.813950163166645],[-96.74550188437712,40.812599931689888],[-96.743724734993904,40.812565175226091],[-96.743770497255909,40.811214945034891],[-96.741993386946859,40.811180162868972],[-96.741947588715036,40.812530391414008],[-96.740170445542944,40.812495580253746],[-96.740216279744359,40.811145353356189],[-96.740262110836795,40.809795126099083],[-96.742039182072148,40.809829933964451],[-96.742084974091142,40.808479704700481],[-96.743862012467844,40.808514483574235],[-96.743816256413808,40.809864714484256],[-96.745593333859333,40.809899467658354],[-96.74554761066905,40.811249699853796],[-96.74732472718388,40.811284427325567],[-96.747370414406291,40.809934193486598],[-96.749147498052238,40.80996889196885]]],[[[-96.750559575851497,40.820805450025709],[-96.748782201294048,40.82077076576023],[-96.748827874230969,40.819420532793607],[-96.747050538757151,40.819385822814354],[-96.747096244578543,40.818035591131135],[-96.748873544069639,40.81807029946777],[-96.750650846658729,40.818104980450514],[-96.750696477418899,40.816754745124165],[-96.752473747122778,40.81678939711292],[-96.75242815234337,40.818139634079252],[-96.752382554470842,40.819489870686468],[-96.754159899232036,40.81952449859979],[-96.754114334252023,40.820874736486708],[-96.752336953504965,40.820840106934583],[-96.750559575851497,40.820805450025709]]],[[[-96.741764364717554,40.817931301999316],[-96.741718550949443,40.819281528746899],[-96.743495877113958,40.819316320790861],[-96.743541654900071,40.817966092396773],[-96.745318948187872,40.818000855440758],[-96.745273206383999,40.819351085480065],[-96.747050538757151,40.819385822814354],[-96.747004829835092,40.820736054138273],[-96.745227461477029,40.820701315159994],[-96.745181713466707,40.822051544480537],[-96.743404312224868,40.82201677650071],[-96.743450096222304,40.820666548825507],[-96.741672734073347,40.820631755134976],[-96.739895375032631,40.820596934088535],[-96.738118019102544,40.820562085686312],[-96.736340666285557,40.820527209928443],[-96.736386591113515,40.819176988487833],[-96.734609277395535,40.819142087026215],[-96.73283196679526,40.819107158210521],[-96.731054659315134,40.819072202040886],[-96.73110068897023,40.817721985199491],[-96.732877960469779,40.817756939714847],[-96.734655235089249,40.817791866877577],[-96.734701189665486,40.816441646369178],[-96.736478431423819,40.816476544527511],[-96.736432512826184,40.817826766687517],[-96.738209793678195,40.81786163914456],[-96.738163907946785,40.819211862595246],[-96.739941227892913,40.81924670934832],[-96.73998707764278,40.817896484248529],[-96.741764364717554,40.817931301999316]]],[[[-96.73218772762614,40.838010179364105],[-96.732233765004722,40.836659965906712],[-96.734011543577196,40.836694916217027],[-96.733965542213539,40.838045131328322],[-96.733919537728795,40.839395346079748],[-96.732141687124027,40.839360392461565],[-96.73218772762614,40.838010179364105]]],[[[-96.735743359922026,40.838080055920358],[-96.735789325270517,40.836729839156469],[-96.737567110082239,40.836764734724873],[-96.737521180749155,40.838114953140085],[-96.735743359922026,40.838080055920358]]],[[[-96.704944563663375,40.750999231369406],[-96.704898112971478,40.752349439247126],[-96.706673610200681,40.752384751067098],[-96.708449110577121,40.752420035598647],[-96.708402728455766,40.75377024645789],[-96.706627192219088,40.753734960255883],[-96.706580771090003,40.755085169084062],[-96.708356343189351,40.755120456956554],[-96.708309954777633,40.756470667094689],[-96.706534346813186,40.756435377551611],[-96.704758741996727,40.756400060716231],[-96.702983140330687,40.75636471658872],[-96.702936641171576,40.75771492135047],[-96.702890138859416,40.759065125751455],[-96.70466581226195,40.75910047322548],[-96.704619342668352,40.760450678939058],[-96.704572869923609,40.761800884291894],[-96.702797124774875,40.761765533471085],[-96.702750613002024,40.763115736789722],[-96.704526394027525,40.763151089284023],[-96.7044799149798,40.764501293915423],[-96.704433432780206,40.765851498186095],[-96.704386947428546,40.767201702096017],[-96.70434045892452,40.768551905645197],[-96.70429396726793,40.76990210883362],[-96.704247472458505,40.771252311661307],[-96.706023471948498,40.771287646891615],[-96.705977009879987,40.772637851031185],[-96.707753048414858,40.772673160626397],[-96.707706619092122,40.774023366076712],[-96.7076601866207,40.775373571166377],[-96.705884076290076,40.775338258228224],[-96.705837604768206,40.77668846128568],[-96.70579113009471,40.7780386639824],[-96.707567312230793,40.778073980263791],[-96.707520870311825,40.779424184271491],[-96.709297091503942,40.779459474910219],[-96.709250682344376,40.780809680227769],[-96.711026942593008,40.780844945221176],[-96.710980566197691,40.782195151847375],[-96.71093418665707,40.783545358113017],[-96.712710521877128,40.783580599126509],[-96.712664175107804,40.784930806699712],[-96.714440549388016,40.784966022061354],[-96.714394235394863,40.786316230940933],[-96.714347918260572,40.787666439460111],[-96.714301597984871,40.789016647618851],[-96.714255274567549,40.79036685541714],[-96.714208948008348,40.791717062854993],[-96.714162618307043,40.793067269932386],[-96.714116285463376,40.794417476649329],[-96.714069949477107,40.795767683005792],[-96.715846614324249,40.795802884373913],[-96.715800311134345,40.797153092036041],[-96.715754004803784,40.79850329933776],[-96.717530744672658,40.798538476705041],[-96.717484471145511,40.799888685311302],[-96.715707695332341,40.799853506279071],[-96.715661382719759,40.801203712859945],[-96.717438194479683,40.801238893557219],[-96.717391914674891,40.80258910144277],[-96.71561506696581,40.802553919080403],[-96.71556874807024,40.803904124940431],[-96.715522426032805,40.805254330440022],[-96.715476100853294,40.806604535579147],[-96.715429772531422,40.807954740357836],[-96.717206764061544,40.807989929381257],[-96.717160468558447,40.809340135464915],[-96.715383441066976,40.809304944776066],[-96.713606416718321,40.809269726743736],[-96.713652784143875,40.807919523992219],[-96.713699148424411,40.806569320880193],[-96.713745509560169,40.805219117407646],[-96.713791867551393,40.803868913574576],[-96.712014990176854,40.803833674870553],[-96.712061380974902,40.802483472344726],[-96.712107768626481,40.801133269458347],[-96.713884574101215,40.80116850482694],[-96.713930922660296,40.799818299912388],[-96.713977268075809,40.798468094637336],[-96.71220053449116,40.798432862603896],[-96.712246912704728,40.797082658635851],[-96.712293287772795,40.795732454307242],[-96.712339659695587,40.794382249618124],[-96.712386028473347,40.79303204456847],[-96.710609441784442,40.792996791876845],[-96.708832858242772,40.792961511857676],[-96.708879295738328,40.791611309785793],[-96.707102751277233,40.791576004110269],[-96.707056277850739,40.792926204511062],[-96.705279700610802,40.792890869837173],[-96.705326209967993,40.791540671108763],[-96.705372716170899,40.790190472019567],[-96.703596213943939,40.79015511336582],[-96.703642752918398,40.788804915589381],[-96.705419219219777,40.788840272569601],[-96.705465719114855,40.787490072758835],[-96.703689288736641,40.787454717452093],[-96.703735821398908,40.786104518953977],[-96.703782350905428,40.784754320095026],[-96.705558709444631,40.784789672055041],[-96.705605199879813,40.783439471161998],[-96.703828877256456,40.783404120875268],[-96.703875400452233,40.782053921294683],[-96.703921920493002,40.780703721353277],[-96.70396843737899,40.779353521051085],[-96.702192225643159,40.77931814846967],[-96.702145672848829,40.780668347097517],[-96.702099116897315,40.782018545364473],[-96.702052557788349,40.783368743270579],[-96.702005995521716,40.784718940815772],[-96.701959430097133,40.786069138000094],[-96.701912861514401,40.787419334823518],[-96.700136437450567,40.787383924873239],[-96.698360016547582,40.787348487601413],[-96.696583598807877,40.787313023008167],[-96.696536919299447,40.788663214438643],[-96.696490236625095,40.79001340550802],[-96.69471375020477,40.789977910233581],[-96.694760468803509,40.788627720844204],[-96.692984021475951,40.788592199927336],[-96.692937266953095,40.789942387635435],[-96.691160786872459,40.789906837713694],[-96.69111399325223,40.791257023377895],[-96.689337480419027,40.791221444448801],[-96.68938430996532,40.789871260468544],[-96.687607836234093,40.789835655900085],[-96.68583136568121,40.789800024008485],[-96.684054898309142,40.789764364793889],[-96.682278434120263,40.789728678256409],[-96.682325404182734,40.788378500663164],[-96.680548979101928,40.788342788493296],[-96.678772557208944,40.788307049002142],[-96.678819595925745,40.786956874429052],[-96.678866631452522,40.785606699494188],[-96.680642981508456,40.785642435602306],[-96.682419334751742,40.785678144391724],[-96.684195691179923,40.785713825862295],[-96.684148763405801,40.787064005867734],[-96.685925158934509,40.787099661706925],[-96.685972050790596,40.785749480013877],[-96.687748413581318,40.785785106846312],[-96.687701557643521,40.787135290225685],[-96.689477959530393,40.787170891423877],[-96.689524779549672,40.785820706359488],[-96.691301148693185,40.78585627855324],[-96.691347929620932,40.784506091443809],[-96.693124266020632,40.78454163463563],[-96.693077521009485,40.785891823427434],[-96.694853896496085,40.785927340981921],[-96.694900605590405,40.784577150509037],[-96.694947311517083,40.783226959674998],[-96.694994014276361,40.78187676847979],[-96.695040713868465,40.780526576923442],[-96.696816948869255,40.78056206043933],[-96.69686360938708,40.779211866842324],[-96.696910266740673,40.777861672884235],[-96.696956920930262,40.776511478565105],[-96.697003571956088,40.775161283884898],[-96.697050219818408,40.773811088843658],[-96.698826278470023,40.773846536654219],[-96.698872887273623,40.77249633957404],[-96.700648913190378,40.772531758399495],[-96.70069548294012,40.7711815592818],[-96.698919492916616,40.771146142132885],[-96.697143506053465,40.77111069767804],[-96.695367522353095,40.771075225917428],[-96.695414196616667,40.769725031472142],[-96.693638251971606,40.769689534086226],[-96.693684958957874,40.768339340960104],[-96.695460867715269,40.768374836665728],[-96.695507535649128,40.76702464149826],[-96.693731662776997,40.766989147472842],[-96.69195579307177,40.766953626145799],[-96.692002529606526,40.765603433978811],[-96.692049262972191,40.764253241450618],[-96.693825060914705,40.76428875941486],[-96.693871755233815,40.762938564844163],[-96.692095993169019,40.76290304856122],[-96.692142720197211,40.761552855310647],[-96.692189444057036,40.760202661698862],[-96.692236164748749,40.758852467725902],[-96.694011819194984,40.75888797896534],[-96.694058500850815,40.757537782950152],[-96.694105179341435,40.756187586573873],[-96.692329596628767,40.756152078696438],[-96.6905540170835,40.756116543527831],[-96.690600764135212,40.754766350153531],[-96.692376307817568,40.754801883639942],[-96.692423015839211,40.753451688222306],[-96.694198526828004,40.753487192738007],[-96.69597404098127,40.753522669965001],[-96.695927404681314,40.754872868743021],[-96.697702957857842,40.754908320359391],[-96.697749558296607,40.753558119903126],[-96.699525078771543,40.753593542552245],[-96.69957164019165,40.752243340058122],[-96.69779615557573,40.752207919085905],[-96.697842749695468,40.750857717907742],[-96.69606730409528,40.750822271325909],[-96.696113930909803,40.749472071464844],[-96.696160554563008,40.74812187124278],[-96.697935928457767,40.748157314468578],[-96.697889340656076,40.749507516368617],[-96.699664753561237,40.749542933987264],[-96.699711305511201,40.74819273041053],[-96.69975785430492,40.746842526472918],[-96.697982513100825,40.746807112207598],[-96.696207175055136,40.746771670659712],[-96.696253792386415,40.745421469715659],[-96.6963004065571,40.744071268410636],[-96.696347017567433,40.742721066744622],[-96.696393625417656,40.741370864717638],[-96.69644023010801,40.740020662329677],[-96.69466507443093,40.73998520189442],[-96.692889921915906,40.739949714183318],[-96.691114772565371,40.739914199196541],[-96.689339626381724,40.739878656934216],[-96.689292878346009,40.741228852598951],[-96.687517699495942,40.741193281377207],[-96.687564483367396,40.739843087396494],[-96.685789343524803,40.739807490583516],[-96.685742523817879,40.741157682878899],[-96.683967351314237,40.741122057104178],[-96.683920492595206,40.742472247351536],[-96.682145287430984,40.742436592612592],[-96.68037008544627,40.742400910596253],[-96.678594886643481,40.742365201302619],[-96.676819691025074,40.74232946473186],[-96.676866693092336,40.740979281244101],[-96.676913691973041,40.739629097394655],[-96.67696068766746,40.738278913183493],[-96.678735775783082,40.738314644678965],[-96.678782732462025,40.736964458414469],[-96.680557787931605,40.73700016094633],[-96.680604705599919,40.73564997262995],[-96.680651620087531,40.734299783952039],[-96.680698531394668,40.732949594912562],[-96.682473482570032,40.732985265105548],[-96.684248436923198,40.733020908030156],[-96.686023394451752,40.733056523686223],[-96.685976590613251,40.734406717788367],[-96.685929783601551,40.73575691152918],[-96.684154754424327,40.7357212925005],[-96.684107908411221,40.737071484193557],[-96.685882973416398,40.737107104908652],[-96.685836160057576,40.738457297926765],[-96.687611264067087,40.738492893054492],[-96.68765804159527,40.737142698351185],[-96.689433112945409,40.737178264521056],[-96.691208187464383,40.737213803418108],[-96.691161481598201,40.738564001487902],[-96.692936595114958,40.738599514793293],[-96.692983265149763,40.737249315042185],[-96.694758345999148,40.737284799393152],[-96.694804977040775,40.735934597601009],[-96.696580025222303,40.735970053000067],[-96.696626617275612,40.734619849168318],[-96.698401632788759,40.734655275617968],[-96.698355076562706,40.736005481127044],[-96.700130131059581,40.736040881981765],[-96.70017665145815,40.734690674796681],[-96.701951673281343,40.734726046704282],[-96.701905188710512,40.736076255564114],[-96.70368024951307,40.736111601873951],[-96.703633797620995,40.737461812046568],[-96.705408897403402,40.737497132755955],[-96.705362478194957,40.738847344240163],[-96.70358734257951,40.738812021858479],[-96.703540884388303,40.740162231309718],[-96.705316055839262,40.74019755536375],[-96.705269630336076,40.7415477661267],[-96.707044840772681,40.741583064575217],[-96.70699844796232,40.742933276648742],[-96.706952052006415,40.744283488361702],[-96.708727337272407,40.744318762872005],[-96.708680974016389,40.745668975894418],[-96.706905652904695,40.745633699714077],[-96.706859250656947,40.746983910705872],[-96.70863460761673,40.747019188556322],[-96.708588238073219,40.748369400857698],[-96.708541865385612,40.749719612798565],[-96.706766436722347,40.749684331607682],[-96.706720025035025,40.751034541517697],[-96.704944563663375,40.750999231369406]],[[-96.705083896843462,40.746948605572165],[-96.705037455599125,40.748298814531907],[-96.706812845262903,40.748334121337081],[-96.706859250656947,40.746983910705872],[-96.705083896843462,40.746948605572165]],[[-96.70738152565599,40.783474794130626],[-96.70733507113691,40.784824996695633],[-96.709111435979821,40.784860294016717],[-96.709157854582543,40.783510089781025],[-96.70738152565599,40.783474794130626]],[[-96.695600862023653,40.764324250080058],[-96.697376666296591,40.764359713446062],[-96.69742328885954,40.763009515516629],[-96.695647520464803,40.762974053829339],[-96.695600862023653,40.764324250080058]]],[[[-96.721038032185533,40.7999589613719],[-96.721084233823333,40.79860874943958],[-96.722860983100276,40.79864384480657],[-96.72281481740751,40.799994058399967],[-96.721038032185533,40.7999589613719]]],[[[-96.72782269937025,40.809550705376935],[-96.729599748793319,40.809585704657465],[-96.729553701903043,40.810935922003019],[-96.72777661651449,40.810900921066043],[-96.72782269937025,40.809550705376935]]],[[[-96.714873587478337,40.824157169584822],[-96.714827218284029,40.825507369677126],[-96.714780845943977,40.82685756940888],[-96.713003353879373,40.826822329703084],[-96.712956942398151,40.828172527406657],[-96.712910527768258,40.829522724749616],[-96.711132966859694,40.829487454345688],[-96.711086513081085,40.830837649658953],[-96.711040056150907,40.832187844611518],[-96.710993596068903,40.83353803920339],[-96.710947132834846,40.834888233434555],[-96.710900666448495,40.836238427305013],[-96.712678407380622,40.836273706055017],[-96.71263197385376,40.837623901234174],[-96.712585537176523,40.838974096052681],[-96.71253909734871,40.840324290510523],[-96.712492654370067,40.841674484607708],[-96.712446208240337,40.843024678344229],[-96.712399758959279,40.844374871720063],[-96.710621801918393,40.844339582952557],[-96.710575313459117,40.845689774297888],[-96.708797323545795,40.84565445648245],[-96.708750795903427,40.847004645795856],[-96.708704265104117,40.84835483474842],[-96.708657731147639,40.849705023340157],[-96.70861119403375,40.851055211571051],[-96.706833063148011,40.851019859687341],[-96.706786486838098,40.852370045884655],[-96.706739907367819,40.853720231721056],[-96.70669332473696,40.855070417196508],[-96.706646738945295,40.85642060231104],[-96.708425013999175,40.85645596088613],[-96.708378461094568,40.857806147312736],[-96.708331905031073,40.859156333378472],[-96.706553557878465,40.859120971457294],[-96.706600149992539,40.857770787064638],[-96.704821842051814,40.857735399427064],[-96.704775213887402,40.859085582145347],[-96.702996873060357,40.859050165442767],[-96.702950205679414,40.860400346124301],[-96.702903535131782,40.861750526444752],[-96.701125125364143,40.861715078997548],[-96.699346718765881,40.861679604157409],[-96.69939346142273,40.860329427192447],[-96.697615094050533,40.860293926639187],[-96.697568315339439,40.861644101924462],[-96.695789915087232,40.861608572298863],[-96.694011518011735,40.861573015280747],[-96.692233124115376,40.86153743087025],[-96.692186234061424,40.862887600747229],[-96.692139340825648,40.864237770262697],[-96.690360877997023,40.864202155090041],[-96.690407807290939,40.862851987259567],[-96.6904547334006,40.86150181906752],[-96.688676345869837,40.861466179872693],[-96.686897961525545,40.86143051328591],[-96.686850963305204,40.86278067810423],[-96.688629383704708,40.862816346378523],[-96.688582418352894,40.864166512522708],[-96.688535449814111,40.865516678305241],[-96.690313945518568,40.865552322558941],[-96.69026700985539,40.866902489666252],[-96.688488478088118,40.866866843726129],[-96.686709949508327,40.866831170388892],[-96.686662938529906,40.868181333760333],[-96.68488437707525,40.868145631337029],[-96.684837326839514,40.869495792657595],[-96.684790273410954,40.870845953616346],[-96.684743216789329,40.872196114213288],[-96.682964550319113,40.872160379320313],[-96.682917454429898,40.873510537864796],[-96.68287035534469,40.874860696047385],[-96.682823253063233,40.876210853868081],[-96.682776147585272,40.877561011326868],[-96.680997340000076,40.87752524226385],[-96.680950195241593,40.878875397668509],[-96.679171354772038,40.878839599505064],[-96.679218535614083,40.877489445793891],[-96.677439734429726,40.877453621917176],[-96.677486948150985,40.876103469538698],[-96.675708186251299,40.876067619951378],[-96.675660936449418,40.877417770633834],[-96.673882141675662,40.877381891943983],[-96.673929427557894,40.876031742958851],[-96.672150672073201,40.875995838561295],[-96.670371919799663,40.875959906758808],[-96.670419274628273,40.874609760809854],[-96.670466626243524,40.873259614498494],[-96.668687949335506,40.873223658693462],[-96.668735333809934,40.87187351372075],[-96.668782715069057,40.870523368385612],[-96.667004113518217,40.870487388583058],[-96.667051527629454,40.869137244587677],[-96.66527296536303,40.869101239089282],[-96.663494406316275,40.869065206193042],[-96.663541889338944,40.867715065243203],[-96.663589369139714,40.86636492393076],[-96.66536785606047,40.866400953417724],[-96.665415296580264,40.86505081003812],[-96.665462733881142,40.863700666295991],[-96.667241151904364,40.863736664981239],[-96.667288549931826,40.862386519173469],[-96.667335944743272,40.861036373003238],[-96.667383336338958,40.859686226470558],[-96.665605026472505,40.859650232894438],[-96.665652450900055,40.858300087702226],[-96.663874180298663,40.858264068441507],[-96.662095912917422,40.858228021793416],[-96.662048416395876,40.859578163575932],[-96.662000916651493,40.860928304995802],[-96.660222580397146,40.860892227546849],[-96.660270116190603,40.859542087833837],[-96.658491819210596,40.859505984703368],[-96.656713525458315,40.859469854184667],[-96.654935234936204,40.859433696277875],[-96.654887590997035,40.860783830862545],[-96.653109267659431,40.860747643855788],[-96.651330947557142,40.860711429459933],[-96.651378663592212,40.859361298300627],[-96.651426376389807,40.858011166778255],[-96.649648131617937,40.857974928422628],[-96.647869890085758,40.857938662680787],[-96.647917671731236,40.856588534225615],[-96.649695877220978,40.856624798251694],[-96.649743619584598,40.85527466771763],[-96.649791358709052,40.853924536820458],[-96.65156949536015,40.853960770032849],[-96.651617195210292,40.852610637058305],[-96.651664891824211,40.851260503720724],[-96.651712585202134,40.849910370020133],[-96.649934556649839,40.84987414195038],[-96.649982282820076,40.84852400960083],[-96.648204293533752,40.848487755867993],[-96.6464263074878,40.848451474758136],[-96.644648324684667,40.848415166271415],[-96.642870345126752,40.848378830407967],[-96.642918212159032,40.847028704564302],[-96.641140271873169,40.846992343044732],[-96.641092368816544,40.848342467167917],[-96.641044462509782,40.84969259092771],[-96.639266453423133,40.849656198589408],[-96.639314395756443,40.848306076551467],[-96.637536425948923,40.848269658558692],[-96.637584401053545,40.846919537880311],[-96.635806470524614,40.84688309423575],[-96.635758459396399,40.848233213189779],[-96.635710445010716,40.849583331780181],[-96.633932445689837,40.849546857309555],[-96.633980496101316,40.84819674044487],[-96.632202536066103,40.848160240324084],[-96.630424579293219,40.848123712827601],[-96.628646625785095,40.84808715795554],[-96.626868675544173,40.848050575708072],[-96.625090728572872,40.848013966085304],[-96.623312784873661,40.847977329087428],[-96.623361048160135,40.846627222240066],[-96.62340930817237,40.845277115028601],[-96.62163143978843,40.845240454125054],[-96.62158314375705,40.846590559601893],[-96.619805242630648,40.846553869590181],[-96.618027344783386,40.84651715220506],[-96.616249450217708,40.846480407446684],[-96.614471558936046,40.846443635315211],[-96.612693670940828,40.846406835810761],[-96.612742147064239,40.845056739026461],[-96.610964298375578,40.845019913891591],[-96.611012807225549,40.843669818485083],[-96.609234997842904,40.843632967722449],[-96.609283539414562,40.842282873694899],[-96.60750576933745,40.84224599730716],[-96.607554343625921,40.840895904659732],[-96.60933207769321,40.840932779302705],[-96.609380612679118,40.83958268454586],[-96.611158314031513,40.839619530078089],[-96.612936018673992,40.839656348244105],[-96.61471372660408,40.839693139043767],[-96.616491437819377,40.83972990247694],[-96.618269152317424,40.839766638543473],[-96.618317503982283,40.838416534718263],[-96.618365852367077,40.837066430528779],[-96.620143498134922,40.837103135754859],[-96.620095185754167,40.838453241681137],[-96.621872870803671,40.838489921278367],[-96.62192114718016,40.837139813616588],[-96.623698799500332,40.837176464113817],[-96.625476455092993,40.837213087246411],[-96.625428250725832,40.838563198375326],[-96.627205945593602,40.838599795874757],[-96.627254113955729,40.837249683014228],[-96.629031776086066,40.837286251417105],[-96.629079905177719,40.835936136462365],[-96.630857534570154,40.835972675771202],[-96.632635167225075,40.836009187716101],[-96.632587110139895,40.837359306127475],[-96.634364782058483,40.837395792434677],[-96.636142457234939,40.837432251376377],[-96.637920135666846,40.837468682952419],[-96.637968084740464,40.836118559365765],[-96.639745730420998,40.836154961853495],[-96.639697817351745,40.837505087162654],[-96.641475502287207,40.837541464006947],[-96.643253190470787,40.83757781348514],[-96.643301031530569,40.836227684734851],[-96.645078686954733,40.836264005128186],[-96.645030881900041,40.8376141355971],[-96.646808576572553,40.83765043034267],[-96.64685634562187,40.836300298156438],[-96.648634007529594,40.836336563819444],[-96.648681737335181,40.83498642955405],[-96.650459366477605,40.835022666137007],[-96.652236998855457,40.835058875355742],[-96.652284653420963,40.833708737299325],[-96.652332304753742,40.832358598879978],[-96.650554744375924,40.832322393087821],[-96.648777187233037,40.832286159934021],[-96.648729463902924,40.833636294925583],[-96.646951873999114,40.833600032694441],[-96.646999633327511,40.832249899418713],[-96.645222082661817,40.832213611542066],[-96.645174287335365,40.833563743100655],[-96.645126488766422,40.834913874296035],[-96.643348869344948,40.834877555621254],[-96.643396703914121,40.833527426144364],[-96.641619123737797,40.833491081825713],[-96.641571253168635,40.834841209582827],[-96.639793640239958,40.834804836180894],[-96.639841546808853,40.833454710144871],[-96.638063973129718,40.833418311101937],[-96.638111912445851,40.832068186424785],[-96.636334378015761,40.832031761743522],[-96.636382350074257,40.830681638426391],[-96.6346048548927,40.830645188109465],[-96.634556846840098,40.831995309701774],[-96.63450883553061,40.833345430930457],[-96.632731271615526,40.833308949802202],[-96.630953710960014,40.833272441312438],[-96.630905624396206,40.834622558723702],[-96.629128031004441,40.834586021143778],[-96.629176153566462,40.833235905461343],[-96.627398599437356,40.833199342249046],[-96.62735044087735,40.834549456201358],[-96.625572854017378,40.834512863896592],[-96.623795270426982,40.834476244229634],[-96.62384350098219,40.833126133741452],[-96.62206595666099,40.833089488446433],[-96.620288415613985,40.833052815790793],[-96.618510877843576,40.83301611577469],[-96.616733343352237,40.832979388398265],[-96.614955812142384,40.832942633661666],[-96.61500421939725,40.831592531492021],[-96.613226727464848,40.831555751135781],[-96.613275167427133,40.830205650342087],[-96.611497714771659,40.830168844368878],[-96.609720265404491,40.830132011038508],[-96.609671753460788,40.831482108347672],[-96.607894271394017,40.831445245916086],[-96.606116792620668,40.831408356126353],[-96.606165376544766,40.830058262306899],[-96.606213957173253,40.828708168122709],[-96.604436553672954,40.828671254468468],[-96.604387937057083,40.830021346905944],[-96.602610500867456,40.829984404148441],[-96.602659153470455,40.82863431345897],[-96.600881756568171,40.828597345094337],[-96.600930441855382,40.827247255789239],[-96.602707802773253,40.827284222404643],[-96.602756448776063,40.825934130985452],[-96.602805091479183,40.824584039201419],[-96.604582383734922,40.824620974967303],[-96.604630987161187,40.823270881070677],[-96.602853730882828,40.823233947052515],[-96.602902366987294,40.821883854538804],[-96.602950999792796,40.820533761660243],[-96.604728184123672,40.820570692183146],[-96.604776777660405,40.819220597192221],[-96.604825367901114,40.817870501836559],[-96.603048255507971,40.817833574808638],[-96.603096878418128,40.816483480835622],[-96.601319805288128,40.816446528211564],[-96.601271146412984,40.817796620435935],[-96.599494040618637,40.81775963871857],[-96.597716938127348,40.817722629656721],[-96.597668204017566,40.819072718014816],[-96.595891068865143,40.819035679856],[-96.595939838941561,40.817685593250516],[-96.594162743063677,40.817648529500119],[-96.594211545796099,40.816298444283383],[-96.59426034521843,40.814948358701479],[-96.594309141330896,40.813598272754433],[-96.596086129324263,40.813635331243518],[-96.596134886170489,40.812285243177698],[-96.596183639709821,40.810935154746801],[-96.597960559098979,40.810972182390941],[-96.598009273379645,40.809622091842783],[-96.599786160120743,40.809659090398135],[-96.599737481792374,40.811009182697205],[-96.601514407787533,40.81104615566543],[-96.60146576211234,40.812396249349256],[-96.603242727362087,40.812433196727689],[-96.605019695908993,40.812470116766512],[-96.605068269673495,40.811120019587165],[-96.603291337082055,40.811083101295466],[-96.603339943505105,40.809733005498458],[-96.605116840143495,40.809769922043124],[-96.605165407319262,40.808419824134376],[-96.606942271301023,40.8084567115962],[-96.606893740076117,40.80980681125061],[-96.606845205559409,40.811156910540404],[-96.608622144737382,40.811193774155022],[-96.610399087204982,40.811230610430847],[-96.610350621308442,40.81258071284374],[-96.612127603019701,40.81261752352259],[-96.61390458801597,40.812654306861091],[-96.615681576294804,40.812691062859088],[-96.617458567853788,40.812727791516444],[-96.617410242507006,40.814077900525085],[-96.615633214988364,40.81404117012962],[-96.613856190750084,40.814004412392194],[-96.61207916979464,40.813967627312977],[-96.610302152124461,40.813930814892117],[-96.610253679652786,40.815280916575972],[-96.612030733284328,40.815317730738904],[-96.611982293488509,40.816667833800395],[-96.613759386369608,40.816704622361243],[-96.61371097925452,40.818054726799197],[-96.611933850406928,40.818017936497419],[-96.610156724845368,40.81798111885012],[-96.610108242509114,40.819331219440407],[-96.610059756884155,40.820681319666122],[-96.610011267970251,40.822031419527292],[-96.611788501445091,40.822068242401656],[-96.611740045217928,40.823418343640775],[-96.613517317955768,40.823455140906937],[-96.615294593978206,40.823491910822256],[-96.617071873282796,40.823528653386596],[-96.617120221580535,40.822178546927745],[-96.618897468187868,40.822215260403631],[-96.620674718072223,40.822251946529533],[-96.622451971231186,40.822288605305303],[-96.624229227662326,40.822325236730791],[-96.624277428780928,40.820975122966409],[-96.626054652506227,40.82101172530939],[-96.626006487363185,40.822361840805861],[-96.627783750331318,40.822398417530366],[-96.629561016564324,40.822434966904147],[-96.629609109755521,40.82108484794739],[-96.631386343274642,40.82112136824211],[-96.631338286059744,40.822471488927093],[-96.633115558815149,40.822507983599024],[-96.634892834828108,40.8225444509198],[-96.636670114096191,40.822580890889292],[-96.636622161559018,40.82393101638764],[-96.638399480059519,40.823967430728793],[-96.640176801810497,40.824003817717077],[-96.641954126809537,40.824040177352344],[-96.642001971406714,40.82269004668855],[-96.640224682387924,40.822653688773819],[-96.640272559717545,40.821303559467189],[-96.63849530992411,40.821267175922458],[-96.636718063380656,40.821230765027451],[-96.634940820089653,40.82119432678229],[-96.634988802096316,40.819844202281203],[-96.633211598034535,40.81980773841159],[-96.633259612758536,40.818457615272415],[-96.633307624225736,40.817107491769598],[-96.633355632436377,40.815757367903153],[-96.631578539539404,40.815720881865118],[-96.629801449901137,40.815684368482536],[-96.628024363524048,40.815647827755555],[-96.626247280410553,40.815611259684317],[-96.626295429220917,40.814261142368302],[-96.624518385336827,40.814224548684713],[-96.622741344720964,40.814187927658445],[-96.620964307375758,40.814151279289661],[-96.619187273303623,40.814114603578496],[-96.619235562690463,40.812764492833004],[-96.621012560802399,40.812801166808619],[-96.621060810956223,40.811451053963488],[-96.622837776382994,40.81148769886385],[-96.62461474507991,40.81152431642424],[-96.626391717044555,40.811560906644573],[-96.626439856058326,40.810210788236887],[-96.628216795331923,40.810247349386749],[-96.629993737868105,40.810283883197513],[-96.629945670767228,40.811634005064391],[-96.631722652520409,40.811670513263593],[-96.633499637531557,40.811706994122126],[-96.635276625798269,40.811743447639849],[-96.637053617318074,40.811779873816626],[-96.638830612088555,40.811816272652294],[-96.640607610107295,40.811852644146711],[-96.642384611371838,40.811888988299749],[-96.644161615879739,40.811925305111245],[-96.644113833199555,40.813275440399991],[-96.645890876909661,40.813311731587206],[-96.645938623628595,40.811961594581057],[-96.647715634615949,40.811997856709063],[-96.64776334213731,40.81064771762378],[-96.649540320401414,40.810683950695072],[-96.649492648839384,40.8120340914951],[-96.651269666296443,40.81207029893902],[-96.651317301898914,40.810720156425546],[-96.653094286627351,40.810756334815061],[-96.653141883041457,40.809406190226618],[-96.651364934270404,40.809370013549184],[-96.651412563411213,40.808019870309899],[-96.649635653825555,40.807983668006109],[-96.649683315688165,40.806633526117174],[-96.647906445287433,40.806597298189679],[-96.647954139866982,40.805247157652246],[-96.646177308650678,40.805210904103696],[-96.646225035942308,40.80386076491893],[-96.646272759996933,40.802510625371077],[-96.646320480814808,40.801160485460144],[-96.646368198396146,40.799810345186145],[-96.644591514189131,40.799774071169729],[-96.644639264471152,40.798423932249364],[-96.646415912741247,40.798460204549087],[-96.648192564247353,40.798496449519902],[-96.648240239421682,40.797146306804429],[-96.646463623850323,40.797110063548956],[-96.64651133172363,40.795759922185781],[-96.644734755320087,40.795723653319257],[-96.644687011514719,40.797073792965875],[-96.642910402417314,40.797037495055321],[-96.642958182154501,40.79568735712656],[-96.643005958651301,40.794337218834613],[-96.643053731907969,40.792987080179493],[-96.643101501924761,40.791636941161201],[-96.644877967309498,40.79167323220075],[-96.644830233217235,40.793023372936688],[-96.646606737763946,40.793059638370295],[-96.648383245545659,40.793095876480152],[-96.648430907788153,40.791745732312783],[-96.650207382877198,40.791781941384983],[-96.650255005964524,40.790431795140961],[-96.648478566798303,40.790395587782463],[-96.646702130864185,40.790359353102673],[-96.646749822562398,40.789009209924316],[-96.646797511026321,40.78765906638295],[-96.646845196256237,40.786308922478582],[-96.648621524437203,40.786345152013794],[-96.648669170520492,40.784995006031679],[-96.646892878252388,40.784958778211198],[-96.646940557015,40.783608633580819],[-96.648716813372673,40.783644859686646],[-96.648764452994001,40.782294712978697],[-96.650540676674268,40.782330910056402],[-96.650588277159187,40.780980761272289],[-96.650635874416196,40.779630612125352],[-96.650683468445507,40.778280462615577],[-96.650731059247406,40.776930312742977],[-96.648954979175841,40.776894122517781],[-96.649002602646661,40.775543973995298],[-96.650778646822133,40.775580162507538],[-96.65082623116993,40.774230011909289],[-96.650873812291039,40.772879860948237],[-96.649097839900477,40.772843675861701],[-96.649145453683971,40.77149352625058],[-96.647369520410834,40.771457315573564],[-96.647417166851852,40.770107167313547],[-96.645641272695642,40.7700709310487],[-96.643865381772642,40.770034667482221],[-96.643913096749557,40.768684522290947],[-96.643960808491045,40.767334376736613],[-96.642184992567209,40.767298089304091],[-96.642232736951641,40.765947945104351],[-96.642280478098755,40.76459780054148],[-96.64405622226883,40.764634084538805],[-96.644008516997388,40.765984230819235],[-96.645784300278024,40.766020489236489],[-96.645736627650038,40.767370636870211],[-96.647512450041759,40.767406869704736],[-96.649288275663778,40.76744307524006],[-96.651064104513665,40.767479253476019],[-96.65283993658899,40.767515404412478],[-96.654615771887336,40.767551528049289],[-96.654568275434258,40.768901683882746],[-96.656344149835448,40.768937781928443],[-96.656296686046232,40.770287939107995],[-96.658072599550778,40.770324011559921],[-96.658025168430285,40.771674170084388],[-96.657977734093336,40.77302432824635],[-96.656201748811611,40.772988252379307],[-96.656154275365708,40.774338408471088],[-96.657930296539661,40.774374486045765],[-96.657882855769031,40.77572464348264],[-96.657835411781178,40.777074800556974],[-96.657787964575888,40.778424957268761],[-96.657740514152877,40.779775113617987],[-96.659516682138005,40.779811170712286],[-96.659469264401665,40.781161328405652],[-96.659421843449564,40.782511485736528],[-96.659374419281434,40.783861642704885],[-96.661150698203997,40.783897677603797],[-96.661103306731761,40.785247835915257],[-96.659326991897046,40.78521179931073],[-96.659279561296145,40.786561955554077],[-96.659232127478475,40.787912111434885],[-96.661008514144825,40.787948151450834],[-96.660961113029629,40.789298308674937],[-96.660913708699582,40.79064846553657],[-96.65913725019189,40.7906124221089],[-96.657360794901678,40.790576351359057],[-96.657313315508176,40.791926504444994],[-96.659089806722463,40.79196257690208],[-96.659042360035272,40.79331273133274],[-96.660818890394054,40.793348778172394],[-96.662595423968398,40.793384797687168],[-96.662642798801826,40.79203463984576],[-96.664419299662057,40.792070630332056],[-96.664371960755872,40.793420789876912],[-96.666148500754048,40.793456754741477],[-96.667925043960494,40.793492692280729],[-96.669701590372782,40.793528602494526],[-96.669654356046422,40.79487876677981],[-96.66960711851641,40.796228930702952],[-96.671383739995875,40.7962648169879],[-96.671430941592774,40.794914651366341],[-96.673207530340363,40.794950508625853],[-96.673254692805145,40.793600340945154],[-96.675031248820346,40.793636169181717],[-96.67507837215787,40.792285999443308],[-96.676854895440215,40.79232179865943],[-96.676807808031668,40.793671970092234],[-96.678584370436667,40.793707743676585],[-96.678631421915995,40.792357570550664],[-96.680407951582779,40.792393315116897],[-96.680360936032912,40.793743489934634],[-96.682137504817959,40.793779208866212],[-96.683914076789407,40.79381490047119],[-96.685690651944796,40.793850564749434],[-96.687467230281698,40.793886201700793],[-96.687514102111251,40.792536020128694],[-96.689290647696566,40.792571628067655],[-96.691067196458263,40.792607208680757],[-96.69102039649033,40.793957393622307],[-96.692796984357201,40.793992948592177],[-96.69457357539585,40.794028476234594],[-96.694526844121143,40.795378664179204],[-96.69448010967686,40.796728851762609],[-96.696256775755487,40.796764355438029],[-96.696210074080298,40.798114544340621],[-96.694433372062718,40.798079038984802],[-96.692656673215211,40.798043506297518],[-96.692609896489827,40.79939369147673],[-96.692563116591671,40.800743876294653],[-96.69078634903245,40.800708312909876],[-96.690833164873922,40.799358129775072],[-96.689056436433233,40.799322540740945],[-96.68910328504019,40.797972358929115],[-96.687326595717536,40.797936744248283],[-96.687279711170163,40.799286924374478],[-96.685502989087169,40.799251280675819],[-96.685456065417128,40.800601458753519],[-96.685409138564353,40.80195163646966],[-96.685362208528588,40.803301813824234],[-96.685315275309605,40.804651990817227],[-96.683538412625055,40.804616313032973],[-96.681761553126407,40.804580607911646],[-96.681714544819997,40.805930781164648],[-96.681667533324998,40.807280954055919],[-96.679890605109051,40.807245218215328],[-96.679937652558095,40.805895047015255],[-96.679984696816121,40.804544875453395],[-96.678207843696597,40.804509115658355],[-96.678160763487213,40.805859285527781],[-96.67811368008438,40.807209455035348],[-96.678066593487841,40.808559624181051],[-96.676289635700883,40.808523831967982],[-96.674512681110329,40.808488012414543],[-96.674465519403256,40.809838177809233],[-96.67624250995199,40.809873999057899],[-96.676195381006465,40.811224165785845],[-96.67797241071267,40.811259961386824],[-96.677925314533553,40.812610129446895],[-96.677878215159751,40.813960297145059],[-96.679655319989905,40.813996068788548],[-96.679608253389574,40.815346237817728],[-96.677831112591008,40.815310464481342],[-96.676053974987653,40.815274663797972],[-96.674276840581896,40.815238835767758],[-96.672499709376183,40.815202980390843],[-96.670722581372956,40.81516709766737],[-96.670675331728162,40.816517257856916],[-96.668898170960247,40.816481346087599],[-96.668850882138258,40.817831504215469],[-96.668803590108411,40.819181661981098],[-96.667026360602094,40.819145719462547],[-96.667073688606152,40.817795563397787],[-96.66529649828432,40.817759595231394],[-96.665343859049656,40.816409440506405],[-96.663566707911855,40.816373446694804],[-96.663614101433566,40.815023293310752],[-96.661836989479283,40.81498727385663],[-96.660059880742068,40.814951227056802],[-96.660012415283376,40.816301377030371],[-96.661789559988947,40.816337425536091],[-96.661742127281272,40.817687576853025],[-96.661694691356018,40.819037727807441],[-96.659917474706404,40.81900167588973],[-96.659869999587642,40.8203518247755],[-96.659822521248358,40.821701973298666],[-96.661599809851737,40.821738028628644],[-96.663377101673447,40.821774056606465],[-96.66515439671106,40.821810057231978],[-96.665201767115278,40.820459903594191],[-96.666979029387491,40.820495875164966],[-96.668756294870491,40.820531819384449],[-96.668708996424215,40.82188197642553],[-96.668661694769355,40.823232133104334],[-96.666884357325742,40.823196185482793],[-96.665107023093384,40.823160210507375],[-96.663329692074726,40.823124208178207],[-96.661552364272239,40.823088178495425],[-96.66150491547414,40.824438327999673],[-96.659727554907235,40.824402269257149],[-96.65795019756159,40.824366183160009],[-96.6579026735741,40.825716328887651],[-96.656125283467233,40.825680213727104],[-96.656077720268428,40.827030357383002],[-96.654300297400837,40.826994213156517],[-96.654252694985871,40.828344354739265],[-96.654205089341588,40.829694495959153],[-96.655982584190696,40.829730643606489],[-96.657760082266947,40.82976676389432],[-96.657712545382168,40.831116908171111],[-96.659490082678019,40.831153002807277],[-96.65944257856566,40.832503148429339],[-96.661220155081608,40.832539217411131],[-96.661172683746528,40.833889364377335],[-96.662950299483086,40.833925407702111],[-96.66290286093016,40.835275556011275],[-96.664680515887795,40.835311573676378],[-96.664633110121926,40.836661723327332],[-96.664585701139856,40.838011872615795],[-96.666363431327184,40.838047866321673],[-96.66814116472851,40.838083832659457],[-96.668188501694118,40.836733679966066],[-96.666410804301151,40.836697715330104],[-96.666458174061376,40.835347563976107],[-96.6665055406081,40.833997412259713],[-96.66828316599171,40.834033373492247],[-96.670060794586121,40.834069307360409],[-96.670013500046565,40.835419462478875],[-96.671791167853328,40.835455370681608],[-96.671743906111544,40.836805527136967],[-96.671696641163336,40.838155683230113],[-96.673474384192005,40.838191567462715],[-96.673521613131115,40.836841409671628],[-96.673568838866245,40.835491251518405],[-96.673616061397638,40.834141093003034],[-96.67539369960987,40.834176944777234],[-96.67717134102314,40.834212769186486],[-96.67894898563506,40.834248566230656],[-96.678901871117773,40.835598729831659],[-96.678854753404039,40.836948893070733],[-96.678807632493644,40.838299055947871],[-96.677029879859589,40.838263253821736],[-96.675252130424894,40.838227424326632],[-96.675204934293305,40.839577583452289],[-96.673427152048632,40.83954172489166],[-96.673379916700782,40.840891881958463],[-96.67160210164667,40.840855994329779],[-96.671554827077671,40.842206149336292],[-96.669776979214561,40.842170232637059],[-96.667999134561313,40.842134288565546],[-96.667951784747984,40.843484439809522],[-96.666173907288936,40.843448466663794],[-96.664396033044852,40.843412466144791],[-96.66434860797817,40.844762613620787],[-96.664301179693823,40.846112760734265],[-96.662523236624651,40.846076729432582],[-96.662570700931482,40.844726584023896],[-96.660792797104889,40.844690527052734],[-96.660745296775843,40.846040670755293],[-96.658967360149816,40.846004584702591],[-96.657189426749042,40.845968471274581],[-96.657141851148609,40.847318611198254],[-96.657094272320236,40.848668750759138],[-96.655316270096847,40.848632606535809],[-96.6552686520115,40.849982744023691],[-96.655221030695316,40.851332881148693],[-96.655173406148023,40.852683017910806],[-96.656951516465128,40.852719167264922],[-96.656903924722599,40.85406930537453],[-96.658682074304991,40.854105429056141],[-96.658729630011166,40.852755289237422],[-96.660507746783665,40.852791383828155],[-96.662285866780209,40.852827451036987],[-96.662333347191307,40.851477307441321],[-96.66411143437476,40.851513345562957],[-96.664063989998354,40.852863490863768],[-96.665842116435655,40.852899503308365],[-96.665794704877442,40.85424964995056],[-96.667572870569074,40.854285636715453],[-96.669351039475202,40.854321596096575],[-96.671129211593438,40.854357528093786],[-96.67290738692131,40.854393432706928],[-96.672954654327597,40.853043279261961],[-96.67473279682406,40.853079154793448],[-96.676510942525042,40.853115002941898],[-96.676558134651799,40.851764845741215],[-96.678336247518217,40.851800664811655],[-96.678383400408947,40.850450505554171],[-96.680161480440276,40.850486295549132],[-96.680114363584011,40.85183645650006],[-96.680067243530814,40.853186617089058],[-96.680020120280403,40.854536777316099],[-96.679972993832564,40.855886937181225],[-96.678194769648741,40.855851140412085],[-96.67814760395899,40.857201298221533],[-96.67810043506887,40.858551455668973],[-96.678053262978125,40.859901612754363],[-96.676274933855197,40.859865783514067],[-96.67622772251228,40.86121593854223],[-96.678006087686512,40.861251769477732],[-96.679784456061867,40.861287573022125],[-96.67983159530192,40.859937414604843],[-96.681609930824152,40.859973189065386],[-96.681657030816453,40.858623028593591],[-96.683435333485065,40.858658773972778],[-96.685213639346983,40.858694491963021],[-96.685260664048968,40.85734432774823],[-96.687038937054098,40.857380016660791],[-96.688817213247376,40.857415678185433],[-96.6905954926264,40.857451312322013],[-96.690642406001444,40.85610114268372],[-96.688864162668125,40.856065510233094],[-96.687085922520282,40.856029850395707],[-96.68530768556036,40.855994163171687],[-96.683529451790804,40.855958448561168],[-96.683576506154353,40.854608285312629],[-96.683623557325348,40.853258121702318],[-96.68540171901229,40.853293832933367],[-96.685448730953325,40.851943667271605],[-96.683670605304002,40.851907957730184],[-96.683717650090614,40.850557793396248],[-96.683764691685411,40.849207628700526],[-96.685542745266773,40.849243334862905],[-96.685589747639654,40.847893168115974],[-96.683811730088621,40.847857463643031],[-96.683858765300485,40.846507298223742],[-96.683905797321287,40.845157132442694],[-96.683952826151256,40.843806966299873],[-96.685730735625981,40.843842665704948],[-96.685777725244776,40.842492497511216],[-96.687555601886856,40.84252816785358],[-96.687508648288855,40.843878337735177],[-96.689286564137461,40.843913982390411],[-96.689239643377235,40.845264153597022],[-96.691017598432836,40.84529977256247],[-96.690970710515259,40.846649945092921],[-96.692748704778381,40.846685538365925],[-96.692795556669523,40.845335364151346],[-96.694573518084866,40.845370928363522],[-96.696351482676391,40.845406465198849],[-96.696304702838802,40.84675664277777],[-96.696257919827232,40.848106819995387],[-96.69803595964926,40.848142332814263],[-96.698082706631254,40.846792153916347],[-96.699860713595257,40.846827637676483],[-96.699814002643109,40.848177818253404],[-96.701592048806319,40.848213276312705],[-96.701638723728408,40.846863094058058],[-96.701685395483779,40.845512911442299],[-96.703463372755721,40.845548338768822],[-96.703510005319217,40.844198154115681],[-96.705287949729467,40.844233552389646],[-96.707065897301035,40.84426892328721],[-96.708843848031492,40.844304266808223],[-96.708890369360745,40.842954076773196],[-96.710668287223669,40.842989391246469],[-96.710714769375173,40.841639199179639],[-96.71076124837316,40.840289006752073],[-96.708983402550899,40.840253695620682],[-96.707205559884329,40.840218357116491],[-96.707252107762145,40.838868167671173],[-96.709029914412284,40.838903504503229],[-96.709076423118191,40.837553313024983],[-96.70912292866889,40.836203121185946],[-96.709169431064595,40.834852928986145],[-96.707391732449082,40.834817597170087],[-96.707438267696716,40.833467406281372],[-96.705660608244813,40.833432048770995],[-96.705707176339487,40.832081859194538],[-96.707484799787423,40.832117215031815],[-96.707531328721416,40.830767023421437],[-96.707577854498979,40.829416831450224],[-96.709355409102457,40.829452156579194],[-96.709401895726899,40.828101962575552],[-96.709448379197795,40.826751768211182],[-96.709494859515431,40.825401573486069],[-96.709541336680019,40.824051378400213],[-96.707763926049594,40.824016059957259],[-96.707810436048547,40.822665866182014],[-96.709587810691815,40.822701182953637],[-96.709634281551033,40.821350987146346],[-96.711411623361883,40.821386274892006],[-96.711365188487633,40.822736472369279],[-96.713142569433558,40.82277173442877],[-96.713096167396827,40.824121933214137],[-96.714873587478337,40.824157169584822]],[[-96.671336535197497,40.79761498224736],[-96.673113195814182,40.797650842901177],[-96.67488985963017,40.797686676225226],[-96.674936992556752,40.796336507572661],[-96.673160364676789,40.796300675944522],[-96.671383739995875,40.7962648169879],[-96.671336535197497,40.79761498224736]],[[-96.672688532053584,40.809802329219039],[-96.672735729718568,40.808452165520862],[-96.670958781528071,40.808416291287074],[-96.670911547905405,40.809766453287445],[-96.670864311078802,40.811116614925666],[-96.67081707104802,40.812466776201738],[-96.67259412711887,40.81250265552913],[-96.674371186391681,40.812538507512542],[-96.674418354497121,40.811188342841895],[-96.674465519403256,40.809838177809233],[-96.672688532053584,40.809802329219039]],[[-96.674324015086682,40.813888671821168],[-96.676101113524538,40.813924498155892],[-96.676148248864052,40.81257433215184],[-96.674371186391681,40.812538507512542],[-96.674324015086682,40.813888671821168]],[[-96.658045235865728,40.821665890616657],[-96.65799771832539,40.823016037069671],[-96.659775039688299,40.823052121459213],[-96.659822521248358,40.821701973298666],[-96.658045235865728,40.821665890616657]],[[-96.685495739704734,40.850593501248113],[-96.687273832508239,40.850629181718659],[-96.687226859792275,40.85197934943043],[-96.689004991818408,40.852015004206486],[-96.689051928498685,40.850664834807759],[-96.690830027673627,40.850700460515249],[-96.690783127029292,40.85205063159966],[-96.690736223202634,40.853400802322554],[-96.69251439763444,40.853436404017145],[-96.692467526666292,40.854786576063006],[-96.694245740319516,40.854822152056364],[-96.694292575246351,40.853471978327271],[-96.696070756035937,40.853507525252766],[-96.696117551745985,40.852157349480407],[-96.696164344281058,40.850807173346716],[-96.696211133641384,40.8494569968517],[-96.694433060961799,40.849421454971598],[-96.694386235567251,40.850771629784866],[-96.692608130030621,40.850736058841001],[-96.692654991459179,40.849385885710745],[-96.69087692513591,40.849350289069314],[-96.690923819416369,40.848000117261876],[-96.689145792305979,40.847964494925542],[-96.687367768379588,40.847928845210198],[-96.687320802037263,40.849279013645244],[-96.685542745266773,40.849243334862905],[-96.685495739704734,40.850593501248113]],[[-96.677628570092807,40.872053010230651],[-96.677581365982277,40.873403163695436],[-96.679360058931408,40.873438982488153],[-96.679407226968408,40.872088827328852],[-96.679454391804754,40.870738671807516],[-96.679501553440701,40.869388515924186],[-96.677722968704813,40.869352702214847],[-96.677675771000224,40.870702856403788],[-96.675897153398537,40.870667013599899],[-96.675849916420276,40.872017165731009],[-96.677628570092807,40.872053010230651]],[[-96.676572323078872,40.800422821828008],[-96.678349065166458,40.800458603878944],[-96.678396132604462,40.799108432562129],[-96.676619426458274,40.79907265220465],[-96.676572323078872,40.800422821828008]],[[-96.676713623633304,40.796372311872219],[-96.678490257904045,40.796408088842988],[-96.678537315766107,40.795057916440697],[-96.67676071742946,40.795022141163159],[-96.676713623633304,40.796372311872219]],[[-96.652618144876598,40.824257760742427],[-96.652665773587088,40.82290761978264],[-96.65271339906684,40.821557478459972],[-96.650936126591645,40.821521286371329],[-96.649158857349391,40.82148506693138],[-96.647381591342523,40.821448820140276],[-96.645604328573469,40.821412545998157],[-96.645556559178004,40.82276268046229],[-96.647333857925616,40.822798956320973],[-96.6491111599113,40.822835204827356],[-96.649063459237567,40.824185342360323],[-96.649015755327966,40.825535479530231],[-96.650793132514679,40.825571704112356],[-96.652570512935085,40.825607901339303],[-96.652618144876598,40.824257760742427]],[[-96.660460227114129,40.854141525354684],[-96.660412704220292,40.855491666518517],[-96.662190896293012,40.855527737140463],[-96.662238383147525,40.854177594270034],[-96.660460227114129,40.854141525354684]],[[-96.660486925021402,40.802799860979142],[-96.660534358295976,40.801449707380002],[-96.658757612325601,40.801413650302749],[-96.658710143107243,40.802763802195386],[-96.660486925021402,40.802799860979142]],[[-96.665580614694193,40.809658661445781],[-96.66380364337634,40.809622676150077],[-96.663756262711772,40.810972830983886],[-96.665533269988742,40.811008817982639],[-96.665580614694193,40.809658661445781]],[[-96.654188187838898,40.779702917494483],[-96.655964349385684,40.779739029212017],[-96.656011835710643,40.778388874570695],[-96.654235710065578,40.778352764562385],[-96.654188187838898,40.779702917494483]],[[-96.655887435204448,40.832430928378812],[-96.655839855870013,40.833781070220773],[-96.655792273307711,40.835131211699931],[-96.657569915377223,40.835167338825123],[-96.65934756067243,40.835203438585495],[-96.659395071230549,40.833853293688755],[-96.657617461937562,40.833817195636527],[-96.657665005272463,40.832467052085192],[-96.655887435204448,40.832430928378812]],[[-96.655649506251038,40.8391816339605],[-96.65387175938983,40.839145474338061],[-96.652094015759914,40.839109287347213],[-96.65204634826091,40.840459423951785],[-96.653824127902055,40.840495612654919],[-96.655601910774749,40.840531773988381],[-96.657379696876561,40.840567907952],[-96.657427256341123,40.839217766214418],[-96.655649506251038,40.8391816339605]],[[-96.652269335778129,40.783717229953645],[-96.654045601821039,40.783753374114511],[-96.654093133716884,40.782403222270545],[-96.652316903582715,40.782367079820396],[-96.652269335778129,40.783717229953645]],[[-96.647429321521599,40.820098683596484],[-96.649206551552112,40.820134928672381],[-96.649254242519689,40.818784790050351],[-96.647477048463116,40.818748546689598],[-96.647429321521599,40.820098683596484]],[[-96.645843126951974,40.814661868230218],[-96.645795373755263,40.8160120045101],[-96.647572492634453,40.816048271786585],[-96.647620209864769,40.814698133790486],[-96.645843126951974,40.814661868230218]]],[[[-96.704022754763102,40.829346099105472],[-96.704069349377548,40.827995910120528],[-96.705846861669741,40.828031288299798],[-96.705800303051717,40.829381478958929],[-96.704022754763102,40.829346099105472]]],[[[-96.72329870159075,40.837835008965314],[-96.723344919040358,40.8364848037968],[-96.725122681972039,40.83651989095943],[-96.726900448036758,40.836554950751875],[-96.728678217232059,40.836589983173994],[-96.730455989555537,40.836624988225658],[-96.730409916162259,40.837975200027856],[-96.730363839643019,40.839325411470064],[-96.728585995288213,40.839290403105373],[-96.726808154062056,40.839255367367635],[-96.725030315966976,40.839220304256983],[-96.723252481005417,40.839185213773554],[-96.72329870159075,40.837835008965314]]],[[[-96.721382126561878,40.841850501129578],[-96.721335860544698,40.843200703195123],[-96.721289591388413,40.844550904900309],[-96.719511618614106,40.844515753019024],[-96.719557923795833,40.843165552977126],[-96.717779990188518,40.843130375382898],[-96.717826328251434,40.841780176645088],[-96.717872663170596,40.840429977546805],[-96.719650524734831,40.840465151812069],[-96.719696820492615,40.839114950688966],[-96.717918994946231,40.839079778088077],[-96.717965323578596,40.837729578268871],[-96.71974311310953,40.837764749205462],[-96.721520905781063,40.837799892770981],[-96.721474649179811,40.83915009591751],[-96.723252481005417,40.839185213773554],[-96.723206257284133,40.840535418221549],[-96.723160030426641,40.841885622309277],[-96.721382126561878,40.841850501129578]]],[[[-96.702385091977888,40.825260128878561],[-96.70416252912419,40.825295531067809],[-96.704115940831173,40.826645720774643],[-96.702338467693551,40.826610316910049],[-96.702385091977888,40.825260128878561]]],[[[-96.698503286777964,40.834640527580319],[-96.700280969583218,40.834675996232413],[-96.700234287144426,40.836026180059605],[-96.698456568331281,40.835990709729117],[-96.698503286777964,40.834640527580319]]],[[[-96.696491803147524,40.841355930294348],[-96.696445032830496,40.842706108957131],[-96.696398259340199,40.844056287258631],[-96.694620330773134,40.844020752104768],[-96.694667140285461,40.842670575484661],[-96.692889250916153,40.842635014637935],[-96.69293609327211,40.841284839339103],[-96.692982932450164,40.839934663678847],[-96.693029768450572,40.838584487657215],[-96.694807549769166,40.838620043456281],[-96.696585334262736,40.838655571884985],[-96.69836312192885,40.838691072943142],[-96.69831639397259,40.840041254008362],[-96.696538570291523,40.840005751270297],[-96.696491803147524,40.841355930294348]]],[[[-96.695274164330073,40.773775613724744],[-96.695320844924311,40.772425420001639],[-96.697096864517448,40.772460893441384],[-96.697050219818408,40.773811088843658],[-96.695274164330073,40.773775613724744]]],[[[-96.691067196458263,40.792607208680757],[-96.69111399325223,40.791257023377895],[-96.692890509259172,40.791292574982265],[-96.694667028437408,40.791328099261776],[-96.694620303501182,40.79267828792878],[-96.692843748393955,40.792642761967848],[-96.691067196458263,40.792607208680757]]],[[[-96.696350169603846,40.794063976549424],[-96.69457357539585,40.794028476234594],[-96.694620303501182,40.79267828792878],[-96.696396861777529,40.792713786563404],[-96.696350169603846,40.794063976549424]]],[[[-96.693451149499737,40.82643288720022],[-96.693497953736951,40.825082707564867],[-96.695275375044943,40.825118246542793],[-96.695228606797812,40.82646842785995],[-96.69518183537788,40.827818608815846],[-96.693404342087277,40.827783066474225],[-96.693451149499737,40.82643288720022]]],[[[-96.69494793067804,40.834569508175932],[-96.694901140216331,40.83591968696404],[-96.693123430919343,40.835884134529742],[-96.693076601273546,40.83723431127418],[-96.693029768450572,40.838584487657215],[-96.691251990309382,40.838548904487894],[-96.691298859144155,40.837198729788568],[-96.689521120194371,40.837163120934164],[-96.689474215348071,40.838513293948488],[-96.689427307319477,40.83986346660128],[-96.691205118294775,40.839899078825766],[-96.691158243100048,40.841249252802164],[-96.689380396108334,40.84121363889254],[-96.689333481714414,40.842563810822256],[-96.687555601886856,40.84252816785358],[-96.687602552299396,40.841177997610373],[-96.685824711675679,40.841142328955797],[-96.685871694918916,40.839792160038698],[-96.6876494995267,40.839827827005543],[-96.687696443569038,40.838477656039117],[-96.687743384426639,40.837127484711097],[-96.685965651843404,40.8370918211195],[-96.684187922447066,40.837056130159517],[-96.684234932137173,40.835705961846244],[-96.684281938638151,40.834355793171234],[-96.686059596020158,40.834391480753638],[-96.686106563328778,40.833041310028229],[-96.687884187893502,40.833076968557457],[-96.687931116014624,40.831726795783091],[-96.689708707761554,40.831762425261651],[-96.689755596700067,40.830412250439743],[-96.691533155628704,40.830447850870144],[-96.693310717735756,40.830483423938198],[-96.693357531499359,40.829133245386892],[-96.695135060784949,40.82916878941046],[-96.695088283018734,40.830518969643769],[-96.695041502079008,40.831869149515803],[-96.694994717965528,40.833219329026512],[-96.69494793067804,40.834569508175932]],[[-96.686012625525123,40.835741651117395],[-96.687790322099758,40.835777313021467],[-96.687837256588622,40.834427140970256],[-96.686059596020158,40.834391480753638],[-96.686012625525123,40.835741651117395]],[[-96.691486302689555,40.831798027376713],[-96.691439446571763,40.833148203521837],[-96.693217080680412,40.833183779956713],[-96.693263900796182,40.83183360212815],[-96.691486302689555,40.831798027376713]]],[[[-96.688869010226682,40.804723264373919],[-96.688822145729148,40.806073444378555],[-96.690599053909651,40.806109041835406],[-96.690552222188529,40.807459223163335],[-96.688775278052745,40.807423624021737],[-96.68872840719726,40.808773803303446],[-96.686951430283131,40.808738175135666],[-96.686998337096085,40.807387997540047],[-96.6870452407275,40.806037819582919],[-96.687092141177629,40.804687641264252],[-96.688869010226682,40.804723264373919]]],[[[-96.684649093965874,40.874896434321727],[-96.684696156974383,40.873546274448422],[-96.686474862712416,40.873581983628732],[-96.686427835780876,40.874932145191458],[-96.684649093965874,40.874896434321727]]],[[[-96.682614089957696,40.728934690751828],[-96.682660952732448,40.727584498577663],[-96.684435763818342,40.727620134752698],[-96.684388936856777,40.728970328614146],[-96.684342106720564,40.730320522114198],[-96.682567224005865,40.730284882564511],[-96.682614089957696,40.728934690751828]]],[[[-96.683491440270487,40.805966487975823],[-96.685268338907122,40.806002167448618],[-96.685221399320938,40.807352343718428],[-96.68344446472976,40.807316662557007],[-96.683491440270487,40.805966487975823]]],[[[-96.679702383397753,40.812645899397531],[-96.679749443613332,40.811295729644705],[-96.68152647970598,40.811331470559331],[-96.681479455454166,40.812681642003632],[-96.679702383397753,40.812645899397531]]],[[[-96.67693555642083,40.840963575101874],[-96.678713381081835,40.840999380616324],[-96.678666250579937,40.842349542407632],[-96.678619116880355,40.843699703836982],[-96.676841220182638,40.843663894933933],[-96.675063326685247,40.843628058656755],[-96.67511053242373,40.842277900617361],[-96.673332678148213,40.842242038663095],[-96.673379916700782,40.840891881958463],[-96.675157734959669,40.840927742215861],[-96.67693555642083,40.840963575101874]]],[[[-96.678524839887231,40.846400025609789],[-96.680302811829847,40.846435810524831],[-96.680255704562938,40.847785972561525],[-96.680208594099838,40.849136134236289],[-96.678430550100529,40.849100345934694],[-96.678383400408947,40.850450505554171],[-96.676605323576752,40.850414688178468],[-96.676558134651799,40.851764845741215],[-96.674780024987228,40.851728999288866],[-96.674827249946119,40.850378843422149],[-96.674874471701003,40.849028687193304],[-96.676652509300098,40.849064530253656],[-96.676699691822108,40.847714371966795],[-96.676746871143052,40.846364213317884],[-96.67679404726313,40.845014054306937],[-96.678571979982877,40.845049864904382],[-96.678524839887231,40.846400025609789]]],[[[-96.679972993832564,40.855886937181225],[-96.681751221214057,40.8559227065643],[-96.681704127613003,40.857272867759882],[-96.679925864187027,40.857237096684393],[-96.679972993832564,40.855886937181225]]],[[[-96.674182481971911,40.81793916257481],[-96.674229662877039,40.816588999352298],[-96.676006833253155,40.816624829078073],[-96.675959688320788,40.817974993996202],[-96.674182481971911,40.81793916257481]]],[[[-96.670580822822856,40.81921757714948],[-96.67062807887821,40.81786741768429],[-96.672405278823561,40.817903303804123],[-96.67235805874293,40.819253464967588],[-96.670580822822856,40.81921757714948]]],[[[-96.668756294870491,40.820531819384449],[-96.668803590108411,40.819181661981098],[-96.670580822822856,40.81921757714948],[-96.670533563561818,40.820567736252485],[-96.668756294870491,40.820531819384449]]],[[[-96.670060794586121,40.834069307360409],[-96.670108085917306,40.832719151879694],[-96.671885681718564,40.832755056684306],[-96.671838426388902,40.834105213864056],[-96.670060794586121,40.834069307360409]]],[[[-96.671507549301296,40.843556303980556],[-96.671554827077671,40.842206149336292],[-96.673332678148213,40.842242038663095],[-96.673285436390657,40.843592195005584],[-96.671507549301296,40.843556303980556]]],[[[-96.64607026817265,40.757919595811742],[-96.646022614935802,40.759269745623264],[-96.644247011010521,40.75923349578671],[-96.64247141031889,40.759197218658969],[-96.642519135283081,40.757847072280605],[-96.644294700111161,40.75788334769112],[-96.64607026817265,40.757919595811742]]],[[[-96.645927298768129,40.76197004415743],[-96.645879635836835,40.763320192880094],[-96.645831969673537,40.764670341239778],[-96.64405622226883,40.764634084538805],[-96.644103924305611,40.763283937895324],[-96.642328216008792,40.763247655615501],[-96.642375950681995,40.761897510326413],[-96.644151623107987,40.761933790888804],[-96.645927298768129,40.76197004415743]]],[[[-96.632298811294064,40.795469006128727],[-96.632346803361912,40.794118878170615],[-96.634123321120867,40.794155336591821],[-96.634075364980887,40.795505466275465],[-96.632298811294064,40.795469006128727]]],[[[-96.603609622497174,40.85162277628816],[-96.60365829191214,40.850272689688268],[-96.60188031562312,40.850235720702159],[-96.601929017759929,40.84888563548644],[-96.601977716592714,40.847535549905757],[-96.603755620836793,40.847572515393807],[-96.60553352838221,40.847609453508504],[-96.605484901592192,40.848959542585867],[-96.607262848458276,40.848996455073433],[-96.607214254393298,40.85034654553246],[-96.605436271503009,40.850309631298408],[-96.605387638114451,40.85165971964615],[-96.603609622497174,40.85162277628816]]]]}},
{"type":"Feature","properties":{"band":60},"geometry":{"type":"MultiPolygon","coordinates":[[[[-96.794054756158033,40.850019362482044],[-96.794009952091997,40.851369629837201],[-96.795788198784848,40.851403638173849],[-96.795743427726194,40.852753906780606],[-96.795698653629501,40.854104175029718],[-96.793920334838944,40.854070163474482],[-96.793965144985719,40.852719896834692],[-96.792186865285714,40.852685859498997],[-96.792142019089098,40.854036124528172],[-96.792097169849328,40.855386389199595],[-96.793875521651458,40.855420429756592],[-96.795653876494526,40.855454442921214],[-96.795609096321044,40.856804710455073],[-96.795564313108827,40.85815497763128],[-96.795519526857618,40.859505244449849],[-96.793741063842319,40.859471226456655],[-96.793696238489616,40.860821491307924],[-96.791917742453919,40.86078744430754],[-96.79187287799482,40.862137707190065],[-96.790094348939206,40.86210363117997],[-96.790049445368822,40.863453892092345],[-96.790004538751205,40.864804152646855],[-96.788225940607205,40.864770046010811],[-96.788180994870743,40.866120304593657],[-96.786402363705548,40.866086168941493],[-96.784623735592945,40.866052005887141],[-96.784578714659418,40.867402260880446],[-96.784533690670628,40.868752515515688],[-96.782754993464451,40.868718321823749],[-96.782709930342136,40.870068574483035],[-96.780931200116171,40.870034351767423],[-96.780976299316208,40.8686841007273],[-96.781021395455866,40.867333849328965],[-96.781066488535345,40.865983597572438],[-96.779287869595223,40.865949352312363],[-96.779332995684953,40.864599101817895],[-96.781111578554885,40.864633345457712],[-96.782890164484527,40.864667561697033],[-96.784668753471422,40.864701750535751],[-96.784713768295092,40.863351494826304],[-96.784758780064166,40.862001238758808],[-96.782980263211257,40.861967053155247],[-96.78302530798932,40.860616798347181],[-96.781246830256265,40.860582586964362],[-96.781201749415118,40.861932840153671],[-96.781156665514729,40.86328309298478],[-96.779378118712529,40.863248850965171],[-96.779423238678206,40.861898599754191],[-96.777644731002965,40.861864331956951],[-96.7776898839696,40.860514082009111],[-96.77591141542085,40.860479788436933],[-96.775866226391841,40.861830036762115],[-96.774087724847263,40.861795714169801],[-96.77404249668713,40.863145960512597],[-96.773997265457751,40.864496206496952],[-96.775775839133928,40.864530532337376],[-96.775730640904555,40.865880779587435],[-96.777509253717469,40.865915079650648],[-96.777464088492991,40.867265328165225],[-96.777418920203445,40.868615576321467],[-96.77564023524377,40.868581273012332],[-96.773861553351836,40.868546942299268],[-96.773906793790331,40.867196697390291],[-96.772128151042693,40.867162340898965],[-96.770349511367456,40.867127957005266],[-96.770394820879133,40.865777714990152],[-96.768616220349926,40.865743305322297],[-96.768661562855769,40.864393064576625],[-96.768706902284819,40.863042823472298],[-96.768752238637305,40.861692582009326],[-96.770530730967565,40.861726986793265],[-96.770576028182276,40.860376743343828],[-96.772354487524751,40.86041111910415],[-96.774132949938419,40.860445467468566],[-96.774178171960799,40.859095220408889],[-96.775956601383541,40.859129539753361],[-96.777735033872347,40.859163831702951],[-96.77778018071146,40.857813581038485],[-96.777825324487154,40.856463330015721],[-96.779603687926596,40.85649759132788],[-96.781382054426757,40.856531825247451],[-96.781427123033353,40.855181570625504],[-96.779648792586286,40.855147338325736],[-96.779693894185485,40.853797084965365],[-96.779738992724432,40.85244683124678],[-96.781517251072657,40.85248106030712],[-96.781472188581915,40.85383131564538],[-96.783250486036152,40.85386551893528],[-96.783295512478475,40.852515261978631],[-96.783340535865648,40.851165004663891],[-96.783385556197928,40.8498147469911],[-96.785163748568863,40.849848918039648],[-96.785208729805134,40.84849865839189],[-96.783430573475542,40.848464488960232],[-96.781652420200402,40.848430292143505],[-96.781697470462248,40.847080035372706],[-96.781742517667467,40.845729778243786],[-96.783520598867725,40.845763971824319],[-96.785298683121951,40.845798138022381],[-96.785253707989412,40.847148398386125],[-96.787031831331845,40.84718253881703],[-96.788809957723586,40.847216651863867],[-96.788854860782479,40.845866388270458],[-96.788899760794749,40.844516124319206],[-96.790677818161456,40.844550206756139],[-96.790722679095026,40.843199940834275],[-96.792500703473181,40.843233994278016],[-96.792455878572142,40.844584261811335],[-96.792411050629568,40.845934528986945],[-96.794189150116978,40.845968558270492],[-96.794144355170289,40.847318826698682],[-96.79409955718404,40.848669094769193],[-96.792321385618934,40.848635062264982],[-96.79227654855039,40.849985328367396],[-96.794054756158033,40.850019362482044]],[[-96.784893797046323,40.857950468408013],[-96.784848794439554,40.859300725549659],[-96.786627242222139,40.859334880522745],[-96.786672208770241,40.857984621765041],[-96.784893797046323,40.857950468408013]],[[-96.784938796599462,40.856600210908347],[-96.783160423985194,40.856566031774314],[-96.783115388376061,40.8579162876567],[-96.784893797046323,40.857950468408013],[-96.784938796599462,40.856600210908347]]],[[[-96.774630223454835,40.845592730099419],[-96.776408292414843,40.845627033208565],[-96.778186364438596,40.845661308935775],[-96.778141245161621,40.847011562824676],[-96.776363137102351,40.846977285475525],[-96.776317978725913,40.848327537384179],[-96.774539837692885,40.848293231028478],[-96.774585032107055,40.846942980743137],[-96.774630223454835,40.845592730099419]]],[[[-96.779784088203357,40.85109657716999],[-96.7798291806225,40.849746322735008],[-96.781607366881673,40.849780548556176],[-96.781562310505834,40.851130804610712],[-96.779784088203357,40.85109657716999]]],[[[-96.770757186307094,40.854975765960447],[-96.770711901385539,40.856326010844121],[-96.772490252557645,40.856360381725189],[-96.772445000617495,40.857710627876671],[-96.772399745606606,40.859060873669662],[-96.770621322323365,40.859026499535815],[-96.770666613391043,40.857676255369242],[-96.76888822923776,40.857641855468628],[-96.767109848160104,40.857607428174958],[-96.767155208262579,40.856257186906412],[-96.767200565287226,40.854906945279204],[-96.767245919234298,40.853556703293293],[-96.769024192157687,40.853591125700333],[-96.76906950698087,40.852240881727042],[-96.770847746932361,40.852275275117471],[-96.770893022636542,40.850925029158176],[-96.772671229615696,40.850959393534517],[-96.772625989956083,40.852309641119902],[-96.774404236049605,40.852343979734187],[-96.774359029367488,40.853694228585951],[-96.772580747226712,40.853659888346812],[-96.772535501427299,40.855010135215252],[-96.770757186307094,40.854975765960447]]],[[[-96.760400445228598,40.792623286942366],[-96.758623810422151,40.792588773781176],[-96.758578379090395,40.793939022119091],[-96.756801711427599,40.793904479992982],[-96.756847178697001,40.792554233289984],[-96.755070550055564,40.792519665468902],[-96.755025046848772,40.79386991053569],[-96.753248385356329,40.793835313747373],[-96.75147172695273,40.793800689628149],[-96.751426148780553,40.795150931059588],[-96.753202843123503,40.795185556817664],[-96.753157297801621,40.796535799528932],[-96.753111749390428,40.797886041881185],[-96.75306619788968,40.799236283874428],[-96.751289395714011,40.799201653199376],[-96.749512596630581,40.799166995188401],[-96.749466970142066,40.800517233543069],[-96.747690138204661,40.800482546554605],[-96.745913309364568,40.800447832229189],[-96.745867607879291,40.801798066939853],[-96.744090746188377,40.801763323633274],[-96.742313887599906,40.801728552988756],[-96.740537032116293,40.801693755006397],[-96.740491219672691,40.803043984420633],[-96.740445404121544,40.804394213475362],[-96.738668479838196,40.80435938485865],[-96.738622625222106,40.805709611905435],[-96.736845668092059,40.805674754298884],[-96.735068714074885,40.805639869351054],[-96.733291763173042,40.80560495706208],[-96.733245797569111,40.806955178796024],[-96.733199828847205,40.808305400170191],[-96.731422809143396,40.808270457232815],[-96.729645792560248,40.808235486951979],[-96.729691833204086,40.806885268886575],[-96.729737870725046,40.805535050461238],[-96.729783905123384,40.804184831676004],[-96.72800699953784,40.80414983902061],[-96.727960929183752,40.805500056149668],[-96.72791485570464,40.806850272918744],[-96.726137881330502,40.806815249609038],[-96.724360910084101,40.806780198957604],[-96.724407055478821,40.805429985504894],[-96.724453197743628,40.804079771692081],[-96.722676301539835,40.804044697019222],[-96.722722476627538,40.802694484506311],[-96.72449933687875,40.802729557519164],[-96.724545472884401,40.801379342986152],[-96.72276864858334,40.801344271633212],[-96.720991827413897,40.801309172943981],[-96.7209456195082,40.802659384155859],[-96.720899408468171,40.8040095950075],[-96.719122518531066,40.803974465657028],[-96.719168765523165,40.802624256467965],[-96.717391914674891,40.80258910144277],[-96.717438194479683,40.801238893557219],[-96.715661382719759,40.801203712859945],[-96.715707695332341,40.799853506279071],[-96.717484471145511,40.799888685311302],[-96.717530744672658,40.798538476705041],[-96.715754004803784,40.79850329933776],[-96.715800311134345,40.797153092036041],[-96.715846614324249,40.795802884373913],[-96.717623282311806,40.795838058411462],[-96.719399953437332,40.795873205118305],[-96.719446181612582,40.794522993767551],[-96.71949240665252,40.793172782056509],[-96.721269009041038,40.793207898108207],[-96.721222819936159,40.794558111481358],[-96.721176627698398,40.795908324494299],[-96.722953305092588,40.795943416539309],[-96.722999461392618,40.794593201865482],[-96.724776105979487,40.79462826491978],[-96.724729985617444,40.795978481253194],[-96.726506669270535,40.796013518635817],[-96.728283356049445,40.796048528687031],[-96.728329404534819,40.794698309038289],[-96.730106058498421,40.794733290102243],[-96.730152067924394,40.793383068437912],[-96.731928689072205,40.793418020517109],[-96.733705313338021,40.793452945267077],[-96.735481940719453,40.793487842687654],[-96.737258571214028,40.793522712778724],[-96.737212705535498,40.794872941052759],[-96.73716683674597,40.796223168967195],[-96.73894354222864,40.796258015027064],[-96.74072025082009,40.796292833754563],[-96.740766047729579,40.79494260254291],[-96.742542723487006,40.794977392291216],[-96.744319402348097,40.795012154708161],[-96.746096084310437,40.795046889793618],[-96.746141770299303,40.793696653286517],[-96.747918419421779,40.79373135939759],[-96.749695071640403,40.793766038178198],[-96.749740682658015,40.792415798027783],[-96.747964066375857,40.792381120888578],[-96.746187453189577,40.792346416420173],[-96.746233132981544,40.790996179194543],[-96.748009710234015,40.791030882020351],[-96.748055350996523,40.789680642792938],[-96.749831895413081,40.789715316649598],[-96.751608442922617,40.78974996317951],[-96.753384993522715,40.789784582382538],[-96.755161547210918,40.789819174258547],[-96.755116050176198,40.791169420043182],[-96.756892642882661,40.791203986228119],[-96.756938103984822,40.789853738807402],[-96.758714663841985,40.789888276028954],[-96.75866923867261,40.791238525084459],[-96.760445837543614,40.791273036612083],[-96.760400445228598,40.792623286942366]],[[-96.721038032185533,40.7999589613719],[-96.72281481740751,40.799994058399967],[-96.722860983100276,40.79864384480657],[-96.721084233823333,40.79860874943958],[-96.721038032185533,40.7999589613719]]],[[[-96.742854661918017,40.838219480564007],[-96.742808837523711,40.839569703565836],[-96.742763010020269,40.840919926208151],[-96.742717179407478,40.842270148490933],[-96.744495120748525,40.842304941158815],[-96.746273065196746,40.84233970644982],[-96.746227303526823,40.843689931664564],[-96.744449323052237,40.843655164728453],[-96.742671345685068,40.843620370414165],[-96.742625508852811,40.844970591977848],[-96.742579668910466,40.846320813181983],[-96.742533825857791,40.847671034026568],[-96.742487979694573,40.849021254511577],[-96.742442130420528,40.850371474637001],[-96.742396278035443,40.851721694402869],[-96.74235042253909,40.85307191380916],[-96.744128652157457,40.8531067196501],[-96.744082829595214,40.854456940343717],[-96.742304563931199,40.854422132855859],[-96.742258702211529,40.855772351542946],[-96.742212837379896,40.857122569870441],[-96.743991175142526,40.85715738065236],[-96.74394534325161,40.85850760026738],[-96.743899508250635,40.859857819522865],[-96.742121098379599,40.859823005446636],[-96.742075224210495,40.8611732226953],[-96.740296781394562,40.86113837957695],[-96.740250868052442,40.862488594817378],[-96.738472392292081,40.862453722654386],[-96.738426439772056,40.863803935885151],[-96.738380484133685,40.865154148756126],[-96.740159032020998,40.865189024219148],[-96.740113109331219,40.866539238380469],[-96.740067183525071,40.867889452182084],[-96.741845806665722,40.867924303544186],[-96.741799913815228,40.869274518635031],[-96.740021254602297,40.869239665623994],[-96.739975322562699,40.870589878706163],[-96.74175401785034,40.870624733366228],[-96.743532716252645,40.870659560622364],[-96.745311417767141,40.870694360474431],[-96.745265590842635,40.872044578140219],[-96.743486853250516,40.872009776641669],[-96.743440987135941,40.873359992301374],[-96.743395117908705,40.874710207601474],[-96.741616311266867,40.874675375401786],[-96.739837507740404,40.874640515794283],[-96.739791563231023,40.875990727437504],[-96.738012726738106,40.875955838771759],[-96.736233893365693,40.875920922697169],[-96.734455063116201,40.875885979213891],[-96.734501115877634,40.874535772526279],[-96.73272232483707,40.874500803288917],[-96.730943536924087,40.87446580664443],[-96.729164752141131,40.874430782592981],[-96.729210910019944,40.873080580512472],[-96.727432164449823,40.87304553071246],[-96.725653422014375,40.873010453507028],[-96.723874682716044,40.87297534889634],[-96.722095946557275,40.872940216880536],[-96.722049644358464,40.87429041232015],[-96.720270875262301,40.874255251235894],[-96.720317213540511,40.872905057459725],[-96.718538483668198,40.872869870634077],[-96.718584854878671,40.87151967816213],[-96.720363548674285,40.871554863323091],[-96.720409880663837,40.870204668826005],[-96.720456209509436,40.86885447396844],[-96.718677587859915,40.868819292136656],[-96.718723949631169,40.867469098583115],[-96.718770308256495,40.866118904669072],[-96.718816663736135,40.864768710394515],[-96.718863016070344,40.863418515759456],[-96.718909365259364,40.86206832076391],[-96.718955711303437,40.86071812540785],[-96.71900205420279,40.859367929691317],[-96.719048393957678,40.858017733614297],[-96.717270063939011,40.857982537706057],[-96.717316436599276,40.8566323429338],[-96.719094730568344,40.856667537176811],[-96.719141064035014,40.855317340378846],[-96.720919325100667,40.855352505568796],[-96.720873027681378,40.856702704030631],[-96.722651327935964,40.856737843495154],[-96.7226975893076,40.855387643370726],[-96.724475856653399,40.855422753784502],[-96.724522078840735,40.854072551638517],[-96.726300313277278,40.854107633004062],[-96.726254127135604,40.855457836809983],[-96.728032400751815,40.855492892447025],[-96.729810677499529,40.855527920695486],[-96.729856791549096,40.854177713573591],[-96.731635035379512,40.85421271277729],[-96.731681110256247,40.852862503639329],[-96.731727182006821,40.851512294141386],[-96.72994901026189,40.851477298249598],[-96.729995114925629,40.850127090047529],[-96.730041216461217,40.848776881485421],[-96.730087314868939,40.847426672563287],[-96.731865378503926,40.847461663487721],[-96.733643445264121,40.847496627031063],[-96.733689468480421,40.846146414438877],[-96.733735488574169,40.844796201486801],[-96.733781505545664,40.84344598817485],[-96.732003546874154,40.843411029594392],[-96.732049596748269,40.84206081757673],[-96.730271677225701,40.842025833274512],[-96.728493760829821,40.841990821596511],[-96.726715847563042,40.841955782542883],[-96.726669689616315,40.843305989590313],[-96.728447638907042,40.843341030301978],[-96.728401513854919,40.844691238647378],[-96.726623528537772,40.84465619627759],[-96.724845546352697,40.844621126529731],[-96.724799346113514,40.845971331197397],[-96.724753142739615,40.84732153550484],[-96.722975091629863,40.847286435057441],[-96.721197043657497,40.847251307229655],[-96.721150765082385,40.848601507853772],[-96.719372684217134,40.848566350982246],[-96.719418998824992,40.847216152021602],[-96.719465310290573,40.845865952700528],[-96.717687304630431,40.845830771777081],[-96.717733648981593,40.844480573760222],[-96.71595568249333,40.844445367124038],[-96.714177719151749,40.8444101331106],[-96.714131302746054,40.845760327794288],[-96.71235330652668,40.845725064735213],[-96.712399758959279,40.844374871720063],[-96.712446208240337,40.843024678344229],[-96.712492654370067,40.841674484607708],[-96.71253909734871,40.840324290510523],[-96.714316949475091,40.84035954689589],[-96.714363353285762,40.839009350769793],[-96.712585537176523,40.838974096052681],[-96.71263197385376,40.837623901234174],[-96.712678407380622,40.836273706055017],[-96.714456151462869,40.836308957435804],[-96.71440975394826,40.837659154283088],[-96.716187537190706,40.837694379961377],[-96.717965323578596,40.837729578268871],[-96.718011649067947,40.836379378089212],[-96.718057971414481,40.835029177549117],[-96.719835688921862,40.835064345157278],[-96.719881972117733,40.833714142592612],[-96.721659656756856,40.833749281169496],[-96.723437344533409,40.833784392379052],[-96.723483552577321,40.832434186129824],[-96.725261207482461,40.832469268311776],[-96.727038865519916,40.832504323127395],[-96.726992729489055,40.833854532695653],[-96.726946590328083,40.835204741903816],[-96.728724323511628,40.835239772668231],[-96.728770426663274,40.833889561802415],[-96.72881652668724,40.832539350576589],[-96.730594190982004,40.832574350659193],[-96.732371858401763,40.832609323375081],[-96.734149528944087,40.832644268724103],[-96.735927202606533,40.83267918670613],[-96.735881246612522,40.834029404549334],[-96.735835287500592,40.835379622032796],[-96.737613036299351,40.835414515949971],[-96.737658959400747,40.834064296815335],[-96.739436675304447,40.834099161712778],[-96.741214394321204,40.834133999241487],[-96.741168543241585,40.835484221674591],[-96.741122689051139,40.83683444374811],[-96.742900483203428,40.836869257202636],[-96.742854661918017,40.838219480564007]],[[-96.73158895737636,40.855562921555233],[-96.731542876246564,40.856913129973215],[-96.733321195299126,40.856948105098937],[-96.733367240379835,40.855597895026136],[-96.733413282336329,40.854247684593439],[-96.731635035379512,40.85421271277729],[-96.73158895737636,40.855562921555233]],[[-96.717918994946231,40.839079778088077],[-96.719696820492615,40.839114950688966],[-96.719650524734831,40.840465151812069],[-96.717872663170596,40.840429977546805],[-96.717826328251434,40.841780176645088],[-96.717779990188518,40.843130375382898],[-96.719557923795833,40.843165552977126],[-96.719511618614106,40.844515753019024],[-96.721289591388413,40.844550904900309],[-96.721335860544698,40.843200703195123],[-96.721382126561878,40.841850501129578],[-96.723160030426641,40.841885622309277],[-96.723206257284133,40.840535418221549],[-96.723252481005417,40.839185213773554],[-96.721474649179811,40.83915009591751],[-96.721520905781063,40.837799892770981],[-96.71974311310953,40.837764749205462],[-96.717965323578596,40.837729578268871],[-96.717918994946231,40.839079778088077]],[[-96.725030315966976,40.839220304256983],[-96.726808154062056,40.839255367367635],[-96.728585995288213,40.839290403105373],[-96.730363839643019,40.839325411470064],[-96.730409916162259,40.837975200027856],[-96.730455989555537,40.836624988225658],[-96.728678217232059,40.836589983173994],[-96.726900448036758,40.836554950751875],[-96.725122681972039,40.83651989095943],[-96.723344919040358,40.8364848037968],[-96.72329870159075,40.837835008965314],[-96.723252481005417,40.839185213773554],[-96.725030315966976,40.839220304256983]],[[-96.734777366826705,40.866434524841942],[-96.734823397717207,40.865084315634839],[-96.734869425484248,40.863734106067824],[-96.734915450128099,40.862383896140905],[-96.733136983729338,40.862348941790685],[-96.731358520455998,40.862313960045007],[-96.731312423689317,40.8636641666629],[-96.729533927482777,40.863629155865446],[-96.729487791524505,40.864979360466783],[-96.727709262385233,40.864944320615031],[-96.725930736379198,40.864909253365646],[-96.725884525158961,40.866259454289832],[-96.727663087230468,40.866294523198398],[-96.729441652435426,40.866329564708025],[-96.731220220771419,40.86636457881859],[-96.732998792235989,40.866399565529939],[-96.734777366826705,40.866434524841942]],[[-96.733597418925058,40.848846839263352],[-96.731819316130427,40.848811874065582],[-96.731773250631463,40.850162084283468],[-96.733551389462988,40.850197051135737],[-96.733597418925058,40.848846839263352]],[[-96.733505356877686,40.851547262648211],[-96.735283534872025,40.851582203769922],[-96.735329531417761,40.850231990604179],[-96.733551389462988,40.850197051135737],[-96.733505356877686,40.851547262648211]],[[-96.732233765004722,40.836659965906712],[-96.73218772762614,40.838010179364105],[-96.732141687124027,40.839360392461565],[-96.733919537728795,40.839395346079748],[-96.733965542213539,40.838045131328322],[-96.734011543577196,40.836694916217027],[-96.732233765004722,40.836659965906712]],[[-96.735743359922026,40.838080055920358],[-96.737521180749155,40.838114953140085],[-96.737567110082239,40.836764734724873],[-96.735789325270517,40.836729839156469],[-96.735743359922026,40.838080055920358]],[[-96.730502059823095,40.835274776063471],[-96.732279799260041,40.835309752089401],[-96.732325830392298,40.833959537912186],[-96.730548126965161,40.833924563541316],[-96.730502059823095,40.835274776063471]]],[[[-96.770938295268735,40.849574782840364],[-96.770983564829166,40.848224536164032],[-96.772761699726487,40.848258897288382],[-96.772716466205736,40.849609145590676],[-96.770938295268735,40.849574782840364]]],[[[-96.701905188710512,40.736076255564114],[-96.701951673281343,40.734726046704282],[-96.70017665145815,40.734690674796681],[-96.700130131059581,40.736040881981765],[-96.698355076562706,40.736005481127044],[-96.698401632788759,40.734655275617968],[-96.696626617275612,40.734619849168318],[-96.69667320617026,40.733269644975614],[-96.696719791906503,40.731919440421983],[-96.698494735772442,40.731954863517217],[-96.698541282530542,40.730604656925536],[-96.698587826133121,40.729254449973034],[-96.696812953904725,40.729219030231953],[-96.69503808483401,40.729183583225243],[-96.695084696911351,40.727833379267125],[-96.693309866815397,40.727797906674454],[-96.69335651154509,40.726447704034847],[-96.693403153112754,40.725097501034199],[-96.695177911586711,40.725132970267957],[-96.695224514185185,40.723782765226936],[-96.696999240010896,40.723818205520999],[-96.698773968993322,40.723853618554564],[-96.698727438010309,40.725203826950427],[-96.700502205955132,40.72523921439884],[-96.700455707628123,40.726589424109434],[-96.702230514535813,40.726624785970053],[-96.70218404886964,40.727974996994213],[-96.702137580053289,40.729325207657674],[-96.702091108086535,40.730675417960398],[-96.703866025591736,40.730710757576851],[-96.705640946245154,40.730746069925807],[-96.70559454276939,40.732096283213039],[-96.70554813614757,40.733446496139671],[-96.70377314384983,40.73341118044673],[-96.70372669825592,40.734761391340683],[-96.705501726379453,40.734796708705701],[-96.70545531346481,40.736146920911132],[-96.705408897403402,40.737497132755955],[-96.703633797620995,40.737461812046568],[-96.70368024951307,40.736111601873951],[-96.701905188710512,40.736076255564114]]],[[[-96.707091230437712,40.740232852141126],[-96.707044840772681,40.741583064575217],[-96.705269630336076,40.7415477661267],[-96.705316055839262,40.74019755536375],[-96.703540884388303,40.740162231309718],[-96.70358734257951,40.738812021858479],[-96.705362478194957,40.738847344240163],[-96.705408897403402,40.737497132755955],[-96.707184000332802,40.737532426191258],[-96.707137616957681,40.738882639346471],[-96.707091230437712,40.740232852141126]]],[[[-96.70863460761673,40.747019188556322],[-96.706859250656947,40.746983910705872],[-96.706905652904695,40.745633699714077],[-96.708680974016389,40.745668975894418],[-96.70863460761673,40.747019188556322]]],[[[-96.705083896843462,40.746948605572165],[-96.706859250656947,40.746983910705872],[-96.706812845262903,40.748334121337081],[-96.705037455599125,40.748298814531907],[-96.705083896843462,40.746948605572165]]],[[[-96.714394235394863,40.786316230940933],[-96.714440549388016,40.784966022061354],[-96.716216926809125,40.785001210102877],[-96.716170648735726,40.786351420648067],[-96.714394235394863,40.786316230940933]]],[[[-96.715985505052501,40.791752259225134],[-96.715939211283086,40.793102467968453],[-96.714162618307043,40.793067269932386],[-96.714208948008348,40.791717062854993],[-96.714255274567549,40.79036685541714],[-96.714301597984871,40.789016647618851],[-96.716078083172519,40.789051840657365],[-96.716031795682227,40.790402050121429],[-96.715985505052501,40.791752259225134]]],[[[-96.710900666448495,40.836238427305013],[-96.710947132834846,40.834888233434555],[-96.712724837757406,40.834923510515203],[-96.712678407380622,40.836273706055017],[-96.710900666448495,40.836238427305013]]],[[[-96.71076124837316,40.840289006752073],[-96.710714769375173,40.841639199179639],[-96.710668287223669,40.842989391246469],[-96.708890369360745,40.842954076773196],[-96.70893688753381,40.841603886377335],[-96.708983402550899,40.840253695620682],[-96.71076124837316,40.840289006752073]]],[[[-96.7104823270776,40.848390155906301],[-96.708704265104117,40.84835483474842],[-96.708750795903427,40.847004645795856],[-96.708797323545795,40.84565445648245],[-96.710575313459117,40.845689774297888],[-96.7105288218456,40.847039965282477],[-96.7104823270776,40.848390155906301]]],[[[-96.687985395510907,40.727691325312513],[-96.687938640176441,40.729041522544676],[-96.689713496592191,40.72907707861259],[-96.68966677390425,40.730427277166967],[-96.68962004804871,40.73177747536019],[-96.689573319025286,40.733127673192207],[-96.689526586833765,40.734477870663035],[-96.689479851473877,40.735828067772651],[-96.69125489016416,40.735863604987152],[-96.691301589697758,40.734513406195084],[-96.693076595727675,40.734548914456724],[-96.693029932020593,40.735899114929992],[-96.694804977040775,40.735934597601009],[-96.694758345999148,40.737284799393152],[-96.692983265149763,40.737249315042185],[-96.692936595114958,40.738599514793293],[-96.691161481598201,40.738564001487902],[-96.691208187464383,40.737213803418108],[-96.689433112945409,40.737178264521056],[-96.68765804159527,40.737142698351185],[-96.687611264067087,40.738492893054492],[-96.685836160057576,40.738457297926765],[-96.685882973416398,40.737107104908652],[-96.684107908411221,40.737071484193557],[-96.684154754424327,40.7357212925005],[-96.685929783601551,40.73575691152918],[-96.685976590613251,40.734406717788367],[-96.686023394451752,40.733056523686223],[-96.684248436923198,40.733020908030156],[-96.682473482570032,40.732985265105548],[-96.680698531394668,40.732949594912562],[-96.680651620087531,40.734299783952039],[-96.680604705599919,40.73564997262995],[-96.680557787931605,40.73700016094633],[-96.678782732462025,40.736964458414469],[-96.678735775783082,40.738314644678965],[-96.67696068766746,40.738278913183493],[-96.676913691973041,40.739629097394655],[-96.675138571211889,40.73959333693309],[-96.675091536497149,40.740943519089484],[-96.676866693092336,40.740979281244101],[-96.676819691025074,40.74232946473186],[-96.678594886643481,40.742365201302619],[-96.68037008544627,40.742400910596253],[-96.682145287430984,40.742436592612592],[-96.683920492595206,40.742472247351536],[-96.683967351314237,40.741122057104178],[-96.685742523817879,40.741157682878899],[-96.685789343524803,40.739807490583516],[-96.687564483367396,40.739843087396494],[-96.687517699495942,40.741193281377207],[-96.689292878346009,40.741228852598951],[-96.689339626381724,40.739878656934216],[-96.691114772565371,40.739914199196541],[-96.692889921915906,40.739949714183318],[-96.69466507443093,40.73998520189442],[-96.69644023010801,40.740020662329677],[-96.696393625417656,40.741370864717638],[-96.696347017567433,40.742721066744622],[-96.6963004065571,40.744071268410636],[-96.69452514336264,40.744035802938562],[-96.694571790214525,40.742685602951539],[-96.694618433903884,40.74133540260349],[-96.692843245552396,40.741299913212231],[-96.692796566024157,40.74265011188006],[-96.691021344998745,40.74261459353032],[-96.690974626464481,40.743964790155459],[-96.689199372765614,40.743929242844715],[-96.68924612714072,40.742579047902453],[-96.687470912452497,40.742543474996602],[-96.68569570093652,40.742507874812929],[-96.685648874880513,40.743858066385563],[-96.683873630699111,40.743822437237441],[-96.683826765625668,40.745172626761899],[-96.682051488779308,40.745136968646818],[-96.682098389695028,40.743786780810467],[-96.680323151870709,40.743751097104798],[-96.67854791722857,40.743715386120556],[-96.676772685771041,40.74367964785791],[-96.676725677329969,40.745029830622222],[-96.674950413218156,40.744994063388013],[-96.674903365746076,40.746344244097287],[-96.673128068980517,40.746308447889042],[-96.671352775407314,40.746272624400234],[-96.66957748502891,40.74623677363099],[-96.66962464003069,40.744886598009437],[-96.667849388692233,40.744850721658388],[-96.667802197847735,40.746200895581453],[-96.66602691386619,40.746164990251771],[-96.666074140553206,40.744814818028487],[-96.664298895616,40.744778887119857],[-96.662523653883042,40.744742928932659],[-96.660748415356778,40.744706943467037],[-96.660701081143756,40.746057110583273],[-96.658925809985064,40.74602109613442],[-96.657150542038181,40.745985054406148],[-96.657197947933952,40.744634890701079],[-96.655422719042278,40.744598823401013],[-96.655375277305467,40.745948985398584],[-96.65360001578938,40.745912889111864],[-96.653552534992755,40.747263049038025],[-96.651777240852795,40.747226923762142],[-96.651824757492363,40.74587676554615],[-96.650049502416806,40.745840614701564],[-96.650001949934548,40.747190771206107],[-96.649954394228132,40.748540927347904],[-96.649906835297301,40.749891083126933],[-96.648131475911029,40.74985489986522],[-96.648083877905833,40.751205053568526],[-96.646308485897137,40.75116884131014],[-96.64626084881273,40.752518992936309],[-96.64621320849831,40.753869144199562],[-96.647988672213245,40.753905359886623],[-96.648036276673324,40.752555206909001],[-96.649811707761486,40.752591393596674],[-96.649764139155991,40.753941548287379],[-96.651539609324118,40.753977709401667],[-96.651492073350482,40.755327865441451],[-96.651444534153654,40.756678021118489],[-96.649668992268587,40.756641856580416],[-96.649621413986182,40.757992010182726],[-96.651396991733364,40.758028176432809],[-96.651349446089355,40.759378331384383],[-96.649573832477657,40.759342163422247],[-96.64779822209232,40.759305968168491],[-96.647750601490685,40.760656119331763],[-96.649526247742727,40.760692316298943],[-96.649478659781181,40.762042468812822],[-96.65125434512926,40.762078640199306],[-96.651206789812647,40.763428794062627],[-96.652982514257204,40.763464939865742],[-96.654758241924057,40.76350105837308],[-96.654710755131987,40.764851215294449],[-96.65648652189364,40.764887308214341],[-96.656439067758896,40.766237466481613],[-96.65821487361589,40.7662735338114],[-96.658167452143331,40.767623693423417],[-96.658120027455041,40.768973852672922],[-96.659895908290622,40.769009896116039],[-96.661671792339732,40.769045912257646],[-96.661624436206097,40.77039607455567],[-96.661577076861107,40.77174623649131],[-96.661529714304493,40.773096398064553],[-96.659753722591759,40.773060376808139],[-96.659706320930582,40.774410536313916],[-96.659658916054852,40.775760695457222],[-96.661434979555466,40.775796720123857],[-96.661387607362528,40.777146880609898],[-96.661340231957013,40.778497040733519],[-96.661292853338651,40.779847200494736],[-96.663069027752385,40.779883202965223],[-96.663021681826052,40.781233364068122],[-96.661245471507186,40.781197359893525],[-96.661198086462377,40.782547518929874],[-96.661150698203997,40.783897677603797],[-96.659374419281434,40.783861642704885],[-96.659421843449564,40.782511485736528],[-96.659469264401665,40.781161328405652],[-96.659516682138005,40.779811170712286],[-96.657740514152877,40.779775113617987],[-96.657787964575888,40.778424957268761],[-96.657835411781178,40.777074800556974],[-96.657882855769031,40.77572464348264],[-96.657930296539661,40.774374486045765],[-96.656154275365708,40.774338408471088],[-96.656201748811611,40.772988252379307],[-96.657977734093336,40.77302432824635],[-96.658025168430285,40.771674170084388],[-96.658072599550778,40.770324011559921],[-96.656296686046232,40.770287939107995],[-96.656344149835448,40.768937781928443],[-96.654568275434258,40.768901683882746],[-96.654615771887336,40.767551528049289],[-96.65283993658899,40.767515404412478],[-96.651064104513665,40.767479253476019],[-96.649288275663778,40.76744307524006],[-96.647512450041759,40.767406869704736],[-96.645736627650038,40.767370636870211],[-96.645784300278024,40.766020489236489],[-96.644008516997388,40.765984230819235],[-96.64405622226883,40.764634084538805],[-96.642280478098755,40.76459780054148],[-96.642232736951641,40.765947945104351],[-96.642184992567209,40.767298089304091],[-96.643960808491045,40.767334376736613],[-96.643913096749557,40.768684522290947],[-96.643865381772642,40.770034667482221],[-96.645641272695642,40.7700709310487],[-96.647417166851852,40.770107167313547],[-96.647369520410834,40.771457315573564],[-96.649145453683971,40.77149352625058],[-96.649097839900477,40.772843675861701],[-96.650873812291039,40.772879860948237],[-96.65082623116993,40.774230011909289],[-96.650778646822133,40.775580162507538],[-96.649002602646661,40.775543973995298],[-96.648954979175841,40.776894122517781],[-96.650731059247406,40.776930312742977],[-96.650683468445507,40.778280462615577],[-96.650635874416196,40.779630612125352],[-96.650588277159187,40.780980761272289],[-96.650540676674268,40.782330910056402],[-96.648764452994001,40.782294712978697],[-96.648812089384734,40.780944565907831],[-96.647035904840649,40.780908343231097],[-96.647083573904155,40.779558197511768],[-96.64713123973516,40.778208051429466],[-96.645355130227188,40.778171804872024],[-96.645402828723931,40.77682166014236],[-96.647178902333863,40.77685790498419],[-96.647226561700535,40.775507758175962],[-96.647274217835431,40.774157611004775],[-96.645498216014275,40.774121369593949],[-96.645450523986213,40.775471515049659],[-96.643674489506097,40.775435244616553],[-96.643722217427069,40.774085100877592],[-96.641946222076285,40.774048804855866],[-96.641993982651115,40.77269866247179],[-96.640218026429139,40.772662340864102],[-96.640265819652967,40.771312199836082],[-96.638489902559328,40.771275852645083],[-96.638537728427295,40.769925712974278],[-96.63858555105233,40.7685755729402],[-96.638633370434675,40.767225432542851],[-96.636857564230851,40.767189063214424],[-96.636905416248126,40.765838924175327],[-96.636953265020779,40.764488784772894],[-96.637001110549065,40.763138645007153],[-96.63704895283324,40.761788504878098],[-96.637096791873546,40.760438364385742],[-96.637144627670239,40.7590882235301],[-96.638920218646319,40.759124582530518],[-96.638968015336843,40.757774439590477],[-96.639015808786681,40.756424296287221],[-96.637240289533764,40.756387940728914],[-96.635464773523708,40.756351557882581],[-96.635512635448734,40.755001417659322],[-96.637288115601095,40.755037798783391],[-96.637335938425807,40.753687656474611],[-96.637383758008156,40.752337513802551],[-96.639159169694523,40.752373864198191],[-96.639206950184075,40.751023719442124],[-96.639254727434192,40.749673574322884],[-96.641030070660861,40.749709893995366],[-96.641077808825713,40.748359746793604],[-96.641125543754043,40.74700959922874],[-96.639350272217072,40.74697328299483],[-96.639398039750319,40.745623136786044],[-96.637622807293013,40.745586794993471],[-96.637670607426358,40.744236650141936],[-96.639445804045124,40.744272990214121],[-96.639493565101745,40.742922843279032],[-96.637718404319074,40.742886504927192],[-96.637766197971416,40.741536359349226],[-96.63599107626257,40.74149999544381],[-96.636038902505788,40.74014985122411],[-96.637813988383627,40.74018621340803],[-96.637861775555947,40.738836067103648],[-96.639636828844814,40.738872400294881],[-96.639684576951112,40.73752225190723],[-96.641459597650524,40.737558556108283],[-96.643234621584483,40.737594833039068],[-96.643282294805076,40.736244680852153],[-96.643329964793807,40.734894528302284],[-96.645104920312818,40.734930774530476],[-96.645057286146397,40.736280928796418],[-96.646832280717163,40.736317149471425],[-96.648607278514959,40.73635334287701],[-96.648559712769327,40.737703500208426],[-96.650334749617173,40.737739668056726],[-96.65038227953734,40.736389509013065],[-96.652157283781889,40.736425647879415],[-96.652204774656568,40.735075486762128],[-96.65397974629731,40.735111596649034],[-96.653932291246178,40.73646175947593],[-96.65388483297771,40.737811921940263],[-96.65565987948554,40.737848007975188],[-96.655707301927777,40.736497843802475],[-96.657482315824296,40.736533900858902],[-96.659257332933265,40.736569930645054],[-96.659304680512278,40.735219762697049],[-96.659352024881485,40.733869594386697],[-96.659399366041114,40.732519425713974],[-96.66117427889381,40.732555423116565],[-96.661221581026865,40.731205252377251],[-96.659446703991463,40.731169256678911],[-96.659494038732717,40.729819087281506],[-96.659541370265174,40.728468917521781],[-96.659588698589062,40.727118747399707],[-96.661363468187218,40.727154737985693],[-96.661410757495204,40.725804565797311],[-96.663185494491444,40.725840527419081],[-96.664960234690909,40.725876461780459],[-96.666734978091171,40.725912368881325],[-96.666782156776577,40.724562191226703],[-96.668556867569109,40.724598069368135],[-96.670331581557349,40.724633920250056],[-96.67037868543693,40.72328373883731],[-96.672153366814271,40.723319560763457],[-96.672200431698997,40.721969377292766],[-96.673975080464956,40.722005170265632],[-96.675749732418851,40.722040935981148],[-96.677524387558293,40.722076674439151],[-96.679299045880853,40.722112385639491],[-96.679345964375315,40.72076219503596],[-96.681120590077995,40.72079787728898],[-96.682895218958691,40.720833532285361],[-96.682848372065649,40.722183726266678],[-96.682801521996723,40.72353391988657],[-96.682754668751727,40.724884113145031],[-96.682707812330378,40.726234306042066],[-96.684482587605515,40.726269940529882],[-96.686257366054789,40.726305547755608],[-96.688032147675827,40.72634112771911],[-96.689806932466169,40.726376680420245],[-96.689760216112745,40.727726879697002],[-96.687985395510907,40.727691325312513]],[[-96.650097051675175,40.744490457834274],[-96.648321835663566,40.744454281423643],[-96.648274250565166,40.745804436578261],[-96.650049502416806,40.745840614701564],[-96.650097051675175,40.744490457834274]],[[-96.645831969673537,40.764670341239778],[-96.645879635836835,40.763320192880094],[-96.645927298768129,40.76197004415743],[-96.644151623107987,40.761933790888804],[-96.642375950681995,40.761897510326413],[-96.642328216008792,40.763247655615501],[-96.644103924305611,40.763283937895324],[-96.64405622226883,40.764634084538805],[-96.645831969673537,40.764670341239778]],[[-96.677054669498375,40.735578543676098],[-96.677101655635354,40.734228358379873],[-96.678876636270004,40.734264084800657],[-96.678923583399524,40.732913897451326],[-96.678970527346394,40.731563709740385],[-96.677195618353636,40.73152798670241],[-96.675420712545687,40.731492236397749],[-96.675467724944525,40.730142051709088],[-96.67369285814064,40.730106275831773],[-96.673645809925006,40.731456458826557],[-96.671870910494007,40.731420653988984],[-96.671917994526211,40.730070472689349],[-96.670143134103611,40.730034642281971],[-96.670190250757855,40.728684462316878],[-96.668415429343185,40.728648606342354],[-96.668462578614623,40.727298427712938],[-96.666687796207398,40.727262546173911],[-96.66664061112499,40.72861272310444],[-96.66659342284369,40.729962899672898],[-96.666546231363284,40.731313075879306],[-96.66649903668349,40.732663251723643],[-96.666451838804093,40.734013427205909],[-96.666404637724824,40.735363602326082],[-96.668179635034292,40.735399494059465],[-96.668132466580431,40.736749670516858],[-96.669907502913361,40.736785536678426],[-96.671682542441772,40.736821375568731],[-96.673457585163263,40.736857187187631],[-96.673410520996811,40.738207368373352],[-96.675185602737898,40.73824315441491],[-96.675232631075417,40.736892971534978],[-96.677007680175819,40.736928728610643],[-96.677054669498375,40.735578543676098]],[[-96.66462964361547,40.735327683322993],[-96.664582403510821,40.736677856380503],[-96.666357433445441,40.736713777084169],[-96.666404637724824,40.735363602326082],[-96.66462964361547,40.735327683322993]],[[-96.682614089957696,40.728934690751828],[-96.682567224005865,40.730284882564511],[-96.684342106720564,40.730320522114198],[-96.684388936856777,40.728970328614146],[-96.684435763818342,40.727620134752698],[-96.682660952732448,40.727584498577663],[-96.682614089957696,40.728934690751828]],[[-96.646022614935802,40.759269745623264],[-96.64607026817265,40.757919595811742],[-96.644294700111161,40.75788334769112],[-96.642519135283081,40.757847072280605],[-96.64247141031889,40.759197218658969],[-96.644247011010521,40.75923349578671],[-96.646022614935802,40.759269745623264]],[[-96.661032353252295,40.736605933160789],[-96.662807376778957,40.736641908406],[-96.662854652708646,40.735291737050368],[-96.661079665006767,40.735255763508341],[-96.661032353252295,40.736605933160789]]],[[[-96.694804977040775,40.735934597601009],[-96.694851604921112,40.734584395447847],[-96.696626617275612,40.734619849168318],[-96.696580025222303,40.735970053000067],[-96.694804977040775,40.735934597601009]]],[[[-96.697935928457767,40.748157314468578],[-96.697982513100825,40.746807112207598],[-96.69975785430492,40.746842526472918],[-96.699711305511201,40.74819273041053],[-96.699664753561237,40.749542933987264],[-96.697889340656076,40.749507516368617],[-96.697935928457767,40.748157314468578]]],[[[-96.694291861656652,40.750786797457799],[-96.694338524324863,40.749436599276081],[-96.696113930909803,40.749472071464844],[-96.69606730409528,40.750822271325909],[-96.694291861656652,40.750786797457799]]],[[[-96.699525078771543,40.753593542552245],[-96.697749558296607,40.753558119903126],[-96.69779615557573,40.752207919085905],[-96.69957164019165,40.752243340058122],[-96.699525078771543,40.753593542552245]]],[[[-96.696816948869255,40.78056206043933],[-96.695040713868465,40.780526576923442],[-96.694994014276361,40.78187676847979],[-96.694947311517083,40.783226959674998],[-96.694900605590405,40.784577150509037],[-96.694853896496085,40.785927340981921],[-96.693077521009485,40.785891823427434],[-96.693124266020632,40.78454163463563],[-96.691347929620932,40.784506091443809],[-96.691301148693185,40.78585627855324],[-96.689524779549672,40.785820706359488],[-96.689477959530393,40.787170891423877],[-96.687701557643521,40.787135290225685],[-96.687748413581318,40.785785106846312],[-96.685972050790596,40.785749480013877],[-96.685925158934509,40.787099661706925],[-96.684148763405801,40.787064005867734],[-96.684195691179923,40.785713825862295],[-96.682419334751742,40.785678144391724],[-96.680642981508456,40.785642435602306],[-96.678866631452522,40.785606699494188],[-96.677090284586356,40.785570936067494],[-96.677043213142511,40.786921109309581],[-96.678819595925745,40.786956874429052],[-96.678772557208944,40.788307049002142],[-96.680548979101928,40.788342788493296],[-96.682325404182734,40.788378500663164],[-96.682278434120263,40.789728678256409],[-96.684054898309142,40.789764364793889],[-96.68583136568121,40.789800024008485],[-96.687607836234093,40.789835655900085],[-96.68938430996532,40.789871260468544],[-96.689337480419027,40.791221444448801],[-96.69111399325223,40.791257023377895],[-96.691067196458263,40.792607208680757],[-96.689290647696566,40.792571628067655],[-96.687514102111251,40.792536020128694],[-96.687467230281698,40.793886201700793],[-96.685690651944796,40.793850564749434],[-96.683914076789407,40.79381490047119],[-96.682137504817959,40.793779208866212],[-96.680360936032912,40.793743489934634],[-96.680407951582779,40.792393315116897],[-96.678631421915995,40.792357570550664],[-96.678584370436667,40.793707743676585],[-96.676807808031668,40.793671970092234],[-96.676854895440215,40.79232179865943],[-96.67507837215787,40.792285999443308],[-96.675031248820346,40.793636169181717],[-96.673254692805145,40.793600340945154],[-96.673207530340363,40.794950508625853],[-96.671430941592774,40.794914651366341],[-96.671478139988466,40.79356448538271],[-96.669701590372782,40.793528602494526],[-96.66974882149573,40.792178437847085],[-96.66797231101144,40.792142529332864],[-96.667925043960494,40.793492692280729],[-96.666148500754048,40.793456754741477],[-96.664371960755872,40.793420789876912],[-96.664419299662057,40.792070630332056],[-96.662642798801826,40.79203463984576],[-96.662595423968398,40.793384797687168],[-96.660818890394054,40.793348778172394],[-96.659042360035272,40.79331273133274],[-96.659089806722463,40.79196257690208],[-96.657313315508176,40.791926504444994],[-96.657360794901678,40.790576351359057],[-96.65913725019189,40.7906124221089],[-96.660913708699582,40.79064846553657],[-96.660961113029629,40.789298308674937],[-96.661008514144825,40.787948151450834],[-96.662784904025756,40.787984164147083],[-96.662832266009119,40.786634004856055],[-96.662879624780587,40.785283845202635],[-96.664655946041051,40.785319827172728],[-96.664608623184677,40.786669988529255],[-96.666384983569699,40.786705944883742],[-96.666432270510739,40.785355781825409],[-96.668208598187221,40.785391709160521],[-96.669984929068036,40.785427609177894],[-96.671761263150813,40.785463481877436],[-96.673537600433065,40.785499327258975],[-96.67349045715585,40.786849497111632],[-96.675266833551746,40.786885316870396],[-96.675313940912389,40.785535145322363],[-96.675361045078404,40.784184973412437],[-96.675408146050032,40.782834801140609],[-96.677184417897664,40.782870588497801],[-96.678960692936997,40.78290634853915],[-96.679007718895193,40.781556172518989],[-96.679054741664345,40.780205996137063],[-96.680830948075368,40.780241725479947],[-96.680877931750572,40.778891547045134],[-96.682654105442566,40.778927247384608],[-96.684430282318246,40.778962920411686],[-96.684383370454071,40.780313102224916],[-96.686159586416892,40.780348749626732],[-96.686206462375168,40.778998566126226],[-96.68798264561093,40.779034184528093],[-96.689758832023088,40.779069775617138],[-96.68971202787732,40.78041996248831],[-96.691488253370053,40.780455527947801],[-96.691535021609212,40.779105339393233],[-96.693311214366886,40.779140875856221],[-96.69335794353006,40.777790685258346],[-96.695134103552149,40.777826192727346],[-96.696910266740673,40.777861672884235],[-96.69686360938708,40.779211866842324],[-96.696816948869255,40.78056206043933]],[[-96.678913663789515,40.784256524197545],[-96.680689977930584,40.784292258614251],[-96.680736971165615,40.782942081264515],[-96.678960692936997,40.78290634853915],[-96.678913663789515,40.784256524197545]],[[-96.68793580555878,40.780384369714575],[-96.687888962329993,40.781734554539639],[-96.687842115924312,40.783084739003293],[-96.689618410062891,40.783120335146606],[-96.68966522055733,40.781770148998142],[-96.68971202787732,40.78041996248831],[-96.68793580555878,40.780384369714575]]],[[[-96.700043218961866,40.790084314085185],[-96.698266726211585,40.790048873458609],[-96.696490236625095,40.79001340550802],[-96.696536919299447,40.788663214438643],[-96.698313372961337,40.788698680710532],[-96.700089829786748,40.788734119659708],[-96.700043218961866,40.790084314085185]]],[[[-96.694760468803509,40.788627720844204],[-96.69471375020477,40.789977910233581],[-96.694667028437408,40.791328099261776],[-96.692890509259172,40.791292574982265],[-96.69111399325223,40.791257023377895],[-96.691160786872459,40.789906837713694],[-96.692937266953095,40.789942387635435],[-96.692984021475951,40.788592199927336],[-96.694760468803509,40.788627720844204]]],[[[-96.69457357539585,40.794028476234594],[-96.692796984357201,40.793992948592177],[-96.69102039649033,40.793957393622307],[-96.691067196458263,40.792607208680757],[-96.692843748393955,40.792642761967848],[-96.694620303501182,40.79267828792878],[-96.69457357539585,40.794028476234594]]],[[[-96.693964664013734,40.862923186841364],[-96.692186234061424,40.862887600747229],[-96.692233124115376,40.86153743087025],[-96.694011518011735,40.861573015280747],[-96.693964664013734,40.862923186841364]]],[[[-96.688535449814111,40.865516678305241],[-96.688582418352894,40.864166512522708],[-96.688629383704708,40.862816346378523],[-96.690407807290939,40.862851987259567],[-96.690360877997023,40.864202155090041],[-96.690313945518568,40.865552322558941],[-96.688535449814111,40.865516678305241]]],[[[-96.686615924361348,40.869531496770044],[-96.686662938529906,40.868181333760333],[-96.686709949508327,40.866831170388892],[-96.688488478088118,40.866866843726129],[-96.688441503174687,40.868217008785358],[-96.688394525073576,40.869567173482928],[-96.686615924361348,40.869531496770044]]],[[[-96.690032283759422,40.873653319778825],[-96.689985328982516,40.875003484716501],[-96.689938371019139,40.876353649292547],[-96.688159586743964,40.876317991545577],[-96.688112589511519,40.877668154073035],[-96.686333772343431,40.877632467231606],[-96.684554958367201,40.877596752982839],[-96.684507885776526,40.87894691177064],[-96.682729038910551,40.878911168423748],[-96.682681927038857,40.880261325158727],[-96.68090304728365,40.88022555271121],[-96.679124170728116,40.880189752854172],[-96.677345297374714,40.880153925587784],[-96.677392517504373,40.878803773933548],[-96.675613683441043,40.87876792095409],[-96.673834852584463,40.878732040566852],[-96.672056024937092,40.878696132771992],[-96.672103350110859,40.877345985847811],[-96.670324561757454,40.877310052345408],[-96.668545776617904,40.877274091436966],[-96.666766994694655,40.877238103122608],[-96.666814424895847,40.875887960939714],[-96.666861851878551,40.874537818394316],[-96.666909275643022,40.873187675486399],[-96.665130605168542,40.873151664877447],[-96.665178061786804,40.871801523310623],[-96.665225515184872,40.870451381381223],[-96.667004113518217,40.870487388583058],[-96.668782715069057,40.870523368385612],[-96.668735333809934,40.87187351372075],[-96.668687949335506,40.873223658693462],[-96.670466626243524,40.873259614498494],[-96.670419274628273,40.874609760809854],[-96.670371919799663,40.875959906758808],[-96.672150672073201,40.875995838561295],[-96.673929427557894,40.876031742958851],[-96.673882141675662,40.877381891943983],[-96.675660936449418,40.877417770633834],[-96.675708186251299,40.876067619951378],[-96.677486948150985,40.876103469538698],[-96.677439734429726,40.877453621917176],[-96.679218535614083,40.877489445793891],[-96.679171354772038,40.878839599505064],[-96.680950195241593,40.878875397668509],[-96.680997340000076,40.87752524226385],[-96.682776147585272,40.877561011326868],[-96.682823253063233,40.876210853868081],[-96.68287035534469,40.874860696047385],[-96.682917454429898,40.873510537864796],[-96.682964550319113,40.872160379320313],[-96.684743216789329,40.872196114213288],[-96.686521886452852,40.87223182170424],[-96.688300559307251,40.87226750179304],[-96.688253571641582,40.873617665405575],[-96.690032283759422,40.873653319778825]],[[-96.684649093965874,40.874896434321727],[-96.686427835780876,40.874932145191458],[-96.686474862712416,40.873581983628732],[-96.684696156974383,40.873546274448422],[-96.684649093965874,40.874896434321727]]],[[[-96.681582304681811,40.758638827125623],[-96.681629237408529,40.757288642904768],[-96.683404836944533,40.757324316215758],[-96.683357940084335,40.758674502125395],[-96.681582304681811,40.758638827125623]]],[[[-96.686534505089696,40.769547271501935],[-96.684758576305939,40.769511637596395],[-96.684711686705427,40.770861821940265],[-96.682935725212573,40.770826159043153],[-96.681159766901942,40.770790468841383],[-96.681206728279477,40.769440287874986],[-96.681253686472616,40.768090106546957],[-96.681300641481585,40.766739924857312],[-96.67952479401275,40.766704212422852],[-96.679571781718678,40.765354032062042],[-96.681347593306654,40.765389742806043],[-96.681394541948038,40.764039560393172],[-96.683170320841,40.764075242148699],[-96.684946102914964,40.764110896606041],[-96.684899226031163,40.765461082395859],[-96.684852345968565,40.766811267824195],[-96.683076492134333,40.766775609991143],[-96.683029573008895,40.768125793370032],[-96.684805462726899,40.768161452891043],[-96.686581355624213,40.76819708510984],[-96.686534505089696,40.769547271501935]]],[[[-96.678490257904045,40.796408088842988],[-96.676713623633304,40.796372311872219],[-96.67676071742946,40.795022141163159],[-96.678537315766107,40.795057916440697],[-96.678490257904045,40.796408088842988]]],[[[-96.673113195814182,40.797650842901177],[-96.671336535197497,40.79761498224736],[-96.671383739995875,40.7962648169879],[-96.673160364676789,40.796300675944522],[-96.674936992556752,40.796336507572661],[-96.67488985963017,40.797686676225226],[-96.673113195814182,40.797650842901177]]],[[[-96.676572323078872,40.800422821828008],[-96.676619426458274,40.79907265220465],[-96.678396132604462,40.799108432562129],[-96.678349065166458,40.800458603878944],[-96.676572323078872,40.800422821828008]]],[[[-96.673285436390657,40.843592195005584],[-96.673332678148213,40.842242038663095],[-96.67511053242373,40.842277900617361],[-96.675063326685247,40.843628058656755],[-96.673285436390657,40.843592195005584]]],[[[-96.679360058931408,40.873438982488153],[-96.677581365982277,40.873403163695436],[-96.677628570092807,40.872053010230651],[-96.675849916420276,40.872017165731009],[-96.675897153398537,40.870667013599899],[-96.677675771000224,40.870702856403788],[-96.677722968704813,40.869352702214847],[-96.679501553440701,40.869388515924186],[-96.679454391804754,40.870738671807516],[-96.679407226968408,40.872088827328852],[-96.679360058931408,40.873438982488153]]],[[[-96.673457585163263,40.736857187187631],[-96.673504646139079,40.735507005640081],[-96.675279656224745,40.735542788293287],[-96.675232631075417,40.736892971534978],[-96.673457585163263,40.736857187187631]]],[[[-96.669654356046422,40.79487876677981],[-96.671430941592774,40.794914651366341],[-96.671383739995875,40.7962648169879],[-96.66960711851641,40.796228930702952],[-96.669654356046422,40.79487876677981]]],[[[-96.663377101673447,40.821774056606465],[-96.663424508056281,40.820423904672268],[-96.665201767115278,40.820459903594191],[-96.66515439671106,40.821810057231978],[-96.663377101673447,40.821774056606465]]],[[[-96.662333347191307,40.851477307441321],[-96.662380824381046,40.85012716348303],[-96.66415887553228,40.850163199899576],[-96.66411143437476,40.851513345562957],[-96.662333347191307,40.851477307441321]]],[[[-96.665842116435655,40.852899503308365],[-96.664063989998354,40.852863490863768],[-96.66411143437476,40.851513345562957],[-96.665889524777143,40.851549356303686],[-96.665842116435655,40.852899503308365]]],[[[-96.660412704220292,40.855491666518517],[-96.660460227114129,40.854141525354684],[-96.662238383147525,40.854177594270034],[-96.662190896293012,40.855527737140463],[-96.660412704220292,40.855491666518517]]],[[[-96.654188187838898,40.779702917494483],[-96.654235710065578,40.778352764562385],[-96.656011835710643,40.778388874570695],[-96.655964349385684,40.779739029212017],[-96.654188187838898,40.779702917494483]]],[[[-96.652269335778129,40.783717229953645],[-96.652316903582715,40.782367079820396],[-96.654093133716884,40.782403222270545],[-96.654045601821039,40.783753374114511],[-96.652269335778129,40.783717229953645]]],[[[-96.662926980340401,40.783933685186838],[-96.662879624780587,40.785283845202635],[-96.661103306731761,40.785247835915257],[-96.661150698203997,40.783897677603797],[-96.662926980340401,40.783933685186838]]],[[[-96.661008514144825,40.787948151450834],[-96.659232127478475,40.787912111434885],[-96.659279561296145,40.786561955554077],[-96.659326991897046,40.78521179931073],[-96.661103306731761,40.785247835915257],[-96.66105591204547,40.786597993864284],[-96.661008514144825,40.787948151450834]]],[[[-96.658710143107243,40.802763802195386],[-96.658757612325601,40.801413650302749],[-96.660534358295976,40.801449707380002],[-96.660486925021402,40.802799860979142],[-96.658710143107243,40.802763802195386]]],[[[-96.65271339906684,40.821557478459972],[-96.652665773587088,40.82290761978264],[-96.652618144876598,40.824257760742427],[-96.650840800440363,40.824221565228314],[-96.650888465132596,40.822871425981297],[-96.650936126591645,40.821521286371329],[-96.65271339906684,40.821557478459972]]],[[[-96.650459366477605,40.835022666137007],[-96.648681737335181,40.83498642955405],[-96.648634007529594,40.836336563819444],[-96.64685634562187,40.836300298156438],[-96.646904111430644,40.834950165607012],[-96.646951873999114,40.833600032694441],[-96.648729463902924,40.833636294925583],[-96.648777187233037,40.832286159934021],[-96.650554744375924,40.832322393087821],[-96.652332304753742,40.832358598879978],[-96.652284653420963,40.833708737299325],[-96.652236998855457,40.835058875355742],[-96.650459366477605,40.835022666137007]]],[[[-96.655792273307711,40.835131211699931],[-96.655839855870013,40.833781070220773],[-96.657617461937562,40.833817195636527],[-96.657569915377223,40.835167338825123],[-96.655792273307711,40.835131211699931]]],[[[-96.657094272320236,40.848668750759138],[-96.657141851148609,40.847318611198254],[-96.657189426749042,40.845968471274581],[-96.658967360149816,40.846004584702591],[-96.660745296775843,40.846040670755293],[-96.660697793223989,40.847390814095213],[-96.658919820573558,40.84735472633502],[-96.658872277771792,40.848704867604724],[-96.658824731744318,40.85005500851171],[-96.657046690263698,40.850018889957212],[-96.656999104978752,40.851369028792476],[-96.655221030695316,40.851332881148693],[-96.6552686520115,40.849982744023691],[-96.655316270096847,40.848632606535809],[-96.657094272320236,40.848668750759138]]],[[[-96.65156949536015,40.853960770032849],[-96.649791358709052,40.853924536820458],[-96.649743619584598,40.85527466771763],[-96.649695877220978,40.856624798251694],[-96.647917671731236,40.856588534225615],[-96.647869890085758,40.857938662680787],[-96.649648131617937,40.857974928422628],[-96.651426376389807,40.858011166778255],[-96.651378663592212,40.859361298300627],[-96.651330947557142,40.860711429459933],[-96.649552630692568,40.86067518767512],[-96.649600382775219,40.859325058230446],[-96.647822105198145,40.859288790772744],[-96.646043830863448,40.859252495927691],[-96.645996006686403,40.860602621939258],[-96.644217699549685,40.86056629798847],[-96.64243939566046,40.860529946649322],[-96.642487291930905,40.859179824076065],[-96.640709027337934,40.859143447069783],[-96.640661095021173,40.860493567921942],[-96.638882797634267,40.860457161806487],[-96.637104503502172,40.860420728303097],[-96.635326212627348,40.860384267411909],[-96.635278168913402,40.861734382729352],[-96.633499845250512,40.861697892724195],[-96.631721524850008,40.861661375330236],[-96.631673405775956,40.863011486829876],[-96.629895052590598,40.862974940318267],[-96.62811670267277,40.862938366416863],[-96.626338356024903,40.862901765125812],[-96.626290125530105,40.864251871070557],[-96.624511746103252,40.864215240657039],[-96.622733369951504,40.864178582852887],[-96.62278167254884,40.862828480375335],[-96.621003335725518,40.862791796916198],[-96.62105167109398,40.861441695809923],[-96.619273373598574,40.861404986698474],[-96.619321741733316,40.860054886964633],[-96.617543483565314,40.860018152203537],[-96.617591884461433,40.858668053843303],[-96.617640282073708,40.857317955118702],[-96.617688676402352,40.855967856029721],[-96.619466826448502,40.856004585577288],[-96.621244979775568,40.8560412877424],[-96.621293298749166,40.854691184814946],[-96.623071419318464,40.854727857862358],[-96.623119698980048,40.853377752835634],[-96.624897786791053,40.853414396767832],[-96.624946027145512,40.852064289643295],[-96.626724082197754,40.852100904462802],[-96.626772283249949,40.850750795241872],[-96.628550305542916,40.850787380951203],[-96.630328331103556,40.850823939282513],[-96.63210635992948,40.850860470235681],[-96.632154449629084,40.84951035546176],[-96.630376456830902,40.849473826236974],[-96.630424579293219,40.848123712827601],[-96.632202536066103,40.848160240324084],[-96.633980496101316,40.84819674044487],[-96.633932445689837,40.849546857309555],[-96.635710445010716,40.849583331780181],[-96.635758459396399,40.848233213189779],[-96.635806470524614,40.84688309423575],[-96.637584401053545,40.846919537880311],[-96.637536425948923,40.848269658558692],[-96.639314395756443,40.848306076551467],[-96.639266453423133,40.849656198589408],[-96.641044462509782,40.84969259092771],[-96.641092368816544,40.848342467167917],[-96.641140271873169,40.846992343044732],[-96.642918212159032,40.847028704564302],[-96.642870345126752,40.848378830407967],[-96.644648324684667,40.848415166271415],[-96.6464263074878,40.848451474758136],[-96.648204293533752,40.848487755867993],[-96.649982282820076,40.84852400960083],[-96.649934556649839,40.84987414195038],[-96.651712585202134,40.849910370020133],[-96.651664891824211,40.851260503720724],[-96.651617195210292,40.852610637058305],[-96.65156949536015,40.853960770032849]],[[-96.64618728392675,40.855202115713432],[-96.646235095126073,40.853851988248842],[-96.644456968199066,40.853815672889894],[-96.644409120962692,40.855165798636264],[-96.644361270479806,40.856515924019305],[-96.646139469483373,40.856552242814779],[-96.64618728392675,40.855202115713432]],[[-96.648013225296879,40.853888276225753],[-96.648060997217527,40.852538146681063],[-96.646282903081598,40.852501860421029],[-96.646235095126073,40.853851988248842],[-96.648013225296879,40.853888276225753]]],[[[-96.660507746783665,40.852791383828155],[-96.658729630011166,40.852755289237422],[-96.658777182490851,40.851405149055935],[-96.660555263229185,40.851441241938929],[-96.660507746783665,40.852791383828155]]],[[[-96.656951516465128,40.852719167264922],[-96.658729630011166,40.852755289237422],[-96.658682074304991,40.854105429056141],[-96.656903924722599,40.85406930537453],[-96.656951516465128,40.852719167264922]]],[[[-96.654887590997035,40.860783830862545],[-96.654935234936204,40.859433696277875],[-96.656713525458315,40.859469854184667],[-96.656665917567466,40.860819990480081],[-96.656618306446219,40.862170126412636],[-96.65483994382501,40.862133965084297],[-96.654792293419888,40.863484098943104],[-96.653013897978823,40.863447908512065],[-96.653061584436912,40.862097776365431],[-96.651283228284342,40.862061560256173],[-96.651330947557142,40.860711429459933],[-96.653109267659431,40.860747643855788],[-96.654887590997035,40.860783830862545]]],[[[-96.646845196256237,40.786308922478582],[-96.646892878252388,40.784958778211198],[-96.648669170520492,40.784995006031679],[-96.648621524437203,40.786345152013794],[-96.646845196256237,40.786308922478582]]],[[[-96.648383245545659,40.793095876480152],[-96.646606737763946,40.793059638370295],[-96.644830233217235,40.793023372936688],[-96.644877967309498,40.79167323220075],[-96.643101501924761,40.791636941161201],[-96.643053731907969,40.792987080179493],[-96.643005958651301,40.794337218834613],[-96.642958182154501,40.79568735712656],[-96.642910402417314,40.797037495055321],[-96.644687011514719,40.797073792965875],[-96.646463623850323,40.797110063548956],[-96.646415912741247,40.798460204549087],[-96.644639264471152,40.798423932249364],[-96.644591514189131,40.799774071169729],[-96.644543760668427,40.801124209726972],[-96.646320480814808,40.801160485460144],[-96.646272759996933,40.802510625371077],[-96.644496003908756,40.802474347921063],[-96.642719251059773,40.802438043138388],[-96.640942501452429,40.802401711023244],[-96.640990330094922,40.801051576266694],[-96.639213619672674,40.801015218539916],[-96.637436912496668,40.800978833482212],[-96.635660208569334,40.800942421093751],[-96.635708141783098,40.799592291139739],[-96.63393147704474,40.799555853145172],[-96.633883507893117,40.800905981374669],[-96.632106810470447,40.800869514325107],[-96.630330116303739,40.800833019945216],[-96.628553425395438,40.80079649823513],[-96.626776737747974,40.800759949195019],[-96.625000053363792,40.80072337282499],[-96.625048202200958,40.799373253237484],[-96.623271557018839,40.799336651269982],[-96.623319738524486,40.797986533050768],[-96.625096347772697,40.798023133286065],[-96.625144490079222,40.796673012970771],[-96.623367916762504,40.796636414467606],[-96.623416091733148,40.795286295520491],[-96.623464263436645,40.793936176209435],[-96.623512431873266,40.792586056534439],[-96.62173596960308,40.792549435905393],[-96.621784170694596,40.791199317599599],[-96.62356059704328,40.791235936495518],[-96.623608758946901,40.789885816092664],[-96.625385152642622,40.789922405936224],[-96.627161549602036,40.789958968460361],[-96.627209636405482,40.788608844231447],[-96.62898600070875,40.788645377706885],[-96.630762368270609,40.788681883863909],[-96.632538739088616,40.788718362702369],[-96.632586714885349,40.787368232926369],[-96.634363053041355,40.787404682720926],[-96.634315113160341,40.788754814222109],[-96.636091490483352,40.788791238423002],[-96.636139394448392,40.787441105197921],[-96.637915739104045,40.787477500357205],[-96.639692087005869,40.787513868198644],[-96.641468438151435,40.787550208722074],[-96.641420641935824,40.78890034711111],[-96.643197032239698,40.788936662035134],[-96.643244792538326,40.787586521927373],[-96.643292549598073,40.786236381456447],[-96.64506887130905,40.786272665626086],[-96.646845196256237,40.786308922478582],[-96.646797511026321,40.78765906638295],[-96.646749822562398,40.789009209924316],[-96.646702130864185,40.790359353102673],[-96.648478566798303,40.790395587782463],[-96.650255005964524,40.790431795140961],[-96.650207382877198,40.791781941384983],[-96.648430907788153,40.791745732312783],[-96.648383245545659,40.793095876480152]],[[-96.632346803361912,40.794118878170615],[-96.632298811294064,40.795469006128727],[-96.634075364980887,40.795505466275465],[-96.634123321120867,40.794155336591821],[-96.632346803361912,40.794118878170615]],[[-96.627017269623138,40.794009338964365],[-96.627065366211113,40.792659215826824],[-96.625288897410101,40.79262264984164],[-96.625240764897669,40.793972771248548],[-96.627017269623138,40.794009338964365]],[[-96.626969169773147,40.795359461738116],[-96.628745713687763,40.795396003859906],[-96.628793777610625,40.794045879356744],[-96.627017269623138,40.794009338964365],[-96.626969169773147,40.795359461738116]],[[-96.63767636639318,40.794228171462017],[-96.63589984213209,40.794191767688993],[-96.635851921920263,40.795541899096875],[-96.635803998458314,40.796892030141301],[-96.637580594578608,40.796928437360293],[-96.637628482109747,40.795578304592837],[-96.63940504554688,40.795614682763208],[-96.639452893901705,40.794264547910714],[-96.639500739011524,40.792914412694905],[-96.637724247429219,40.792878037967796],[-96.63767636639318,40.794228171462017]]],[[[-96.645795373755263,40.8160120045101],[-96.645843126951974,40.814661868230218],[-96.647620209864769,40.814698133790486],[-96.647572492634453,40.816048271786585],[-96.645795373755263,40.8160120045101]]],[[[-96.647429321521599,40.820098683596484],[-96.647477048463116,40.818748546689598],[-96.649254242519689,40.818784790050351],[-96.649206551552112,40.820134928672381],[-96.647429321521599,40.820098683596484]]],[[[-96.647333857925616,40.822798956320973],[-96.647381591342523,40.821448820140276],[-96.649158857349391,40.82148506693138],[-96.6491111599113,40.822835204827356],[-96.647333857925616,40.822798956320973]]],[[[-96.645030881900041,40.8376141355971],[-96.645078686954733,40.836264005128186],[-96.64685634562187,40.836300298156438],[-96.646808576572553,40.83765043034267],[-96.645030881900041,40.8376141355971]]],[[[-96.645116589217807,40.784922523074705],[-96.64516430389061,40.783572380160287],[-96.646940557015,40.783608633580819],[-96.646892878252388,40.784958778211198],[-96.645116589217807,40.784922523074705]]],[[[-96.640607610107295,40.811852644146711],[-96.638830612088555,40.811816272652294],[-96.637053617318074,40.811779873816626],[-96.635276625798269,40.811743447639849],[-96.633499637531557,40.811706994122126],[-96.631722652520409,40.811670513263593],[-96.629945670767228,40.811634005064391],[-96.629993737868105,40.810283883197513],[-96.628216795331923,40.810247349386749],[-96.626439856058326,40.810210788236887],[-96.626487991807068,40.808860669465332],[-96.628264895126776,40.808897228885023],[-96.630041801708828,40.808933760966923],[-96.631818711550778,40.808970265710876],[-96.631866736179617,40.80762014138903],[-96.633643613326839,40.807656617068673],[-96.633595624650212,40.809006743116754],[-96.635372541004699,40.809043193184408],[-96.637149460611781,40.809079615913681],[-96.638926383469041,40.809116011304447],[-96.638878499402807,40.81046614216006],[-96.640655461463467,40.810502511933294],[-96.642432426769673,40.810538854366413],[-96.642384611371838,40.811888988299749],[-96.640607610107295,40.811852644146711]]],[[[-96.644113833199555,40.813275440399991],[-96.644161615879739,40.811925305111245],[-96.645938623628595,40.811961594581057],[-96.645890876909661,40.813311731587206],[-96.644113833199555,40.813275440399991]]],[[[-96.638016030561332,40.834768435415604],[-96.638063973129718,40.833418311101937],[-96.639841546808853,40.833454710144871],[-96.639793640239958,40.834804836180894],[-96.638016030561332,40.834768435415604]]],[[[-96.643348869344948,40.834877555621254],[-96.641571253168635,40.834841209582827],[-96.641619123737797,40.833491081825713],[-96.643396703914121,40.833527426144364],[-96.643348869344948,40.834877555621254]]],[[[-96.631530495361929,40.817071004004916],[-96.631482447925478,40.818421125781022],[-96.63143439722981,40.819771247193422],[-96.629657199684544,40.819734728626841],[-96.629705286351665,40.818384608942516],[-96.629753369757111,40.8170344888944],[-96.627976247413699,40.8169979464382],[-96.62619912833415,40.816961376636456],[-96.626150972991454,40.818311493224691],[-96.624373821209957,40.818274894345663],[-96.624422012520895,40.81692477948932],[-96.622644899976336,40.816888154996917],[-96.622693123984106,40.81553804150969],[-96.620916050676016,40.815501391406585],[-96.620867790702945,40.816851503159405],[-96.620819527456277,40.81820161454813],[-96.619042385488996,40.818164933629902],[-96.61726524679797,40.818128225365584],[-96.615488111385673,40.818091489755297],[-96.615439736956148,40.819441595568549],[-96.61366256885583,40.819404830872742],[-96.61371097925452,40.818054726799197],[-96.613759386369608,40.816704622361243],[-96.611982293488509,40.816667833800395],[-96.612030733284328,40.815317730738904],[-96.610253679652786,40.815280916575972],[-96.610302152124461,40.813930814892117],[-96.61207916979464,40.813967627312977],[-96.613856190750084,40.814004412392194],[-96.615633214988364,40.81404117012962],[-96.617410242507006,40.814077900525085],[-96.617458567853788,40.812727791516444],[-96.615681576294804,40.812691062859088],[-96.61390458801597,40.812654306861091],[-96.612127603019701,40.81261752352259],[-96.610350621308442,40.81258071284374],[-96.610399087204982,40.811230610430847],[-96.608622144737382,40.811193774155022],[-96.606845205559409,40.811156910540404],[-96.606893740076117,40.80980681125061],[-96.608670643300542,40.80984367312076],[-96.610447549814324,40.809880507653446],[-96.612224459615049,40.809917314848505],[-96.612272882985849,40.808567209964821],[-96.614049760119201,40.808603988081593],[-96.615826640534351,40.808640738861754],[-96.615778289067549,40.809990847225151],[-96.617555208714464,40.810027572406455],[-96.617603524228883,40.808677462305127],[-96.619380411200368,40.808714158411583],[-96.619332131638572,40.810064270249541],[-96.621109057837444,40.810100940754268],[-96.622885987308649,40.810137583920508],[-96.622934194964415,40.808787468613176],[-96.624711091752147,40.808824082708],[-96.624662920049758,40.810174199748097],[-96.626439856058326,40.810210788236887],[-96.626391717044555,40.811560906644573],[-96.62461474507991,40.81152431642424],[-96.622837776382994,40.81148769886385],[-96.621060810956223,40.811451053963488],[-96.621012560802399,40.812801166808619],[-96.619235562690463,40.812764492833004],[-96.619187273303623,40.814114603578496],[-96.620964307375758,40.814151279289661],[-96.622741344720964,40.814187927658445],[-96.624518385336827,40.814224548684713],[-96.626295429220917,40.814261142368302],[-96.626247280410553,40.815611259684317],[-96.628024363524048,40.815647827755555],[-96.629801449901137,40.815684368482536],[-96.631578539539404,40.815720881865118],[-96.633355632436377,40.815757367903153],[-96.633307624225736,40.817107491769598],[-96.631530495361929,40.817071004004916]]],[[[-96.636382350074257,40.830681638426391],[-96.636334378015761,40.832031761743522],[-96.638111912445851,40.832068186424785],[-96.638063973129718,40.833418311101937],[-96.636286402702837,40.83338188469709],[-96.63450883553061,40.833345430930457],[-96.634556846840098,40.831995309701774],[-96.6346048548927,40.830645188109465],[-96.636382350074257,40.830681638426391]]],[[[-96.626010493533528,40.77237078507796],[-96.625962409957708,40.773720911942156],[-96.625914323121179,40.775071038442569],[-96.624138324377753,40.775034467644055],[-96.624186447104464,40.773684342874589],[-96.62241048751433,40.773647746503258],[-96.622458642865396,40.772297623102126],[-96.624234566568035,40.772334217741289],[-96.624282682768765,40.770984092244149],[-96.626058573848937,40.771020657850009],[-96.626010493533528,40.77237078507796]]],[[[-96.625673840019559,40.781821665487797],[-96.625625733613674,40.783171789805429],[-96.627401951011606,40.783208343678147],[-96.629178171669565,40.783244870237745],[-96.629130133816361,40.784594997650565],[-96.627353877250712,40.784558469362103],[-96.625577623945347,40.784521913759257],[-96.625529511014321,40.785872037349243],[-96.623753225062032,40.785835452700624],[-96.623801373902666,40.784485330842138],[-96.622025127125085,40.784448720610911],[-96.62207330860754,40.783098600121257],[-96.623849519478171,40.783135208619747],[-96.623897661788817,40.781785086033487],[-96.623945800834832,40.780434963083337],[-96.622169661770769,40.780398358050086],[-96.622217833452069,40.779048236468583],[-96.623993936616486,40.779084839769311],[-96.62404206913402,40.777734716091423],[-96.6258181396651,40.777771290352042],[-96.625770043045009,40.779121415761097],[-96.625721943163256,40.780471540806346],[-96.625673840019559,40.781821665487797]]],[[[-96.627257719947906,40.787258719638771],[-96.627209636405482,40.788608844231447],[-96.625433275363221,40.788572283437738],[-96.623656917584398,40.788535695325891],[-96.623705072956028,40.787185574195206],[-96.625481394820369,40.787222160575411],[-96.625529511014321,40.785872037349243],[-96.627305800229564,40.785908594682319],[-96.627257719947906,40.787258719638771]]],[[[-96.623175184203618,40.802036886616513],[-96.6249519012609,40.802073492048628],[-96.626728621584135,40.802110070149688],[-96.626680502156773,40.803460190740509],[-96.626632379465633,40.804810310967483],[-96.624855587257031,40.80477372940414],[-96.623078798314864,40.804737120507149],[-96.62312699289356,40.803387003743822],[-96.623175184203618,40.802036886616513]]],[[[-96.623698799500332,40.837176464113817],[-96.623747036599781,40.835826354353756],[-96.625524656190095,40.835862975753493],[-96.625476455092993,40.837213087246411],[-96.623698799500332,40.837176464113817]]],[[[-96.62158314375705,40.846590559601893],[-96.62163143978843,40.845240454125054],[-96.62340930817237,40.845277115028601],[-96.623361048160135,40.846627222240066],[-96.62158314375705,40.846590559601893]]],[[[-96.620779095101796,40.769560756733362],[-96.620827276537725,40.76821063397378],[-96.62260308932791,40.768247250715326],[-96.622554943771931,40.769597375208157],[-96.620779095101796,40.769560756733362]]],[[[-96.623705072956028,40.787185574195206],[-96.621928754357299,40.787148960498321],[-96.621976942375099,40.785798840736597],[-96.623753225062032,40.785835452700624],[-96.623705072956028,40.787185574195206]]],[[[-96.605165407319262,40.808419824134376],[-96.605213971201053,40.80706972586092],[-96.606990799234381,40.80710661157714],[-96.606942271301023,40.8084567115962],[-96.605165407319262,40.808419824134376]]],[[[-96.601514407787533,40.81104615566543],[-96.601563050163378,40.809696061616734],[-96.603339943505105,40.809733005498458],[-96.603291337082055,40.811083101295466],[-96.605068269673495,40.811120019587165],[-96.605019695908993,40.812470116766512],[-96.603242727362087,40.812433196727689],[-96.60146576211234,40.812396249349256],[-96.601514407787533,40.81104615566543]]],[[[-96.602999629299603,40.819183668416855],[-96.601222484237226,40.819146712295392],[-96.599445342475747,40.819109728828003],[-96.599494040618637,40.81775963871857],[-96.601271146412984,40.817796620435935],[-96.601319805288128,40.816446528211564],[-96.603096878418128,40.816483480835622],[-96.603048255507971,40.817833574808638],[-96.604825367901114,40.817870501836559],[-96.604776777660405,40.819220597192221],[-96.604728184123672,40.820570692183146],[-96.602950999792796,40.820533761660243],[-96.602999629299603,40.819183668416855]]],[[[-96.611740045217928,40.823418343640775],[-96.611788501445091,40.822068242401656],[-96.610011267970251,40.822031419527292],[-96.610059756884155,40.820681319666122],[-96.610108242509114,40.819331219440407],[-96.610156724845368,40.81798111885012],[-96.611933850406928,40.818017936497419],[-96.611885404039342,40.819368038829971],[-96.611836954385467,40.820718140798057],[-96.613614155173309,40.820754934581878],[-96.613565738206717,40.822105037926612],[-96.613517317955768,40.823455140906937],[-96.611740045217928,40.823418343640775]]],[[[-96.602853730882828,40.823233947052515],[-96.601076477903689,40.823196985684412],[-96.599299228226172,40.823159996966488],[-96.59934793627977,40.821809907951959],[-96.599396641029543,40.820459818572459],[-96.6011738187606,40.820496803789965],[-96.602950999792796,40.820533761660243],[-96.602902366987294,40.821883854538804],[-96.602853730882828,40.823233947052515]]],[[[-96.604582383734922,40.824620974967303],[-96.602805091479183,40.824584039201419],[-96.602853730882828,40.823233947052515],[-96.604630987161187,40.823270881070677],[-96.604582383734922,40.824620974967303]]],[[[-96.602756448776063,40.825934130985452],[-96.602707802773253,40.827284222404643],[-96.600930441855382,40.827247255789239],[-96.600979123840219,40.825897166119212],[-96.601027802522893,40.824547076084279],[-96.602805091479183,40.824584039201419],[-96.602756448776063,40.825934130985452]]],[[[-96.59915308423993,40.827210261820163],[-96.600930441855382,40.827247255789239],[-96.600881756568171,40.828597345094337],[-96.599104362968532,40.828560349374712],[-96.59915308423993,40.827210261820163]]],[[[-96.600833067978286,40.829947434034494],[-96.600881756568171,40.828597345094337],[-96.602659153470455,40.82863431345897],[-96.602610500867456,40.829984404148441],[-96.600833067978286,40.829947434034494]]],[[[-96.604387937057083,40.830021346905944],[-96.604436553672954,40.828671254468468],[-96.606213957173253,40.828708168122709],[-96.606165376544766,40.830058262306899],[-96.604387937057083,40.830021346905944]]],[[[-96.609671753460788,40.831482108347672],[-96.609720265404491,40.830132011038508],[-96.611497714771659,40.830168844368878],[-96.613275167427133,40.830205650342087],[-96.613226727464848,40.831555751135781],[-96.61500421939725,40.831592531492021],[-96.614955812142384,40.832942633661666],[-96.61317828421646,40.83290585156503],[-96.611400759576881,40.832869042108506],[-96.609623238226106,40.832832205292242],[-96.60784572016658,40.832795341116373],[-96.606068205400717,40.832758449581078],[-96.604290693930963,40.832721530686477],[-96.604339317143172,40.831371438978614],[-96.606116792620668,40.831408356126353],[-96.607894271394017,40.831445245916086],[-96.609671753460788,40.831482108347672]]],[[[-96.602561844963958,40.831334494473012],[-96.602610500867456,40.829984404148441],[-96.604387937057083,40.830021346905944],[-96.604339317143172,40.831371438978614],[-96.602561844963958,40.831334494473012]]],[[[-96.618462539297468,40.834366221056989],[-96.618510877843576,40.83301611577469],[-96.620288415613985,40.833052815790793],[-96.620240113064582,40.83440292280968],[-96.618462539297468,40.834366221056989]]],[[[-96.620191807238314,40.835753029464378],[-96.620143498134922,40.837103135754859],[-96.618365852367077,40.837066430528779],[-96.618414197472049,40.835716325975028],[-96.620191807238314,40.835753029464378]]],[[[-96.620095185754167,40.838453241681137],[-96.620143498134922,40.837103135754859],[-96.62192114718016,40.837139813616588],[-96.621872870803671,40.838489921278367],[-96.620095185754167,40.838453241681137]]],[[[-96.616491437819377,40.83972990247694],[-96.61471372660408,40.839693139043767],[-96.612936018673992,40.839656348244105],[-96.611158314031513,40.839619530078089],[-96.611206809719718,40.83826943321327],[-96.611255302118082,40.836919335983914],[-96.613032934752084,40.83695615066592],[-96.6148105706732,40.836992937984171],[-96.616588209879012,40.837029697938505],[-96.616539825490449,40.838379800389887],[-96.618317503982283,40.838416534718263],[-96.618269152317424,40.839766638543473],[-96.616491437819377,40.83972990247694]]],[[[-96.607408610873904,40.844946181507879],[-96.607360026698331,40.846296273061135],[-96.607311439226535,40.847646364249655],[-96.607262848458276,40.848996455073433],[-96.605484901592192,40.848959542585867],[-96.60553352838221,40.847609453508504],[-96.603755620836793,40.847572515393807],[-96.601977716592714,40.847535549905757],[-96.601929017759929,40.84888563548644],[-96.60188031562312,40.850235720702159],[-96.60365829191214,40.850272689688268],[-96.603609622497174,40.85162277628816],[-96.601831610182018,40.851585805552908],[-96.60005360117141,40.851548807440551],[-96.598275595467783,40.851511781951245],[-96.596497593073579,40.851474729085105],[-96.596546406591543,40.850124649489523],[-96.596595216797894,40.84877456952875],[-96.598373147143803,40.848811618888917],[-96.598421918018317,40.847461536810101],[-96.600199815652402,40.847498557044482],[-96.600248547199968,40.846148472849052],[-96.602026412121702,40.846185463960126],[-96.602075104347179,40.844835377649538],[-96.603852936556066,40.844872339639821],[-96.603901589464328,40.843522251215525],[-96.603950239072006,40.842172162426351],[-96.605728002555793,40.842209093550927],[-96.60577661285383,40.840859002649559],[-96.605825219854239,40.839508911383398],[-96.607602914619207,40.839545811647582],[-96.609380612679118,40.83958268454586],[-96.60933207769321,40.840932779302705],[-96.607554343625921,40.840895904659732],[-96.60750576933745,40.84224599730716],[-96.609283539414562,40.842282873694899],[-96.609234997842904,40.843632967722449],[-96.607457191753539,40.843596089589873],[-96.607408610873904,40.844946181507879]]],[[[-96.621534844448945,40.847940664714557],[-96.619756907301209,40.847903972966847],[-96.617978973432855,40.847867253844441],[-96.618027344783386,40.84651715220506],[-96.619805242630648,40.846553869590181],[-96.62158314375705,40.846590559601893],[-96.621534844448945,40.847940664714557]]],[[[-96.605436271503009,40.850309631298408],[-96.607214254393298,40.85034654553246],[-96.607165657031359,40.85169663562673],[-96.607117056372203,40.853046725356229],[-96.607068452415533,40.854396814720978],[-96.605290361438023,40.854359895247079],[-96.605339001426188,40.853009807629036],[-96.605387638114451,40.85165971964615],[-96.605436271503009,40.850309631298408]]]]}}
]
}
