{
"type": "FeatureCollection",
"name": "unl-east-campus__tue_0800",
"crs": { "type": "name", "properties": { "name": "urn:ogc:def:crs:OGC:1.3:CRS84" } },
"features": [
{"type":"Feature","properties":{"band":15},"geometry":{"type":"Polygon","coordinates":[[[-96.691814206526132,40.822346784240928],[-96.690036863542417,40.82231119391713],[-96.689989993685174,40.823661370907907],[-96.689943120648337,40.82501154753723],[-96.689896244431651,40.826361723805086],[-96.688118796666515,40.826326101069967],[-96.688071881277949,40.827676275290585],[-96.68984936503486,40.827711899711453],[-96.68980248245775,40.829062075256353],[-96.688024962706606,40.829026449149637],[-96.687978040952245,40.830376622647151],[-96.686200488387684,40.830340967492496],[-96.684422939008812,40.830305284975921],[-96.684375942073714,40.831655454736072],[-96.684328941950241,40.833005624134508],[-96.682551323760336,40.832969910876415],[-96.680773708761507,40.832934170254106],[-96.678996096956155,40.832898402267737],[-96.67894898563506,40.834248566230656],[-96.67717134102314,40.834212769186486],[-96.67539369960987,40.834176944777234],[-96.673616061397638,40.834141093003034],[-96.673568838866245,40.835491251518405],[-96.671791167853328,40.835455370681608],[-96.671838426388902,40.834105213864056],[-96.670060794586121,40.834069307360409],[-96.66828316599171,40.834033373492247],[-96.668235835448442,40.83538352691032],[-96.666458174061376,40.835347563976107],[-96.666410804301151,40.836697715330104],[-96.664633110121926,40.836661723327332],[-96.664680515887795,40.835311573676378],[-96.66290286093016,40.835275556011275],[-96.662950299483086,40.833925407702111],[-96.661172683746528,40.833889364377335],[-96.661125209190899,40.835239510980941],[-96.65934756067243,40.835203438585495],[-96.659395071230549,40.833853293688755],[-96.657617461937562,40.833817195636527],[-96.657665005272463,40.832467052085192],[-96.655887435204448,40.832430928378812],[-96.655935011311257,40.831080786174056],[-96.655982584190696,40.829730643606489],[-96.657760082266947,40.82976676389432],[-96.657807615927027,40.82841661925481],[-96.656030153843005,40.82838050067614],[-96.656077720268428,40.827030357383002],[-96.657855146362664,40.827066474252582],[-96.6579026735741,40.825716328887651],[-96.659680066904912,40.825752416692445],[-96.659727554907235,40.824402269257149],[-96.66150491547414,40.824438327999673],[-96.663282279259874,40.824474359387459],[-96.663329692074726,40.823124208178207],[-96.665107023093384,40.823160210507375],[-96.666884357325742,40.823196185482793],[-96.668661694769355,40.823232133104334],[-96.670439035421822,40.823268053371848],[-96.670486301094897,40.821917894993277],[-96.672263608971733,40.821953786208127],[-96.674040920052278,40.821989650069973],[-96.673993726343497,40.823339811844221],[-96.67577107660783,40.823375650048803],[-96.677548430071269,40.823411460898775],[-96.677595551814761,40.822061295734017],[-96.677642670361834,40.820711130207336],[-96.677689785712772,40.819360964318712],[-96.679467034431113,40.81939674273422],[-96.679514110610427,40.818046574790571],[-96.681291326546315,40.81808232416325],[-96.681338363558851,40.816732154165997],[-96.68311554671179,40.816767874498375],[-96.683068545672995,40.818118046186079],[-96.684845767988037,40.818153740858911],[-96.68662299348901,40.818189408181603],[-96.68666992257954,40.816839233116866],[-96.688447115289506,40.816874871402703],[-96.68840022217347,40.818225048154005],[-96.690177454038988,40.818260660776005],[-96.691954689083133,40.818296246047431],[-96.691907864740642,40.819646425806653],[-96.691861037221727,40.820996605204485],[-96.691814206526132,40.822346784240928]]]}},
{"type":"Feature","properties":{"band":30},"geometry":{"type":"MultiPolygon","coordinates":[[[[-96.711736579298787,40.811934882453244],[-96.713513672431191,40.811970131165154],[-96.713467295569131,40.813320332835069],[-96.713420915561088,40.814670534144433],[-96.713374532406817,40.816020735093232],[-96.713328146106079,40.817370935681481],[-96.713281756658631,40.818721135909158],[-96.713235364064204,40.820071335776277],[-96.711458055086268,40.820036077054077],[-96.711411623361883,40.821386274892006],[-96.709634281551033,40.821350987146346],[-96.709587810691815,40.822701182953637],[-96.707810436048547,40.822665866182014],[-96.707763926049594,40.824016059957259],[-96.705986518574392,40.823980714157152],[-96.704209114256855,40.823945341000034],[-96.70416252912419,40.825295531067809],[-96.702385091977888,40.825260128878561],[-96.702338467693551,40.826610316910049],[-96.700560997718981,40.826574885686128],[-96.698783530909878,40.82653942710305],[-96.698736831475742,40.827889611418819],[-96.696959331841526,40.827854123797415],[-96.696912593243781,40.829204306072683],[-96.695135060784949,40.82916878941046],[-96.693357531499359,40.829133245386892],[-96.693310717735756,40.830483423938198],[-96.691533155628704,40.830447850870144],[-96.691486302689555,40.831798027376713],[-96.689708707761554,40.831762425261651],[-96.687931116014624,40.831726795783091],[-96.687884187893502,40.833076968557457],[-96.686106563328778,40.833041310028229],[-96.686059596020158,40.834391480753638],[-96.686012625525123,40.835741651117395],[-96.685965651843404,40.8370918211195],[-96.687743384426639,40.837127484711097],[-96.689521120194371,40.837163120934164],[-96.689474215348071,40.838513293948488],[-96.687696443569038,40.838477656039117],[-96.6876494995267,40.839827827005543],[-96.685871694918916,40.839792160038698],[-96.685824711675679,40.841142328955797],[-96.685777725244776,40.842492497511216],[-96.685730735625981,40.843842665704948],[-96.685683742819009,40.845192833536984],[-96.683905797321287,40.845157132442694],[-96.683858765300485,40.846507298223742],[-96.685636746823647,40.846543001007333],[-96.687414731535469,40.846578676413486],[-96.687367768379588,40.847928845210198],[-96.687320802037263,40.849279013645244],[-96.685542745266773,40.849243334862905],[-96.683764691685411,40.849207628700526],[-96.683717650090614,40.850557793396248],[-96.685495739704734,40.850593501248113],[-96.685448730953325,40.851943667271605],[-96.687226859792275,40.85197934943043],[-96.687179883889115,40.853329516780526],[-96.68540171901229,40.853293832933367],[-96.685354703881387,40.854643998233385],[-96.683576506154353,40.854608285312629],[-96.683529451790804,40.855958448561168],[-96.68530768556036,40.855994163171687],[-96.685260664048968,40.85734432774823],[-96.685213639346983,40.858694491963021],[-96.683435333485065,40.858658773972778],[-96.681657030816453,40.858623028593591],[-96.681609930824152,40.859973189065386],[-96.67983159530192,40.859937414604843],[-96.679784456061867,40.861287573022125],[-96.678006087686512,40.861251769477732],[-96.67622772251228,40.86121593854223],[-96.676274933855197,40.859865783514067],[-96.678053262978125,40.859901612754363],[-96.67810043506887,40.858551455668973],[-96.67814760395899,40.857201298221533],[-96.678194769648741,40.855851140412085],[-96.679972993832564,40.855886937181225],[-96.680020120280403,40.854536777316099],[-96.678241932138363,40.854500982240616],[-96.678289091428098,40.853150823707132],[-96.680067243530814,40.853186617089058],[-96.680114363584011,40.85183645650006],[-96.680161480440276,40.850486295549132],[-96.678383400408947,40.850450505554171],[-96.678430550100529,40.849100345934694],[-96.680208594099838,40.849136134236289],[-96.680255704562938,40.847785972561525],[-96.678477696593205,40.847750185953231],[-96.678524839887231,40.846400025609789],[-96.676746871143052,40.846364213317884],[-96.67679404726313,40.845014054306937],[-96.678571979982877,40.845049864904382],[-96.678619116880355,40.843699703836982],[-96.676841220182638,40.843663894933933],[-96.676888389901777,40.842313735198921],[-96.67693555642083,40.840963575101874],[-96.678713381081835,40.840999380616324],[-96.678760508386333,40.839649218463066],[-96.680538300229813,40.839684994912936],[-96.68058538832463,40.838334830704902],[-96.678807632493644,40.838299055947871],[-96.677029879859589,40.838263253821736],[-96.675252130424894,40.838227424326632],[-96.675204934293305,40.839577583452289],[-96.673427152048632,40.83954172489166],[-96.673379916700782,40.840891881958463],[-96.67160210164667,40.840855994329779],[-96.671554827077671,40.842206149336292],[-96.669776979214561,40.842170232637059],[-96.667999134561313,40.842134288565546],[-96.666221293120344,40.842098317121909],[-96.666173907288936,40.843448466663794],[-96.664396033044852,40.843412466144791],[-96.66434860797817,40.844762613620787],[-96.662570700931482,40.844726584023896],[-96.662618162018205,40.843376438252655],[-96.660840294211397,40.843340382987513],[-96.660792797104889,40.844690527052734],[-96.660745296775843,40.846040670755293],[-96.658967360149816,40.846004584702591],[-96.659014896500864,40.84465444270743],[-96.657236999121807,40.844618330988105],[-96.657189426749042,40.845968471274581],[-96.655411496575937,40.845932330471427],[-96.655363884951569,40.847282468685052],[-96.653585921984899,40.84724629879554],[-96.653538271104054,40.848596434934876],[-96.65176027534433,40.848560235956505],[-96.649982282820076,40.84852400960083],[-96.650030005752384,40.847173876888199],[-96.648252052491429,40.847137624870669],[-96.646474102470592,40.847101345477405],[-96.646521894210821,40.845751215833459],[-96.644743983454987,40.845714910782441],[-96.64296607594386,40.845678578357273],[-96.643013936481523,40.844328451786893],[-96.641236068237077,40.84429209370807],[-96.639458203242029,40.844255708256682],[-96.637680341498765,40.844219295432886],[-96.63772830683989,40.842869173663857],[-96.635950484367171,40.842832735191926],[-96.635998482468139,40.84148261478343],[-96.637776268926999,40.841519051531286],[-96.637824227760362,40.84016892903518],[-96.639601981461283,40.840205336690637],[-96.641379738413278,40.840241716977566],[-96.641331851603496,40.841591842917801],[-96.643109647816274,40.841628197556162],[-96.643157498613874,40.840278069895795],[-96.643205346165288,40.838927941872122],[-96.644983073602091,40.838964265702785],[-96.646760804282408,40.839000562165765],[-96.646808576572553,40.83765043034267],[-96.64685634562187,40.836300298156438],[-96.648634007529594,40.836336563819444],[-96.648681737335181,40.83498642955405],[-96.650459366477605,40.835022666137007],[-96.652236998855457,40.835058875355742],[-96.652284653420963,40.833708737299325],[-96.652332304753742,40.832358598879978],[-96.650554744375924,40.832322393087821],[-96.650602428472553,40.830972256018725],[-96.648824907325761,40.830936024579394],[-96.648777187233037,40.832286159934021],[-96.646999633327511,40.832249899418713],[-96.645222082661817,40.832213611542066],[-96.643444535238359,40.832177296304188],[-96.641666991059594,40.832140953705256],[-96.639889450127939,40.832104583745405],[-96.638111912445851,40.832068186424785],[-96.638159848509986,40.83071806138414],[-96.636382350074257,40.830681638426391],[-96.6346048548927,40.830645188109465],[-96.63282736296776,40.830608710433488],[-96.63104987430188,40.830572205398603],[-96.62927238889749,40.830535673004967],[-96.627494906757022,40.830499113252706],[-96.625717427882932,40.830462526141993],[-96.623939952277638,40.830425911672954],[-96.623988173018375,40.829075800092646],[-96.622210736674234,40.829039159999226],[-96.622162479943583,40.830389269845739],[-96.620385010883197,40.830352600660476],[-96.620433303603505,40.829002492549058],[-96.618655873808649,40.828965797742299],[-96.616878447292066,40.828929075579097],[-96.61510102405623,40.828892326059595],[-96.613323604103556,40.828855549183942],[-96.613275167427133,40.830205650342087],[-96.611497714771659,40.830168844368878],[-96.611546187436488,40.828818744952272],[-96.609768774057471,40.82878191336475],[-96.607991363968907,40.828745054421518],[-96.608039905316858,40.827394958127229],[-96.608088443372139,40.826044861468304],[-96.609865781492232,40.826081716923483],[-96.609817279419957,40.827431815326406],[-96.611594656813281,40.827468645171159],[-96.613372037494386,40.827505447661345],[-96.613420467599866,40.826155345774296],[-96.615197815582533,40.826192119169654],[-96.615149421460842,40.827542222796808],[-96.616926808710218,40.82757897057742],[-96.61697516684788,40.826228865211434],[-96.618752521393446,40.826265583899499],[-96.620529879216818,40.826302275233708],[-96.620578162110306,40.824952166029803],[-96.622355487226656,40.824988828275117],[-96.622307240315521,40.826338939213898],[-96.624084604687141,40.82637557583994],[-96.624132815615695,40.82502546316757],[-96.625910147274936,40.825062070707013],[-96.627687482201992,40.82509865089331],[-96.629464820394418,40.825135203726326],[-96.631242161849741,40.825171729205877],[-96.633019506565574,40.825208227331856],[-96.634796854539431,40.825244698104093],[-96.636574205768923,40.825281141522446],[-96.636526246725651,40.826631266293745],[-96.638303637192934,40.826667684081336],[-96.638351560251593,40.825317557586793],[-96.64012891798501,40.825353946296964],[-96.641906278966729,40.825390307652818],[-96.641954126809537,40.824040177352344],[-96.643731455054194,40.824076509634445],[-96.645508786542052,40.824112814563236],[-96.645556559178004,40.82276268046229],[-96.647333857925616,40.822798956320973],[-96.6491111599113,40.822835204827356],[-96.649063459237567,40.824185342360323],[-96.649015755327966,40.825535479530231],[-96.650793132514679,40.825571704112356],[-96.652570512935085,40.825607901339303],[-96.652618144876598,40.824257760742427],[-96.652665773587088,40.82290761978264],[-96.65271339906684,40.821557478459972],[-96.654490674772532,40.821593643197176],[-96.654443085272348,40.822943786231249],[-96.656220400185916,40.822979925326969],[-96.65799771832539,40.823016037069671],[-96.659775039688299,40.823052121459213],[-96.659822521248358,40.821701973298666],[-96.661599809851737,40.821738028628644],[-96.663377101673447,40.821774056606465],[-96.66515439671106,40.821810057231978],[-96.665201767115278,40.820459903594191],[-96.666979029387491,40.820495875164966],[-96.668756294870491,40.820531819384449],[-96.668803590108411,40.819181661981098],[-96.668850882138258,40.817831504215469],[-96.668898170960247,40.816481346087599],[-96.670675331728162,40.816517257856916],[-96.670722581372956,40.81516709766737],[-96.672499709376183,40.815202980390843],[-96.674276840581896,40.815238835767758],[-96.676053974987653,40.815274663797972],[-96.677831112591008,40.815310464481342],[-96.679608253389574,40.815346237817728],[-96.681385397380851,40.815381983806986],[-96.681432428012542,40.814031813086189],[-96.681479455454166,40.812681642003632],[-96.683256530700419,40.812717357265051],[-96.685033609134067,40.812753045181637],[-96.685080561457582,40.811402870358251],[-96.686857607111648,40.811438529242267],[-96.688634655947993,40.811474160782467],[-96.688681533162409,40.810123982223701],[-96.690458549216018,40.81015958473499],[-96.692235568446762,40.810195159903472],[-96.694012590852225,40.810230707729012],[-96.695789616429991,40.810266228211425],[-96.697566645177588,40.810301721350633],[-96.69761333940933,40.80895153401891],[-96.699390335362992,40.808986998136319],[-96.701167334481397,40.809022434911505],[-96.702944336762087,40.809057844344331],[-96.702990919949173,40.807707651620291],[-96.704767889430101,40.807743032036129],[-96.704814433500346,40.806392837276761],[-96.706591370181002,40.806428188678133],[-96.706544862068213,40.807778385110616],[-96.708321837861078,40.807813710843611],[-96.710098816806266,40.807849009234978],[-96.710052377459235,40.809199208649162],[-96.710005934962069,40.81054940770268],[-96.711782988980815,40.810584682090955],[-96.711736579298787,40.811934882453244]],[[-96.688587775553728,40.812824338979759],[-96.690364863534882,40.81285994486101],[-96.690411707964159,40.811509764978702],[-96.688634655947993,40.811474160782467],[-96.688587775553728,40.812824338979759]],[[-96.67717134102314,40.834212769186486],[-96.67894898563506,40.834248566230656],[-96.678996096956155,40.832898402267737],[-96.680773708761507,40.832934170254106],[-96.682551323760336,40.832969910876415],[-96.684328941950241,40.833005624134508],[-96.684375942073714,40.831655454736072],[-96.684422939008812,40.830305284975921],[-96.686200488387684,40.830340967492496],[-96.687978040952245,40.830376622647151],[-96.688024962706606,40.829026449149637],[-96.68980248245775,40.829062075256353],[-96.68984936503486,40.827711899711453],[-96.688071881277949,40.827676275290585],[-96.688118796666515,40.826326101069967],[-96.689896244431651,40.826361723805086],[-96.689943120648337,40.82501154753723],[-96.689989993685174,40.823661370907907],[-96.690036863542417,40.82231119391713],[-96.691814206526132,40.822346784240928],[-96.691861037221727,40.820996605204485],[-96.691907864740642,40.819646425806653],[-96.691954689083133,40.818296246047431],[-96.690177454038988,40.818260660776005],[-96.68840022217347,40.818225048154005],[-96.688447115289506,40.816874871402703],[-96.68666992257954,40.816839233116866],[-96.68662299348901,40.818189408181603],[-96.684845767988037,40.818153740858911],[-96.683068545672995,40.818118046186079],[-96.68311554671179,40.816767874498375],[-96.681338363558851,40.816732154165997],[-96.681291326546315,40.81808232416325],[-96.679514110610427,40.818046574790571],[-96.679467034431113,40.81939674273422],[-96.677689785712772,40.819360964318712],[-96.677642670361834,40.820711130207336],[-96.677595551814761,40.822061295734017],[-96.677548430071269,40.823411460898775],[-96.67577107660783,40.823375650048803],[-96.673993726343497,40.823339811844221],[-96.674040920052278,40.821989650069973],[-96.672263608971733,40.821953786208127],[-96.670486301094897,40.821917894993277],[-96.670439035421822,40.823268053371848],[-96.668661694769355,40.823232133104334],[-96.666884357325742,40.823196185482793],[-96.665107023093384,40.823160210507375],[-96.663329692074726,40.823124208178207],[-96.663282279259874,40.824474359387459],[-96.66150491547414,40.824438327999673],[-96.659727554907235,40.824402269257149],[-96.659680066904912,40.825752416692445],[-96.6579026735741,40.825716328887651],[-96.657855146362664,40.827066474252582],[-96.656077720268428,40.827030357383002],[-96.656030153843005,40.82838050067614],[-96.657807615927027,40.82841661925481],[-96.657760082266947,40.82976676389432],[-96.655982584190696,40.829730643606489],[-96.655935011311257,40.831080786174056],[-96.655887435204448,40.832430928378812],[-96.65410986836406,40.832394777310363],[-96.654062253030332,40.83374491744167],[-96.655839855870013,40.833781070220773],[-96.655792273307711,40.835131211699931],[-96.657569915377223,40.835167338825123],[-96.65934756067243,40.835203438585495],[-96.661125209190899,40.835239510980941],[-96.661172683746528,40.833889364377335],[-96.662950299483086,40.833925407702111],[-96.66290286093016,40.835275556011275],[-96.664680515887795,40.835311573676378],[-96.664633110121926,40.836661723327332],[-96.666410804301151,40.836697715330104],[-96.666458174061376,40.835347563976107],[-96.668235835448442,40.83538352691032],[-96.66828316599171,40.834033373492247],[-96.670060794586121,40.834069307360409],[-96.671838426388902,40.834105213864056],[-96.671791167853328,40.835455370681608],[-96.673568838866245,40.835491251518405],[-96.673616061397638,40.834141093003034],[-96.67539369960987,40.834176944777234],[-96.67717134102314,40.834212769186486]],[[-96.678901871117773,40.835598729831659],[-96.678854753404039,40.836948893070733],[-96.680632473224975,40.836984666134995],[-96.680679554931046,40.835634501203224],[-96.678901871117773,40.835598729831659]]],[[[-96.675157734959669,40.840927742215861],[-96.67511053242373,40.842277900617361],[-96.673332678148213,40.842242038663095],[-96.673379916700782,40.840891881958463],[-96.675157734959669,40.840927742215861]]],[[[-96.673332678148213,40.842242038663095],[-96.673285436390657,40.843592195005584],[-96.671507549301296,40.843556303980556],[-96.671554827077671,40.842206149336292],[-96.673332678148213,40.842242038663095]]],[[[-96.635902483009758,40.844182855236816],[-96.634124627777453,40.844146387668623],[-96.632346775804265,40.844109892728461],[-96.632394849193517,40.842759776135736],[-96.630617036497441,40.842723255551761],[-96.630568927092639,40.844073370416453],[-96.628791081645034,40.844036820732761],[-96.628839227065114,40.84268670759738],[-96.628887369219015,40.841336594098124],[-96.630665142638478,40.841373140323249],[-96.632442919321448,40.84140965917927],[-96.63249098618833,40.840059541859077],[-96.634268730121448,40.840096031619261],[-96.634220699265484,40.841446150666044],[-96.634172665150899,40.842796269349172],[-96.635950484367171,40.842832735191926],[-96.635902483009758,40.844182855236816]]],[[[-96.62523540055156,40.843963639250894],[-96.623457564910581,40.843927007453026],[-96.623505818375037,40.842576899513354],[-96.625283618001475,40.842613529578031],[-96.62523540055156,40.843963639250894]]]]}},
{"type":"Feature","properties":{"band":45},"geometry":{"type":"MultiPolygon","coordinates":[[[[-96.712293287772795,40.795732454307242],[-96.710516629213771,40.795697198278418],[-96.710470218206979,40.797047400938311],[-96.710423804052255,40.798397603237589],[-96.71220053449116,40.798432862603896],[-96.71215415313182,40.799783066211404],[-96.712107768626481,40.801133269458347],[-96.712061380974902,40.802483472344726],[-96.712014990176854,40.803833674870553],[-96.713791867551393,40.803868913574576],[-96.713745509560169,40.805219117407646],[-96.713699148424411,40.806569320880193],[-96.713652784143875,40.807919523992219],[-96.713606416718321,40.809269726743736],[-96.713560046147506,40.81061992913471],[-96.713513672431191,40.811970131165154],[-96.711736579298787,40.811934882453244],[-96.711782988980815,40.810584682090955],[-96.710005934962069,40.81054940770268],[-96.710052377459235,40.809199208649162],[-96.710098816806266,40.807849009234978],[-96.708321837861078,40.807813710843611],[-96.706544862068213,40.807778385110616],[-96.706591370181002,40.806428188678133],[-96.704814433500346,40.806392837276761],[-96.704767889430101,40.807743032036129],[-96.702990919949173,40.807707651620291],[-96.702944336762087,40.809057844344331],[-96.701167334481397,40.809022434911505],[-96.699390335362992,40.808986998136319],[-96.69761333940933,40.80895153401891],[-96.697566645177588,40.810301721350633],[-96.695789616429991,40.810266228211425],[-96.694012590852225,40.810230707729012],[-96.692235568446762,40.810195159903472],[-96.690458549216018,40.81015958473499],[-96.688681533162409,40.810123982223701],[-96.688634655947993,40.811474160782467],[-96.686857607111648,40.811438529242267],[-96.685080561457582,40.811402870358251],[-96.685033609134067,40.812753045181637],[-96.683256530700419,40.812717357265051],[-96.681479455454166,40.812681642003632],[-96.681432428012542,40.814031813086189],[-96.681385397380851,40.815381983806986],[-96.679608253389574,40.815346237817728],[-96.677831112591008,40.815310464481342],[-96.676053974987653,40.815274663797972],[-96.674276840581896,40.815238835767758],[-96.672499709376183,40.815202980390843],[-96.670722581372956,40.81516709766737],[-96.670675331728162,40.816517257856916],[-96.668898170960247,40.816481346087599],[-96.667121013399935,40.816445406970715],[-96.667168334983685,40.815095250181322],[-96.665391216602515,40.815059285419039],[-96.665438570943152,40.813709129969276],[-96.665485922071809,40.812358974157142],[-96.665533269988742,40.811008817982639],[-96.667310280477196,40.811044777639282],[-96.667357589223272,40.809694619400688],[-96.669134566961148,40.809730550014621],[-96.669181836541256,40.808380389713335],[-96.670958781528071,40.808416291287074],[-96.672735729718568,40.808452165520862],[-96.672688532053584,40.809802329219039],[-96.674465519403256,40.809838177809233],[-96.674512681110329,40.808488012414543],[-96.676289635700883,40.808523831967982],[-96.678066593487841,40.808559624181051],[-96.67811368008438,40.807209455035348],[-96.679890605109051,40.807245218215328],[-96.681667533324998,40.807280954055919],[-96.68344446472976,40.807316662557007],[-96.685221399320938,40.807352343718428],[-96.686998337096085,40.807387997540047],[-96.686951430283131,40.808738175135666],[-96.68872840719726,40.808773803303446],[-96.688775278052745,40.807423624021737],[-96.690552222188529,40.807459223163335],[-96.690599053909651,40.806109041835406],[-96.688822145729148,40.806073444378555],[-96.688869010226682,40.804723264373919],[-96.687092141177629,40.804687641264252],[-96.685315275309605,40.804651990817227],[-96.685362208528588,40.803301813824234],[-96.687139038446716,40.803337462584068],[-96.687185932535002,40.801987283542367],[-96.687232823442741,40.800637104139163],[-96.689009584648659,40.800672722191337],[-96.68896272968621,40.80202290328031],[-96.688915871545632,40.803373084007838],[-96.690692707822905,40.803408678095401],[-96.692469547276133,40.803444244846609],[-96.69251633352053,40.802094060751287],[-96.692563116591671,40.800743876294653],[-96.694339887323935,40.800779412345527],[-96.694386631278476,40.799429225845778],[-96.694433372062718,40.798079038984802],[-96.696210074080298,40.798114544340621],[-96.696256775755487,40.796764355438029],[-96.696303474263246,40.79541416617429],[-96.694526844121143,40.795378664179204],[-96.69457357539585,40.794028476234594],[-96.696350169603846,40.794063976549424],[-96.696396861777529,40.792713786563404],[-96.696443550784522,40.791363596216272],[-96.698220076298071,40.791399065845638],[-96.698266726211585,40.790048873458609],[-96.700043218961866,40.790084314085185],[-96.700089829786748,40.788734119659708],[-96.700136437450567,40.787383924873239],[-96.701912861514401,40.787419334823518],[-96.703689288736641,40.787454717452093],[-96.703642752918398,40.788804915589381],[-96.703596213943939,40.79015511336582],[-96.705372716170899,40.790190472019567],[-96.705326209967993,40.791540671108763],[-96.705279700610802,40.792890869837173],[-96.707056277850739,40.792926204511062],[-96.708832858242772,40.792961511857676],[-96.710609441784442,40.792996791876845],[-96.710563037072845,40.794346995257932],[-96.712339659695587,40.794382249618124],[-96.712293287772795,40.795732454307242]],[[-96.67081707104802,40.812466776201738],[-96.670864311078802,40.811116614925666],[-96.669087294174687,40.811080709953671],[-96.669040018181619,40.812430869530509],[-96.67081707104802,40.812466776201738]]],[[[-96.724176297201069,40.812181049167158],[-96.724222455117911,40.810830837154967],[-96.725999534251969,40.810865892783326],[-96.72777661651449,40.810900921066043],[-96.727730530532725,40.812251136395147],[-96.729507651889165,40.812286138988632],[-96.731284776369449,40.81232111423494],[-96.731330790415157,40.810970895594103],[-96.733107882048444,40.81100584183914],[-96.73488497680043,40.81104076073801],[-96.734839034691717,40.812390982685422],[-96.736616168528855,40.812425875889318],[-96.738393305480088,40.812460741745475],[-96.740170445542944,40.812495580253746],[-96.741947588715036,40.812530391414008],[-96.741901787376435,40.813880619599558],[-96.741855982930815,40.815230847425653],[-96.743633201156626,40.815265634530292],[-96.743678969627553,40.813915405057905],[-96.745456154983259,40.813950163166645],[-96.745410422487268,40.815300394284044],[-96.747187646920295,40.815335126686783],[-96.74896487445325,40.815369831738366],[-96.750742105083745,40.815404509438636],[-96.750787729653524,40.81405427339395],[-96.752564927403199,40.814088922102947],[-96.752519338809307,40.815439159787481],[-96.752473747122778,40.81678939711292],[-96.750696477418899,40.816754745124165],[-96.748919210810328,40.81672006578269],[-96.747141947299511,40.816685359088602],[-96.745364686888877,40.81665062504208],[-96.745318948187872,40.818000855440758],[-96.743541654900071,40.817966092396773],[-96.743587429580884,40.81661586364325],[-96.741810175377935,40.816581074892227],[-96.741764364717554,40.817931301999316],[-96.73998707764278,40.817896484248529],[-96.740032924282488,40.816546258789174],[-96.738255676296973,40.816511415334219],[-96.736478431423819,40.816476544527511],[-96.736524346906663,40.815126322007799],[-96.736570259274913,40.813776099128397],[-96.734793089466478,40.813741204273086],[-96.734747141124487,40.815091425501009],[-96.734701189665486,40.816441646369178],[-96.732923951024375,40.816406720859362],[-96.731146715502959,40.816371767998191],[-96.731192738913578,40.815021550436995],[-96.729415542489718,40.814986571880048],[-96.727638349190158,40.814951565973324],[-96.725861159017356,40.814916532716964],[-96.725815027681108,40.81626674530802],[-96.724037804662743,40.816231683042879],[-96.723991634219914,40.817581893614467],[-96.722214378356483,40.817546802338008],[-96.720437125627598,40.817511683709746],[-96.718659876035673,40.817476537729817],[-96.71861359452339,40.818826742955196],[-96.716836312092241,40.81879156795916],[-96.716882629583154,40.817441364398377],[-96.715105386272469,40.817406163715553],[-96.715059032803183,40.818756365610419],[-96.713281756658631,40.818721135909158],[-96.713328146106079,40.817370935681481],[-96.713374532406817,40.816020735093232],[-96.713420915561088,40.814670534144433],[-96.713467295569131,40.813320332835069],[-96.713513672431191,40.811970131165154],[-96.715290768709352,40.812005352531138],[-96.715337106459685,40.810655148833838],[-96.717114169914936,40.810690341188192],[-96.717160468558447,40.809340135464915],[-96.718937499190304,40.809375298810139],[-96.720714532960116,40.809410434811596],[-96.720668306244903,40.810760643861968],[-96.722445379114745,40.810795754181143],[-96.722399185230714,40.812145964532938],[-96.724176297201069,40.812181049167158]]],[[[-96.709076423118191,40.837553313024983],[-96.709029914412284,40.838903504503229],[-96.707252107762145,40.838868167671173],[-96.707205559884329,40.840218357116491],[-96.708983402550899,40.840253695620682],[-96.70893688753381,40.841603886377335],[-96.708890369360745,40.842954076773196],[-96.708843848031492,40.844304266808223],[-96.707065897301035,40.84426892328721],[-96.705287949729467,40.844233552389646],[-96.705241353191667,40.845583738717771],[-96.703463372755721,40.845548338768822],[-96.701685395483779,40.845512911442299],[-96.701638723728408,40.846863094058058],[-96.70341673702822,40.846898523060908],[-96.703370098136475,40.848248706991988],[-96.705148150631118,40.848284110291132],[-96.705101544607899,40.849634295536362],[-96.703323456080241,40.849598890562021],[-96.703276810859265,40.850949073771012],[-96.703230162473318,40.852299256618956],[-96.701452005037567,40.852263820910004],[-96.701405317446287,40.85361400172021],[-96.703183510922145,40.853649439105851],[-96.703136856205504,40.85499962123167],[-96.704915088889607,40.855035032907473],[-96.704868467052478,40.856385216347761],[-96.703090198323167,40.856349802996448],[-96.703043537274851,40.857699984400149],[-96.701265235664096,40.857664541984029],[-96.699486937221977,40.857629072178852],[-96.697708641950925,40.857593574984747],[-96.697661869587606,40.858943750992616],[-96.695883541440978,40.858908224728893],[-96.695930349853413,40.857558050401877],[-96.69415206093187,40.85752249843037],[-96.692373775188713,40.857486919070354],[-96.692326894678772,40.858837090031813],[-96.690548576068082,40.858801481598725],[-96.688770260640922,40.858765845776148],[-96.686991948399736,40.858730182564202],[-96.687038937054098,40.857380016660791],[-96.685260664048968,40.85734432774823],[-96.68530768556036,40.855994163171687],[-96.683529451790804,40.855958448561168],[-96.683576506154353,40.854608285312629],[-96.685354703881387,40.854643998233385],[-96.68540171901229,40.853293832933367],[-96.687179883889115,40.853329516780526],[-96.688958051953392,40.853365173243638],[-96.688911108903369,40.854715341919167],[-96.688864162668125,40.856065510233094],[-96.690642406001444,40.85610114268372],[-96.692420652517811,40.856136747747421],[-96.694198902214765,40.856172325424062],[-96.695977155089892,40.856207875713508],[-96.696023957150643,40.8548577006638],[-96.697802177157257,40.854893221885199],[-96.697755411140733,40.856243398615604],[-96.699533670364843,40.856278894130227],[-96.699580400336899,40.854928715720405],[-96.699627127138356,40.853578536949378],[-96.699673850769443,40.852228357817168],[-96.699720571230444,40.850878178323761],[-96.699767288521585,40.849527998469171],[-96.697989209495461,40.849492511350945],[-96.696211133641384,40.8494569968517],[-96.696257919827232,40.848106819995387],[-96.696304702838802,40.84675664277777],[-96.696351482676391,40.845406465198849],[-96.694573518084866,40.845370928363522],[-96.692795556669523,40.845335364151346],[-96.692748704778381,40.846685538365925],[-96.690970710515259,40.846649945092921],[-96.691017598432836,40.84529977256247],[-96.689239643377235,40.845264153597022],[-96.689286564137461,40.843913982390411],[-96.687508648288855,40.843878337735177],[-96.685730735625981,40.843842665704948],[-96.685777725244776,40.842492497511216],[-96.685824711675679,40.841142328955797],[-96.685871694918916,40.839792160038698],[-96.6876494995267,40.839827827005543],[-96.687696443569038,40.838477656039117],[-96.689474215348071,40.838513293948488],[-96.689427307319477,40.83986346660128],[-96.689380396108334,40.84121363889254],[-96.691158243100048,40.841249252802164],[-96.691205118294775,40.839899078825766],[-96.692982932450164,40.839934663678847],[-96.69293609327211,40.841284839339103],[-96.692889250916153,40.842635014637935],[-96.694667140285461,40.842670575484661],[-96.694620330773134,40.844020752104768],[-96.696398259340199,40.844056287258631],[-96.696445032830496,40.842706108957131],[-96.696491803147524,40.841355930294348],[-96.696538570291523,40.840005751270297],[-96.69831639397259,40.840041254008362],[-96.69836312192885,40.838691072943142],[-96.696585334262736,40.838655571884985],[-96.696632095061403,40.83730539213839],[-96.698409846714995,40.837340891516718],[-96.698456568331281,40.835990709729117],[-96.700234287144426,40.836026180059605],[-96.700280969583218,40.834675996232413],[-96.698503286777964,40.834640527580319],[-96.696725607142099,40.834605031561445],[-96.696772358424624,40.833254850731109],[-96.694994717965528,40.833219329026512],[-96.69494793067804,40.834569508175932],[-96.694901140216331,40.83591968696404],[-96.693123430919343,40.835884134529742],[-96.693076601273546,40.83723431127418],[-96.693029768450572,40.838584487657215],[-96.691251990309382,40.838548904487894],[-96.691298859144155,40.837198729788568],[-96.689521120194371,40.837163120934164],[-96.687743384426639,40.837127484711097],[-96.685965651843404,40.8370918211195],[-96.686012625525123,40.835741651117395],[-96.687790322099758,40.835777313021467],[-96.687837256588622,40.834427140970256],[-96.686059596020158,40.834391480753638],[-96.686106563328778,40.833041310028229],[-96.687884187893502,40.833076968557457],[-96.687931116014624,40.831726795783091],[-96.689708707761554,40.831762425261651],[-96.691486302689555,40.831798027376713],[-96.691533155628704,40.830447850870144],[-96.693310717735756,40.830483423938198],[-96.693357531499359,40.829133245386892],[-96.695135060784949,40.82916878941046],[-96.696912593243781,40.829204306072683],[-96.696959331841526,40.827854123797415],[-96.698736831475742,40.827889611418819],[-96.698783530909878,40.82653942710305],[-96.700560997718981,40.826574885686128],[-96.702338467693551,40.826610316910049],[-96.704115940831173,40.826645720774643],[-96.704069349377548,40.827995910120528],[-96.704022754763102,40.829346099105472],[-96.705800303051717,40.829381478958929],[-96.705846861669741,40.828031288299798],[-96.70589341712936,40.826681097279781],[-96.707670896585725,40.826716446425351],[-96.707624377120339,40.828066639118184],[-96.707577854498979,40.829416831450224],[-96.707531328721416,40.830767023421437],[-96.707484799787423,40.832117215031815],[-96.705707176339487,40.832081859194538],[-96.705660608244813,40.833432048770995],[-96.707438267696716,40.833467406281372],[-96.707391732449082,40.834817597170087],[-96.709169431064595,40.834852928986145],[-96.70912292866889,40.836203121185946],[-96.709076423118191,40.837553313024983]]],[[[-96.707717412895391,40.825366253371712],[-96.70593996943083,40.825330905898909],[-96.705986518574392,40.823980714157152],[-96.707763926049594,40.824016059957259],[-96.707717412895391,40.825366253371712]]],[[[-96.690364863534882,40.81285994486101],[-96.688587775553728,40.812824338979759],[-96.688634655947993,40.811474160782467],[-96.690411707964159,40.811509764978702],[-96.690364863534882,40.81285994486101]]],[[[-96.685636746823647,40.846543001007333],[-96.683858765300485,40.846507298223742],[-96.683905797321287,40.845157132442694],[-96.685683742819009,40.845192833536984],[-96.687461691505149,40.845228507255143],[-96.687414731535469,40.846578676413486],[-96.685636746823647,40.846543001007333]]],[[[-96.689145792305979,40.847964494925542],[-96.687367768379588,40.847928845210198],[-96.687414731535469,40.846578676413486],[-96.689192719433478,40.846614324442065],[-96.689145792305979,40.847964494925542]]],[[[-96.687226859792275,40.85197934943043],[-96.685448730953325,40.851943667271605],[-96.685495739704734,40.850593501248113],[-96.687273832508239,40.850629181718659],[-96.687226859792275,40.85197934943043]]],[[[-96.686897961525545,40.86143051328591],[-96.686850963305204,40.86278067810423],[-96.688629383704708,40.862816346378523],[-96.688582418352894,40.864166512522708],[-96.688535449814111,40.865516678305241],[-96.690313945518568,40.865552322558941],[-96.69026700985539,40.866902489666252],[-96.688488478088118,40.866866843726129],[-96.686709949508327,40.866831170388892],[-96.686662938529906,40.868181333760333],[-96.68488437707525,40.868145631337029],[-96.684837326839514,40.869495792657595],[-96.684790273410954,40.870845953616346],[-96.684743216789329,40.872196114213288],[-96.682964550319113,40.872160379320313],[-96.682917454429898,40.873510537864796],[-96.68287035534469,40.874860696047385],[-96.682823253063233,40.876210853868081],[-96.682776147585272,40.877561011326868],[-96.682729038910551,40.878911168423748],[-96.680950195241593,40.878875397668509],[-96.68090304728365,40.88022555271121],[-96.679124170728116,40.880189752854172],[-96.679171354772038,40.878839599505064],[-96.677392517504373,40.878803773933548],[-96.677439734429726,40.877453621917176],[-96.675660936449418,40.877417770633834],[-96.673882141675662,40.877381891943983],[-96.672103350110859,40.877345985847811],[-96.670324561757454,40.877310052345408],[-96.668545776617904,40.877274091436966],[-96.66859317073974,40.875923947551584],[-96.668640561645503,40.87457380330374],[-96.668687949335506,40.873223658693462],[-96.666909275643022,40.873187675486399],[-96.666956696189487,40.871837532215977],[-96.667004113518217,40.870487388583058],[-96.667051527629454,40.869137244587677],[-96.66527296536303,40.869101239089282],[-96.663494406316275,40.869065206193042],[-96.663541889338944,40.867715065243203],[-96.663589369139714,40.86636492393076],[-96.66536785606047,40.866400953417724],[-96.665415296580264,40.86505081003812],[-96.665462733881142,40.863700666295991],[-96.667241151904364,40.863736664981239],[-96.667288549931826,40.862386519173469],[-96.667335944743272,40.861036373003238],[-96.66911429387531,40.861072340892093],[-96.669161649420943,40.859722192657721],[-96.670939965716002,40.859758131455806],[-96.670987282000695,40.858407981158749],[-96.669209001753501,40.858372044060992],[-96.667430724719154,40.858336079575423],[-96.667478109884044,40.856985932317876],[-96.667525491833942,40.855635784697874],[-96.669303696780389,40.855671745780406],[-96.671081904939157,40.855707679477732],[-96.671129211593438,40.854357528093786],[-96.67290738692131,40.854393432706928],[-96.672860116307831,40.855743585789696],[-96.674638330883937,40.855779464716178],[-96.676416548665046,40.855815316257015],[-96.676463747196209,40.854465159780496],[-96.676510942525042,40.853115002941898],[-96.676558134651799,40.851764845741215],[-96.678336247518217,40.851800664811655],[-96.678383400408947,40.850450505554171],[-96.680161480440276,40.850486295549132],[-96.680114363584011,40.85183645650006],[-96.680067243530814,40.853186617089058],[-96.678289091428098,40.853150823707132],[-96.678241932138363,40.854500982240616],[-96.680020120280403,40.854536777316099],[-96.679972993832564,40.855886937181225],[-96.678194769648741,40.855851140412085],[-96.67814760395899,40.857201298221533],[-96.67810043506887,40.858551455668973],[-96.678053262978125,40.859901612754363],[-96.676274933855197,40.859865783514067],[-96.67622772251228,40.86121593854223],[-96.678006087686512,40.861251769477732],[-96.679784456061867,40.861287573022125],[-96.67983159530192,40.859937414604843],[-96.681609930824152,40.859973189065386],[-96.681657030816453,40.858623028593591],[-96.683435333485065,40.858658773972778],[-96.685213639346983,40.858694491963021],[-96.686991948399736,40.858730182564202],[-96.686944956556985,40.860080348105896],[-96.686897961525545,40.86143051328591]],[[-96.679454391804754,40.870738671807516],[-96.679501553440701,40.869388515924186],[-96.677722968704813,40.869352702214847],[-96.677675771000224,40.870702856403788],[-96.679454391804754,40.870738671807516]],[[-96.676369346931324,40.85716547237147],[-96.674591093106486,40.857129619134334],[-96.674543852123776,40.858479773190311],[-96.676322141994788,40.858515628123818],[-96.676369346931324,40.85716547237147]]],[[[-96.684696156974383,40.873546274448422],[-96.686474862712416,40.873581983628732],[-96.686427835780876,40.874932145191458],[-96.686380805657961,40.876282306392412],[-96.68460202776356,40.876246593833194],[-96.684649093965874,40.874896434321727],[-96.684696156974383,40.873546274448422]]],[[[-96.676558134651799,40.851764845741215],[-96.674780024987228,40.851728999288866],[-96.674827249946119,40.850378843422149],[-96.674874471701003,40.849028687193304],[-96.676652509300098,40.849064530253656],[-96.676699691822108,40.847714371966795],[-96.676746871143052,40.846364213317884],[-96.678524839887231,40.846400025609789],[-96.678477696593205,40.847750185953231],[-96.680255704562938,40.847785972561525],[-96.680208594099838,40.849136134236289],[-96.678430550100529,40.849100345934694],[-96.678383400408947,40.850450505554171],[-96.676605323576752,40.850414688178468],[-96.676558134651799,40.851764845741215]]],[[[-96.685495739704734,40.850593501248113],[-96.683717650090614,40.850557793396248],[-96.683764691685411,40.849207628700526],[-96.685542745266773,40.849243334862905],[-96.685495739704734,40.850593501248113]]],[[[-96.675063326685247,40.843628058656755],[-96.67511053242373,40.842277900617361],[-96.675157734959669,40.840927742215861],[-96.67693555642083,40.840963575101874],[-96.676888389901777,40.842313735198921],[-96.676841220182638,40.843663894933933],[-96.675063326685247,40.843628058656755]]],[[[-96.66370887883329,40.812322985455275],[-96.663661491740626,40.813673139564237],[-96.66188441575251,40.813637121814651],[-96.660107342981249,40.813601076720651],[-96.660059880742068,40.814951227056802],[-96.660012415283376,40.816301377030371],[-96.659964946604902,40.817651526641349],[-96.658187769148569,40.817615449081522],[-96.658140261277069,40.818965596622576],[-96.658092750182888,40.820315743800961],[-96.656315504001071,40.820279635475842],[-96.654538261044664,40.82024349980027],[-96.654490674772532,40.821593643197176],[-96.65271339906684,40.821557478459972],[-96.652761021316067,40.820207336774416],[-96.65098378481774,40.820171146398387],[-96.651031439811149,40.818821006062507],[-96.649254242519689,40.818784790050351],[-96.647477048463116,40.818748546689598],[-96.647429321521599,40.820098683596484],[-96.645652094728675,40.820062411170881],[-96.645699857643862,40.818712275980438],[-96.64392267006437,40.818675977922986],[-96.642145485727056,40.818639652517398],[-96.640368304634364,40.818603299763815],[-96.638591126788739,40.818566919662373],[-96.638639030346681,40.817216790987182],[-96.640416172222075,40.817253169367085],[-96.64046403656296,40.815903038606997],[-96.640511897657305,40.814552907483581],[-96.642288970845783,40.814589255076626],[-96.642241145717094,40.815939387920153],[-96.644018258115338,40.815975709887901],[-96.644066047278159,40.814625575325557],[-96.645843126951974,40.814661868230218],[-96.645795373755263,40.8160120045101],[-96.64574761731933,40.817362140426837],[-96.64752477216733,40.817398409419631],[-96.647572492634453,40.816048271786585],[-96.649349614750477,40.816084511717236],[-96.651126740100864,40.816120724301896],[-96.652903868683211,40.816156909540439],[-96.652951478012895,40.814806766403379],[-96.654728573857383,40.814842922584575],[-96.654776143992862,40.813492777373654],[-96.65655320709898,40.813528904500011],[-96.656600738045128,40.812178757216678],[-96.656648265767373,40.810828609570635],[-96.658425260174084,40.810864705936403],[-96.658472748714544,40.809514556219447],[-96.656695790265957,40.809478461561888],[-96.656743311541163,40.808128313190444],[-96.658520234034029,40.808164406139866],[-96.660297159747628,40.808200471750325],[-96.660249710384093,40.809550623536758],[-96.660202257802013,40.810900774960615],[-96.660154802001145,40.812250926021925],[-96.661931838808911,40.812286969410152],[-96.66370887883329,40.812322985455275]],[[-96.65468100049506,40.816193067432692],[-96.656458135533995,40.816229197978529],[-96.656505672928702,40.81487905142064],[-96.654728573857383,40.814842922584575],[-96.65468100049506,40.816193067432692]]],[[[-96.667357589223272,40.809694619400688],[-96.665580614694193,40.809658661445781],[-96.665627956188416,40.808308504546567],[-96.667404894760551,40.808344460799781],[-96.667357589223272,40.809694619400688]]],[[[-96.66515439671106,40.821810057231978],[-96.663377101673447,40.821774056606465],[-96.663424508056281,40.820423904672268],[-96.665201767115278,40.820459903594191],[-96.66515439671106,40.821810057231978]]],[[[-96.655839855870013,40.833781070220773],[-96.654062253030332,40.83374491744167],[-96.65410986836406,40.832394777310363],[-96.655887435204448,40.832430928378812],[-96.655839855870013,40.833781070220773]]],[[[-96.650459366477605,40.835022666137007],[-96.650507057044351,40.833672529793922],[-96.650554744375924,40.832322393087821],[-96.652332304753742,40.832358598879978],[-96.652284653420963,40.833708737299325],[-96.652236998855457,40.835058875355742],[-96.650459366477605,40.835022666137007]]],[[[-96.657569915377223,40.835167338825123],[-96.655792273307711,40.835131211699931],[-96.655839855870013,40.833781070220773],[-96.657617461937562,40.833817195636527],[-96.657569915377223,40.835167338825123]]],[[[-96.666173907288936,40.843448466663794],[-96.666221293120344,40.842098317121909],[-96.667999134561313,40.842134288565546],[-96.667951784747984,40.843484439809522],[-96.666173907288936,40.843448466663794]]],[[[-96.660792797104889,40.844690527052734],[-96.660840294211397,40.843340382987513],[-96.662618162018205,40.843376438252655],[-96.662570700931482,40.844726584023896],[-96.660792797104889,40.844690527052734]]],[[[-96.664301179693823,40.846112760734265],[-96.662523236624651,40.846076729432582],[-96.662570700931482,40.844726584023896],[-96.66434860797817,40.844762613620787],[-96.664301179693823,40.846112760734265]]],[[[-96.658967360149816,40.846004584702591],[-96.657189426749042,40.845968471274581],[-96.657236999121807,40.844618330988105],[-96.659014896500864,40.84465444270743],[-96.658967360149816,40.846004584702591]]],[[[-96.657189426749042,40.845968471274581],[-96.657141851148609,40.847318611198254],[-96.655363884951569,40.847282468685052],[-96.655411496575937,40.845932330471427],[-96.657189426749042,40.845968471274581]]],[[[-96.656903924722599,40.85406930537453],[-96.658682074304991,40.854105429056141],[-96.6586345153721,40.855455568512106],[-96.660412704220292,40.855491666518517],[-96.662190896293012,40.855527737140463],[-96.662238383147525,40.854177594270034],[-96.664016542402777,40.85421363580204],[-96.663969091587816,40.855563780377757],[-96.663921637553187,40.856913924590913],[-96.665699872109897,40.856949942147509],[-96.665652450900055,40.858300087702226],[-96.663874180298663,40.858264068441507],[-96.662095912917422,40.858228021793416],[-96.660317648758777,40.858191947758108],[-96.660270116190603,40.859542087833837],[-96.658491819210596,40.859505984703368],[-96.656713525458315,40.859469854184667],[-96.656761130119008,40.858119717526392],[-96.654982875642773,40.858083561330282],[-96.654935234936204,40.859433696277875],[-96.653156947646693,40.85939751098315],[-96.651378663592212,40.859361298300627],[-96.651426376389807,40.858011166778255],[-96.649648131617937,40.857974928422628],[-96.649695877220978,40.856624798251694],[-96.651474085950142,40.856661034892838],[-96.651521792273513,40.855310902644362],[-96.65156949536015,40.853960770032849],[-96.651617195210292,40.852610637058305],[-96.651664891824211,40.851260503720724],[-96.653442959642987,40.851296706124728],[-96.653490616990169,40.849946570711275],[-96.651712585202134,40.849910370020133],[-96.649934556649839,40.84987414195038],[-96.648156531335715,40.849837886502172],[-96.648204293533752,40.848487755867993],[-96.6464263074878,40.848451474758136],[-96.644648324684667,40.848415166271415],[-96.642870345126752,40.848378830407967],[-96.642918212159032,40.847028704564302],[-96.641140271873169,40.846992343044732],[-96.641092368816544,40.848342467167917],[-96.641044462509782,40.84969259092771],[-96.639266453423133,40.849656198589408],[-96.639314395756443,40.848306076551467],[-96.637536425948923,40.848269658558692],[-96.637584401053545,40.846919537880311],[-96.635806470524614,40.84688309423575],[-96.635758459396399,40.848233213189779],[-96.635710445010716,40.849583331780181],[-96.633932445689837,40.849546857309555],[-96.633980496101316,40.84819674044487],[-96.632202536066103,40.848160240324084],[-96.630424579293219,40.848123712827601],[-96.628646625785095,40.84808715795554],[-96.626868675544173,40.848050575708072],[-96.625090728572872,40.848013966085304],[-96.623312784873661,40.847977329087428],[-96.623361048160135,40.846627222240066],[-96.62158314375705,40.846590559601893],[-96.621534844448945,40.847940664714557],[-96.619756907301209,40.847903972966847],[-96.617978973432855,40.847867253844441],[-96.618027344783386,40.84651715220506],[-96.616249450217708,40.846480407446684],[-96.614471558936046,40.846443635315211],[-96.612693670940828,40.846406835810761],[-96.612742147064239,40.845056739026461],[-96.610964298375578,40.845019913891591],[-96.611012807225549,40.843669818485083],[-96.609234997842904,40.843632967722449],[-96.607457191753539,40.843596089589873],[-96.607408610873904,40.844946181507879],[-96.607360026698331,40.846296273061135],[-96.607311439226535,40.847646364249655],[-96.607262848458276,40.848996455073433],[-96.607214254393298,40.85034654553246],[-96.607165657031359,40.85169663562673],[-96.607117056372203,40.853046725356229],[-96.607068452415533,40.854396814720978],[-96.605290361438023,40.854359895247079],[-96.605339001426188,40.853009807629036],[-96.605387638114451,40.85165971964615],[-96.603609622497174,40.85162277628816],[-96.601831610182018,40.851585805552908],[-96.60005360117141,40.851548807440551],[-96.598275595467783,40.851511781951245],[-96.596497593073579,40.851474729085105],[-96.596546406591543,40.850124649489523],[-96.596595216797894,40.84877456952875],[-96.598373147143803,40.848811618888917],[-96.598421918018317,40.847461536810101],[-96.600199815652402,40.847498557044482],[-96.600248547199968,40.846148472849052],[-96.602026412121702,40.846185463960126],[-96.602075104347179,40.844835377649538],[-96.603852936556066,40.844872339639821],[-96.603901589464328,40.843522251215525],[-96.603950239072006,40.842172162426351],[-96.605728002555793,40.842209093550927],[-96.60577661285383,40.840859002649559],[-96.605825219854239,40.839508911383398],[-96.607602914619207,40.839545811647582],[-96.609380612679118,40.83958268454586],[-96.611158314031513,40.839619530078089],[-96.611206809719718,40.83826943321327],[-96.611255302118082,40.836919335983914],[-96.613032934752084,40.83695615066592],[-96.6148105706732,40.836992937984171],[-96.616588209879012,40.837029697938505],[-96.616539825490449,40.838379800389887],[-96.618317503982283,40.838416534718263],[-96.618365852367077,40.837066430528779],[-96.618414197472049,40.835716325975028],[-96.620191807238314,40.835753029464378],[-96.620143498134922,40.837103135754859],[-96.62192114718016,40.837139813616588],[-96.623698799500332,40.837176464113817],[-96.623747036599781,40.835826354353756],[-96.625524656190095,40.835862975753493],[-96.625476455092993,40.837213087246411],[-96.625428250725832,40.838563198375326],[-96.627205945593602,40.838599795874757],[-96.627254113955729,40.837249683014228],[-96.629031776086066,40.837286251417105],[-96.629079905177719,40.835936136462365],[-96.630857534570154,40.835972675771202],[-96.632635167225075,40.836009187716101],[-96.632587110139895,40.837359306127475],[-96.634364782058483,40.837395792434677],[-96.636142457234939,40.837432251376377],[-96.637920135666846,40.837468682952419],[-96.637968084740464,40.836118559365765],[-96.639745730420998,40.836154961853495],[-96.639697817351745,40.837505087162654],[-96.641475502287207,40.837541464006947],[-96.643253190470787,40.83757781348514],[-96.643301031530569,40.836227684734851],[-96.645078686954733,40.836264005128186],[-96.645030881900041,40.8376141355971],[-96.646808576572553,40.83765043034267],[-96.646760804282408,40.839000562165765],[-96.644983073602091,40.838964265702785],[-96.643205346165288,40.838927941872122],[-96.643157498613874,40.840278069895795],[-96.643109647816274,40.841628197556162],[-96.641331851603496,40.841591842917801],[-96.641379738413278,40.840241716977566],[-96.639601981461283,40.840205336690637],[-96.637824227760362,40.84016892903518],[-96.637776268926999,40.841519051531286],[-96.635998482468139,40.84148261478343],[-96.635950484367171,40.842832735191926],[-96.63772830683989,40.842869173663857],[-96.637680341498765,40.844219295432886],[-96.639458203242029,40.844255708256682],[-96.641236068237077,40.84429209370807],[-96.643013936481523,40.844328451786893],[-96.64296607594386,40.845678578357273],[-96.644743983454987,40.845714910782441],[-96.646521894210821,40.845751215833459],[-96.646474102470592,40.847101345477405],[-96.648252052491429,40.847137624870669],[-96.650030005752384,40.847173876888199],[-96.649982282820076,40.84852400960083],[-96.65176027534433,40.848560235956505],[-96.653538271104054,40.848596434934876],[-96.653585921984899,40.84724629879554],[-96.655363884951569,40.847282468685052],[-96.655316270096847,40.848632606535809],[-96.6552686520115,40.849982744023691],[-96.655221030695316,40.851332881148693],[-96.655173406148023,40.852683017910806],[-96.656951516465128,40.852719167264922],[-96.656903924722599,40.85406930537453]],[[-96.634172665150899,40.842796269349172],[-96.634220699265484,40.841446150666044],[-96.634268730121448,40.840096031619261],[-96.63249098618833,40.840059541859077],[-96.632442919321448,40.84140965917927],[-96.630665142638478,40.841373140323249],[-96.628887369219015,40.841336594098124],[-96.628839227065114,40.84268670759738],[-96.628791081645034,40.844036820732761],[-96.630568927092639,40.844073370416453],[-96.630617036497441,40.842723255551761],[-96.632394849193517,40.842759776135736],[-96.632346775804265,40.844109892728461],[-96.634124627777453,40.844146387668623],[-96.635902483009758,40.844182855236816],[-96.635950484367171,40.842832735191926],[-96.634172665150899,40.842796269349172]],[[-96.625283618001475,40.842613529578031],[-96.623505818375037,40.842576899513354],[-96.623457564910581,40.843927007453026],[-96.62523540055156,40.843963639250894],[-96.625283618001475,40.842613529578031]]],[[[-96.636957761021677,40.8144801302657],[-96.638734827715112,40.814516532546548],[-96.638686930655396,40.815866661948576],[-96.638639030346681,40.817216790987182],[-96.636861891720557,40.817180385260869],[-96.636909827996831,40.815830257945031],[-96.636957761021677,40.8144801302657]]],[[[-96.643779263670893,40.822726377251421],[-96.643827069044661,40.821376244505181],[-96.645604328573469,40.821412545998157],[-96.645556559178004,40.82276268046229],[-96.645508786542052,40.824112814563236],[-96.643731455054194,40.824076509634445],[-96.641954126809537,40.824040177352344],[-96.642001971406714,40.82269004668855],[-96.643779263670893,40.822726377251421]]],[[[-96.640176801810497,40.824003817717077],[-96.641954126809537,40.824040177352344],[-96.641906278966729,40.825390307652818],[-96.64012891798501,40.825353946296964],[-96.638351560251593,40.825317557586793],[-96.638303637192934,40.826667684081336],[-96.636526246725651,40.826631266293745],[-96.636574205768923,40.825281141522446],[-96.634796854539431,40.825244698104093],[-96.633019506565574,40.825208227331856],[-96.631242161849741,40.825171729205877],[-96.629464820394418,40.825135203726326],[-96.627687482201992,40.82509865089331],[-96.625910147274936,40.825062070707013],[-96.624132815615695,40.82502546316757],[-96.624084604687141,40.82637557583994],[-96.622307240315521,40.826338939213898],[-96.622355487226656,40.824988828275117],[-96.620578162110306,40.824952166029803],[-96.620529879216818,40.826302275233708],[-96.618752521393446,40.826265583899499],[-96.61697516684788,40.826228865211434],[-96.616926808710218,40.82757897057742],[-96.615149421460842,40.827542222796808],[-96.615197815582533,40.826192119169654],[-96.613420467599866,40.826155345774296],[-96.613372037494386,40.827505447661345],[-96.611594656813281,40.827468645171159],[-96.609817279419957,40.827431815326406],[-96.609865781492232,40.826081716923483],[-96.608088443372139,40.826044861468304],[-96.608039905316858,40.827394958127229],[-96.607991363968907,40.828745054421518],[-96.609768774057471,40.82878191336475],[-96.611546187436488,40.828818744952272],[-96.611497714771659,40.830168844368878],[-96.613275167427133,40.830205650342087],[-96.613323604103556,40.828855549183942],[-96.61510102405623,40.828892326059595],[-96.616878447292066,40.828929075579097],[-96.618655873808649,40.828965797742299],[-96.620433303603505,40.829002492549058],[-96.620385010883197,40.830352600660476],[-96.622162479943583,40.830389269845739],[-96.622210736674234,40.829039159999226],[-96.623988173018375,40.829075800092646],[-96.623939952277638,40.830425911672954],[-96.625717427882932,40.830462526141993],[-96.627494906757022,40.830499113252706],[-96.62927238889749,40.830535673004967],[-96.63104987430188,40.830572205398603],[-96.63282736296776,40.830608710433488],[-96.6346048548927,40.830645188109465],[-96.636382350074257,40.830681638426391],[-96.638159848509986,40.83071806138414],[-96.638111912445851,40.832068186424785],[-96.639889450127939,40.832104583745405],[-96.641666991059594,40.832140953705256],[-96.643444535238359,40.832177296304188],[-96.645222082661817,40.832213611542066],[-96.645174287335365,40.833563743100655],[-96.645126488766422,40.834913874296035],[-96.643348869344948,40.834877555621254],[-96.641571253168635,40.834841209582827],[-96.639793640239958,40.834804836180894],[-96.638016030561332,40.834768435415604],[-96.638063973129718,40.833418311101937],[-96.636286402702837,40.83338188469709],[-96.63450883553061,40.833345430930457],[-96.632731271615526,40.833308949802202],[-96.630953710960014,40.833272441312438],[-96.630905624396206,40.834622558723702],[-96.629128031004441,40.834586021143778],[-96.629176153566462,40.833235905461343],[-96.627398599437356,40.833199342249046],[-96.62735044087735,40.834549456201358],[-96.625572854017378,40.834512863896592],[-96.623795270426982,40.834476244229634],[-96.62384350098219,40.833126133741452],[-96.62206595666099,40.833089488446433],[-96.620288415613985,40.833052815790793],[-96.620240113064582,40.83440292280968],[-96.618462539297468,40.834366221056989],[-96.618510877843576,40.83301611577469],[-96.616733343352237,40.832979388398265],[-96.614955812142384,40.832942633661666],[-96.61317828421646,40.83290585156503],[-96.611400759576881,40.832869042108506],[-96.609623238226106,40.832832205292242],[-96.60784572016658,40.832795341116373],[-96.606068205400717,40.832758449581078],[-96.604290693930963,40.832721530686477],[-96.604339317143172,40.831371438978614],[-96.602561844963958,40.831334494473012],[-96.602610500867456,40.829984404148441],[-96.600833067978286,40.829947434034494],[-96.600881756568171,40.828597345094337],[-96.599104362968532,40.828560349374712],[-96.59915308423993,40.827210261820163],[-96.600930441855382,40.827247255789239],[-96.600979123840219,40.825897166119212],[-96.601027802522893,40.824547076084279],[-96.602805091479183,40.824584039201419],[-96.602853730882828,40.823233947052515],[-96.601076477903689,40.823196985684412],[-96.599299228226172,40.823159996966488],[-96.59934793627977,40.821809907951959],[-96.599396641029543,40.820459818572459],[-96.6011738187606,40.820496803789965],[-96.602950999792796,40.820533761660243],[-96.602999629299603,40.819183668416855],[-96.603048255507971,40.817833574808638],[-96.601271146412984,40.817796620435935],[-96.599494040618637,40.81775963871857],[-96.597716938127348,40.817722629656721],[-96.597668204017566,40.819072718014816],[-96.595891068865143,40.819035679856],[-96.595939838941561,40.817685593250516],[-96.594162743063677,40.817648529500119],[-96.594211545796099,40.816298444283383],[-96.59426034521843,40.814948358701479],[-96.594309141330896,40.813598272754433],[-96.596086129324263,40.813635331243518],[-96.596134886170489,40.812285243177698],[-96.596183639709821,40.810935154746801],[-96.597960559098979,40.810972182390941],[-96.598009273379645,40.809622091842783],[-96.599786160120743,40.809659090398135],[-96.599737481792374,40.811009182697205],[-96.601514407787533,40.81104615566543],[-96.60146576211234,40.812396249349256],[-96.603242727362087,40.812433196727689],[-96.605019695908993,40.812470116766512],[-96.605068269673495,40.811120019587165],[-96.603291337082055,40.811083101295466],[-96.603339943505105,40.809733005498458],[-96.605116840143495,40.809769922043124],[-96.605165407319262,40.808419824134376],[-96.606942271301023,40.8084567115962],[-96.606893740076117,40.80980681125061],[-96.606845205559409,40.811156910540404],[-96.608622144737382,40.811193774155022],[-96.610399087204982,40.811230610430847],[-96.610350621308442,40.81258071284374],[-96.612127603019701,40.81261752352259],[-96.61207916979464,40.813967627312977],[-96.610302152124461,40.813930814892117],[-96.610253679652786,40.815280916575972],[-96.612030733284328,40.815317730738904],[-96.611982293488509,40.816667833800395],[-96.613759386369608,40.816704622361243],[-96.61371097925452,40.818054726799197],[-96.611933850406928,40.818017936497419],[-96.611885404039342,40.819368038829971],[-96.611836954385467,40.820718140798057],[-96.613614155173309,40.820754934581878],[-96.613565738206717,40.822105037926612],[-96.613517317955768,40.823455140906937],[-96.615294593978206,40.823491910822256],[-96.617071873282796,40.823528653386596],[-96.617120221580535,40.822178546927745],[-96.618897468187868,40.822215260403631],[-96.620674718072223,40.822251946529533],[-96.622451971231186,40.822288605305303],[-96.624229227662326,40.822325236730791],[-96.624277428780928,40.820975122966409],[-96.626054652506227,40.82101172530939],[-96.626006487363185,40.822361840805861],[-96.627783750331318,40.822398417530366],[-96.629561016564324,40.822434966904147],[-96.629609109755521,40.82108484794739],[-96.631386343274642,40.82112136824211],[-96.631338286059744,40.822471488927093],[-96.633115558815149,40.822507983599024],[-96.634892834828108,40.8225444509198],[-96.636670114096191,40.822580890889292],[-96.636622161559018,40.82393101638764],[-96.638399480059519,40.823967430728793],[-96.640176801810497,40.824003817717077]],[[-96.606116792620668,40.831408356126353],[-96.606165376544766,40.830058262306899],[-96.604387937057083,40.830021346905944],[-96.604339317143172,40.831371438978614],[-96.606116792620668,40.831408356126353]]],[[[-96.648777187233037,40.832286159934021],[-96.648824907325761,40.830936024579394],[-96.650602428472553,40.830972256018725],[-96.650554744375924,40.832322393087821],[-96.648777187233037,40.832286159934021]]],[[[-96.648729463902924,40.833636294925583],[-96.646951873999114,40.833600032694441],[-96.646999633327511,40.832249899418713],[-96.648777187233037,40.832286159934021],[-96.648729463902924,40.833636294925583]]]]}},
{"type":"Feature","properties":{"band":60},"geometry":{"type":"MultiPolygon","coordinates":[[[[-96.795218595513703,40.814912285719494],[-96.793441324218705,40.814878293455017],[-96.793486082265531,40.813528018053276],[-96.791708849985767,40.813494000045431],[-96.791664055960069,40.814844273837103],[-96.78988679074024,40.814810226865916],[-96.789841957694634,40.816160498688532],[-96.789797121607563,40.817510770153419],[-96.789752282478773,40.818861041260568],[-96.787974912350336,40.818826962097951],[-96.786197545266305,40.818792855578437],[-96.786242456366281,40.817442587698231],[-96.784465128314309,40.817408455437366],[-96.784510072350528,40.816058188814637],[-96.782732783330147,40.816024030815093],[-96.782687803311362,40.817374295821189],[-96.780910481359854,40.817340108849805],[-96.780955497361006,40.815989845461651],[-96.779178214445523,40.815955632754438],[-96.777400934586126,40.815921392693603],[-96.7774460194927,40.814571132186991],[-96.775668778671047,40.814536866394405],[-96.77562365778526,40.815887125279261],[-96.775578533838512,40.817237383805882],[-96.775533406830561,40.818587641974233],[-96.773756061125425,40.818553343960296],[-96.771978718484178,40.818519018590528],[-96.772023917459578,40.817168763669805],[-96.770246613868025,40.817134412570141],[-96.76846931334498,40.817100034116223],[-96.768514581215925,40.815749782089782],[-96.768559846016146,40.814399529704829],[-96.766782620522534,40.814365127153295],[-96.766737319744294,40.815715377910038],[-96.764960061345789,40.815680946377633],[-96.764914721514174,40.817031195146242],[-96.764869378606718,40.818381443556198],[-96.763092051321422,40.818346981409462],[-96.763137430211287,40.816996734630443],[-96.761360141986671,40.816962246760944],[-96.759582856842755,40.816927731537895],[-96.759537405988766,40.818277975051188],[-96.761314727114623,40.818312491907754],[-96.761269309161634,40.819662736695797],[-96.759491952051377,40.819628218205658],[-96.759446495030403,40.820978461001275],[-96.757669105017172,40.820943913520196],[-96.757714598024748,40.819593672359517],[-96.755937247084148,40.819559099157523],[-96.755982772989569,40.818208859274094],[-96.756028295806757,40.816858619031692],[-96.75425101991955,40.816824021748808],[-96.752473747122778,40.81678939711292],[-96.752519338809307,40.815439159787481],[-96.752564927403199,40.814088922102947],[-96.750787729653524,40.81405427339395],[-96.750742105083745,40.815404509438636],[-96.74896487445325,40.815369831738366],[-96.747187646920295,40.815335126686783],[-96.745410422487268,40.815300394284044],[-96.745456154983259,40.813950163166645],[-96.743678969627553,40.813915405057905],[-96.743633201156626,40.815265634530292],[-96.741855982930815,40.815230847425653],[-96.741901787376435,40.813880619599558],[-96.741947588715036,40.812530391414008],[-96.740170445542944,40.812495580253746],[-96.738393305480088,40.812460741745475],[-96.736616168528855,40.812425875889318],[-96.734839034691717,40.812390982685422],[-96.73488497680043,40.81104076073801],[-96.733107882048444,40.81100584183914],[-96.731330790415157,40.810970895594103],[-96.731284776369449,40.81232111423494],[-96.729507651889165,40.812286138988632],[-96.727730530532725,40.812251136395147],[-96.72777661651449,40.810900921066043],[-96.725999534251969,40.810865892783326],[-96.726045653072958,40.80951567875195],[-96.72782269937025,40.809550705376935],[-96.729599748793319,40.809585704657465],[-96.731376801339735,40.809620676593376],[-96.731422809143396,40.808270457232815],[-96.733199828847205,40.808305400170191],[-96.734976851669259,40.808340315763978],[-96.736753877607114,40.808375204014041],[-96.73853090665834,40.808410064920238],[-96.738485042710167,40.809760290888249],[-96.740262110836795,40.809795126099083],[-96.742039182072148,40.809829933964451],[-96.742084974091142,40.808479704700481],[-96.743862012467844,40.808514483574235],[-96.743816256413808,40.809864714484256],[-96.745593333859333,40.809899467658354],[-96.74554761066905,40.811249699853796],[-96.74732472718388,40.811284427325567],[-96.747370414406291,40.809934193486598],[-96.749147498052238,40.80996889196885],[-96.750924584794745,40.810003563104978],[-96.75087896950879,40.811353800227117],[-96.752656095314009,40.811388445656632],[-96.752610512904681,40.812738684059333],[-96.754387677773082,40.812773303779565],[-96.754433224211141,40.811423063738445],[-96.754478767559718,40.810072823338309],[-96.756255863577294,40.810107412435222],[-96.756301367869995,40.808757170039087],[-96.758078431007547,40.808791730153615],[-96.758123896249231,40.807441485762901],[-96.759900926506276,40.807476016897567],[-96.761677959844775,40.807510520687863],[-96.761632566532626,40.808860768345987],[-96.761587170141212,40.810211015645351],[-96.763364278491466,40.810245495354749],[-96.763318914990521,40.811595743927271],[-96.763273548412286,40.812945992141096],[-96.765050731782523,40.812980447764524],[-96.765096062388096,40.811630197920017],[-96.766873212860531,40.811664624564123],[-96.766827918227875,40.813014876037983],[-96.768605107745898,40.813049276961372],[-96.770382300334177,40.81308365053453],[-96.770427523020302,40.811733395805796],[-96.77220468270275,40.811767740403099],[-96.772249866350123,40.810417483690514],[-96.772295046932584,40.809067226619575],[-96.774072137739779,40.80910154061948],[-96.7758492316092,40.809135827272613],[-96.775804122964928,40.810486087590405],[-96.777581255863595,40.810520348518146],[-96.777536180131207,40.81187061009927],[-96.779313352059603,40.81190484529894],[-96.779268309243946,40.813255108142208],[-96.781045520202525,40.813289317611165],[-96.781090527043389,40.811939053148862],[-96.782867705080122,40.811973233648899],[-96.784644886167385,40.812007386798932],[-96.784689818009852,40.810657118744544],[-96.784734746804475,40.809306850332256],[-96.784779672551466,40.80795658156206],[-96.786556748774913,40.807990702516861],[-96.788333828043307,40.80802479612526],[-96.788288974232941,40.809375068124062],[-96.790066092512504,40.809409135998266],[-96.791843213832379,40.809443176524496],[-96.79179842892168,40.81079345138911],[-96.793575589251006,40.810827466177081],[-96.793530837276222,40.812177742293976],[-96.795308036615438,40.812211731341037],[-96.79526331758143,40.813562008709027],[-96.795218595513703,40.814912285719494]],[[-96.773936694711722,40.813152315629637],[-96.775713896496114,40.813186607151316],[-96.775759011260647,40.811836347549978],[-96.773981845450351,40.811802057651214],[-96.773936694711722,40.813152315629637]]],[[[-96.793396563135488,40.816228568499142],[-96.791619258895551,40.816194547271124],[-96.791664055960069,40.814844273837103],[-96.793441324218705,40.814878293455017],[-96.793396563135488,40.816228568499142]]],[[[-96.792948785251582,40.829731299271437],[-96.792903990752862,40.831081570381642],[-96.792859193214952,40.832431841134188],[-96.791081457009128,40.832397800579841],[-96.791036620418808,40.833748069363764],[-96.792814392637638,40.833782111529068],[-96.792769589020665,40.835132381566261],[-96.79272478236382,40.836482651245795],[-96.790946938111674,40.836448605858415],[-96.79090209239439,40.837798873569106],[-96.792679972666875,40.837832920567628],[-96.79263515992956,40.839183189531781],[-96.790857243634321,40.839149140922054],[-96.790812391831224,40.840499407917228],[-96.789034442554055,40.840465330318374],[-96.788989551680288,40.841815595343142],[-96.790767536984887,40.841849674554638],[-96.790722679095026,40.843199940834275],[-96.788944657760595,40.843165860010103],[-96.788899760794749,40.844516124319206],[-96.787121706474423,40.84448201450067],[-96.785343655202951,40.844447877300645],[-96.785388624232681,40.843097616220945],[-96.783610612044072,40.843063453256235],[-96.783655614051895,40.841713193435133],[-96.785433590211369,40.841747354783259],[-96.785478553139228,40.840397092987615],[-96.783700613006474,40.840362933255989],[-96.783745608908021,40.839012672718837],[-96.781967707852289,40.838978487227642],[-96.782012736722663,40.83762822795012],[-96.783790601756778,40.837662411823658],[-96.783835591553014,40.836312150570457],[-96.782057762538031,40.83627796831454],[-96.782102785298648,40.834927708320869],[-96.782147805004755,40.833577447969155],[-96.783925561988752,40.833611626990042],[-96.785703322024602,40.83364577864009],[-96.785748266652533,40.832295514696753],[-96.783970542628751,40.832261364662827],[-96.784015520217139,40.83091110197762],[-96.784060494754158,40.829560838934455],[-96.782282845798321,40.829526664765609],[-96.780505199896069,40.82949246322994],[-96.780550243390735,40.828142203064516],[-96.780595283829626,40.826791942540979],[-96.782372857725761,40.826826140839678],[-96.782417859109714,40.82547587833966],[-96.784195400059303,40.825510047657041],[-96.784240362393177,40.824159783181976],[-96.786017870395781,40.824193923520525],[-96.786062793684465,40.822843657071836],[-96.787840268739586,40.822877768434076],[-96.787795381446145,40.824228036497153],[-96.787750491107374,40.825578304202388],[-96.789528041200938,40.825612391430091],[-96.791305594337643,40.825646451294304],[-96.791260772954246,40.826996721866841],[-96.793038365132432,40.827030755978051],[-96.792993576711368,40.828381027803573],[-96.792948785251582,40.829731299271437]],[[-96.790991780786399,40.835098337789958],[-96.78921397559445,40.83506426664097],[-96.789169096902086,40.836414533097049],[-96.790946938111674,40.836448605858415],[-96.790991780786399,40.835098337789958]],[[-96.785613423620305,40.836346305452935],[-96.785568469843469,40.83769656832245],[-96.78734634098025,40.837730697446382],[-96.787391258737472,40.836380432961839],[-96.785613423620305,40.836346305452935]]],[[[-96.776227652780207,40.851028040126494],[-96.776272817285275,40.8496777889345],[-96.778050997422881,40.849712069527733],[-96.778096122823143,40.848361816355336],[-96.779874269982102,40.848396067941813],[-96.7798291806225,40.849746322735008],[-96.779784088203357,40.85109657716999],[-96.779738992724432,40.85244683124678],[-96.777960737436217,40.852412574797754],[-96.778005868960662,40.851062322341875],[-96.776227652780207,40.851028040126494]]],[[[-96.776046964110904,40.856429041311138],[-96.774268606800248,40.856394725214244],[-96.77431381961776,40.855044477079304],[-96.776092140876045,40.855078791552508],[-96.777870465199697,40.85511307863468],[-96.777825324487154,40.856463330015721],[-96.776046964110904,40.856429041311138]]],[[[-96.754159899232036,40.81952449859979],[-96.754114334252023,40.820874736486708],[-96.752336953504965,40.820840106934583],[-96.750559575851497,40.820805450025709],[-96.748782201294048,40.82077076576023],[-96.748827874230969,40.819420532793607],[-96.747050538757151,40.819385822814354],[-96.747004829835092,40.820736054138273],[-96.745227461477029,40.820701315159994],[-96.745181713466707,40.822051544480537],[-96.743404312224868,40.82201677650071],[-96.743450096222304,40.820666548825507],[-96.741672734073347,40.820631755134976],[-96.739895375032631,40.820596934088535],[-96.738118019102544,40.820562085686312],[-96.736340666285557,40.820527209928443],[-96.736386591113515,40.819176988487833],[-96.734609277395535,40.819142087026215],[-96.73283196679526,40.819107158210521],[-96.731054659315134,40.819072202040886],[-96.73110068897023,40.817721985199491],[-96.732877960469779,40.817756939714847],[-96.732923951024375,40.816406720859362],[-96.734701189665486,40.816441646369178],[-96.734747141124487,40.815091425501009],[-96.734793089466478,40.813741204273086],[-96.736570259274913,40.813776099128397],[-96.736524346906663,40.815126322007799],[-96.736478431423819,40.816476544527511],[-96.738255676296973,40.816511415334219],[-96.740032924282488,40.816546258789174],[-96.73998707764278,40.817896484248529],[-96.741764364717554,40.817931301999316],[-96.741810175377935,40.816581074892227],[-96.743587429580884,40.81661586364325],[-96.743541654900071,40.817966092396773],[-96.745318948187872,40.818000855440758],[-96.745364686888877,40.81665062504208],[-96.747141947299511,40.816685359088602],[-96.748919210810328,40.81672006578269],[-96.750696477418899,40.816754745124165],[-96.752473747122778,40.81678939711292],[-96.75242815234337,40.818139634079252],[-96.752382554470842,40.819489870686468],[-96.754159899232036,40.81952449859979]]],[[[-96.714162618307043,40.793067269932386],[-96.714116285463376,40.794417476649329],[-96.714069949477107,40.795767683005792],[-96.715846614324249,40.795802884373913],[-96.715800311134345,40.797153092036041],[-96.715754004803784,40.79850329933776],[-96.717530744672658,40.798538476705041],[-96.717484471145511,40.799888685311302],[-96.715707695332341,40.799853506279071],[-96.715661382719759,40.801203712859945],[-96.717438194479683,40.801238893557219],[-96.717391914674891,40.80258910144277],[-96.71561506696581,40.802553919080403],[-96.71556874807024,40.803904124940431],[-96.715522426032805,40.805254330440022],[-96.715476100853294,40.806604535579147],[-96.715429772531422,40.807954740357836],[-96.717206764061544,40.807989929381257],[-96.71898375873181,40.808025091062333],[-96.719030015135615,40.806674882954212],[-96.720806976984221,40.806710015630038],[-96.720760756539804,40.808060225400943],[-96.722537757483067,40.808095332396945],[-96.722491569865454,40.809445543469138],[-96.722445379114745,40.810795754181143],[-96.720668306244903,40.810760643861968],[-96.720714532960116,40.809410434811596],[-96.718937499190304,40.809375298810139],[-96.717160468558447,40.809340135464915],[-96.715383441066976,40.809304944776066],[-96.713606416718321,40.809269726743736],[-96.713652784143875,40.807919523992219],[-96.713699148424411,40.806569320880193],[-96.713745509560169,40.805219117407646],[-96.713791867551393,40.803868913574576],[-96.712014990176854,40.803833674870553],[-96.712061380974902,40.802483472344726],[-96.712107768626481,40.801133269458347],[-96.71215415313182,40.799783066211404],[-96.71220053449116,40.798432862603896],[-96.710423804052255,40.798397603237589],[-96.710470218206979,40.797047400938311],[-96.710516629213771,40.795697198278418],[-96.712293287772795,40.795732454307242],[-96.712339659695587,40.794382249618124],[-96.710563037072845,40.794346995257932],[-96.710609441784442,40.792996791876845],[-96.708832858242772,40.792961511857676],[-96.707056277850739,40.792926204511062],[-96.705279700610802,40.792890869837173],[-96.705326209967993,40.791540671108763],[-96.705372716170899,40.790190472019567],[-96.703596213943939,40.79015511336582],[-96.703642752918398,40.788804915589381],[-96.703689288736641,40.787454717452093],[-96.701912861514401,40.787419334823518],[-96.700136437450567,40.787383924873239],[-96.700089829786748,40.788734119659708],[-96.698313372961337,40.788698680710532],[-96.696536919299447,40.788663214438643],[-96.696490236625095,40.79001340550802],[-96.698266726211585,40.790048873458609],[-96.698220076298071,40.791399065845638],[-96.696443550784522,40.791363596216272],[-96.696396861777529,40.792713786563404],[-96.694620303501182,40.79267828792878],[-96.694667028437408,40.791328099261776],[-96.69471375020477,40.789977910233581],[-96.694760468803509,40.788627720844204],[-96.692984021475951,40.788592199927336],[-96.692937266953095,40.789942387635435],[-96.691160786872459,40.789906837713694],[-96.69111399325223,40.791257023377895],[-96.689337480419027,40.791221444448801],[-96.68938430996532,40.789871260468544],[-96.687607836234093,40.789835655900085],[-96.68583136568121,40.789800024008485],[-96.685878263898147,40.788449843038471],[-96.68410183244896,40.788414185511606],[-96.684054898309142,40.789764364793889],[-96.682278434120263,40.789728678256409],[-96.682325404182734,40.788378500663164],[-96.682372371059813,40.787028322708274],[-96.680595981898989,40.786992612228659],[-96.680548979101928,40.788342788493296],[-96.678772557208944,40.788307049002142],[-96.678819595925745,40.786956874429052],[-96.678866631452522,40.785606699494188],[-96.680642981508456,40.785642435602306],[-96.682419334751742,40.785678144391724],[-96.684195691179923,40.785713825862295],[-96.684148763405801,40.787064005867734],[-96.685925158934509,40.787099661706925],[-96.685972050790596,40.785749480013877],[-96.687748413581318,40.785785106846312],[-96.687701557643521,40.787135290225685],[-96.689477959530393,40.787170891423877],[-96.689524779549672,40.785820706359488],[-96.691301148693185,40.78585627855324],[-96.691347929620932,40.784506091443809],[-96.693124266020632,40.78454163463563],[-96.693077521009485,40.785891823427434],[-96.694853896496085,40.785927340981921],[-96.694900605590405,40.784577150509037],[-96.694947311517083,40.783226959674998],[-96.694994014276361,40.78187676847979],[-96.695040713868465,40.780526576923442],[-96.696816948869255,40.78056206043933],[-96.69686360938708,40.779211866842324],[-96.696910266740673,40.777861672884235],[-96.696956920930262,40.776511478565105],[-96.697003571956088,40.775161283884898],[-96.697050219818408,40.773811088843658],[-96.698826278470023,40.773846536654219],[-96.698872887273623,40.77249633957404],[-96.700648913190378,40.772531758399495],[-96.70069548294012,40.7711815592818],[-96.698919492916616,40.771146142132885],[-96.697143506053465,40.77111069767804],[-96.695367522353095,40.771075225917428],[-96.695414196616667,40.769725031472142],[-96.693638251971606,40.769689534086226],[-96.693684958957874,40.768339340960104],[-96.695460867715269,40.768374836665728],[-96.695507535649128,40.76702464149826],[-96.693731662776997,40.766989147472842],[-96.69195579307177,40.766953626145799],[-96.692002529606526,40.765603433978811],[-96.692049262972191,40.764253241450618],[-96.693825060914705,40.76428875941486],[-96.693871755233815,40.762938564844163],[-96.693918446386732,40.761588369912346],[-96.693965134373713,40.760238174619403],[-96.694011819194984,40.75888797896534],[-96.694058500850815,40.757537782950152],[-96.695834122594263,40.757573265215967],[-96.695880765219044,40.756223067160015],[-96.694105179341435,40.756187586573873],[-96.692329596628767,40.756152078696438],[-96.692376307817568,40.754801883639942],[-96.694151854667084,40.754837389836489],[-96.695927404681314,40.754872868743021],[-96.697702957857842,40.754908320359391],[-96.69947851419424,40.754943744685484],[-96.699525078771543,40.753593542552245],[-96.701300602403705,40.753628937912225],[-96.701347127964539,40.752278733742514],[-96.69957164019165,40.752243340058122],[-96.6996181984548,40.750893137203136],[-96.697842749695468,40.750857717907742],[-96.697889340656076,40.749507516368617],[-96.699664753561237,40.749542933987264],[-96.699711305511201,40.74819273041053],[-96.701486685720852,40.748228119068486],[-96.701533198665004,40.746877913455549],[-96.69975785430492,40.746842526472918],[-96.699804399942664,40.745492322174471],[-96.699850942424675,40.74414211751516],[-96.699897481751165,40.742791912494994],[-96.698122248080466,40.742756503259152],[-96.698168820091297,40.741406299554519],[-96.698215388944703,40.740056095488995],[-96.698261954640913,40.738705891062558],[-96.696486831638737,40.73867045958076],[-96.696533430010092,40.737320256470895],[-96.698308517180166,40.737355686275237],[-96.698355076562706,40.736005481127044],[-96.700130131059581,40.736040881981765],[-96.700083607506954,40.737391088806056],[-96.701858700988055,40.737426464063205],[-96.703633797620995,40.737461812046568],[-96.70358734257951,40.738812021858479],[-96.703540884388303,40.740162231309718],[-96.703494423047204,40.741512440400243],[-96.703447958555927,40.742862649130082],[-96.705223201685129,40.742897976529036],[-96.705176769886208,40.744248186570736],[-96.705130334939071,40.745598396251765],[-96.70335502012189,40.745563065507639],[-96.703308546178675,40.74691327315535],[-96.705083896843462,40.746948605572165],[-96.705037455599125,40.748298814531907],[-96.706812845262903,40.748334121337081],[-96.706766436722347,40.749684331607682],[-96.704991011205848,40.749649023130985],[-96.704944563663375,40.750999231369406],[-96.704898112971478,40.752349439247126],[-96.704851659129901,40.753699646764176],[-96.706627192219088,40.753734960255883],[-96.706580771090003,40.755085169084062],[-96.706534346813186,40.756435377551611],[-96.704758741996727,40.756400060716231],[-96.702983140330687,40.75636471658872],[-96.702936641171576,40.75771492135047],[-96.702890138859416,40.759065125751455],[-96.702843633393925,40.76041532979167],[-96.704619342668352,40.760450678939058],[-96.704572869923609,40.761800884291894],[-96.702797124774875,40.761765533471085],[-96.702750613002024,40.763115736789722],[-96.704526394027525,40.763151089284023],[-96.7044799149798,40.764501293915423],[-96.704433432780206,40.765851498186095],[-96.704386947428546,40.767201702096017],[-96.70434045892452,40.768551905645197],[-96.70429396726793,40.76990210883362],[-96.704247472458505,40.771252311661307],[-96.706023471948498,40.771287646891615],[-96.705977009879987,40.772637851031185],[-96.707753048414858,40.772673160626397],[-96.707706619092122,40.774023366076712],[-96.7076601866207,40.775373571166377],[-96.705884076290076,40.775338258228224],[-96.705837604768206,40.77668846128568],[-96.70579113009471,40.7780386639824],[-96.707567312230793,40.778073980263791],[-96.707520870311825,40.779424184271491],[-96.709297091503942,40.779459474910219],[-96.709250682344376,40.780809680227769],[-96.711026942593008,40.780844945221176],[-96.710980566197691,40.782195151847375],[-96.71093418665707,40.783545358113017],[-96.712710521877128,40.783580599126509],[-96.712664175107804,40.784930806699712],[-96.714440549388016,40.784966022061354],[-96.714394235394863,40.786316230940933],[-96.714347918260572,40.787666439460111],[-96.714301597984871,40.789016647618851],[-96.714255274567549,40.79036685541714],[-96.714208948008348,40.791717062854993],[-96.714162618307043,40.793067269932386]],[[-96.709111435979821,40.784860294016717],[-96.709157854582543,40.783510089781025],[-96.70738152565599,40.783474794130626],[-96.70733507113691,40.784824996695633],[-96.709111435979821,40.784860294016717]],[[-96.697376666296591,40.764359713446062],[-96.69742328885954,40.763009515516629],[-96.695647520464803,40.762974053829339],[-96.695600862023653,40.764324250080058],[-96.697376666296591,40.764359713446062]]],[[[-96.722399185230714,40.812145964532938],[-96.722445379114745,40.810795754181143],[-96.724222455117911,40.810830837154967],[-96.724176297201069,40.812181049167158],[-96.722399185230714,40.812145964532938]]],[[[-96.715290768709352,40.812005352531138],[-96.713513672431191,40.811970131165154],[-96.713560046147506,40.81061992913471],[-96.715337106459685,40.810655148833838],[-96.715290768709352,40.812005352531138]]],[[[-96.731146715502959,40.816371767998191],[-96.729369483103653,40.816336787785829],[-96.727592253828888,40.816301780222389],[-96.727638349190158,40.814951565973324],[-96.729415542489718,40.814986571880048],[-96.731192738913578,40.815021550436995],[-96.731146715502959,40.816371767998191]]],[[[-96.723945460644998,40.818932103825894],[-96.722168168802199,40.818897010888712],[-96.720390880094186,40.818861890598434],[-96.71861359452339,40.818826742955196],[-96.718659876035673,40.817476537729817],[-96.720437125627598,40.817511683709746],[-96.722214378356483,40.817546802338008],[-96.723991634219914,40.817581893614467],[-96.724037804662743,40.816231683042879],[-96.725815027681108,40.81626674530802],[-96.727592253828888,40.816301780222389],[-96.727546155340619,40.817651994111415],[-96.725768893215431,40.817616957538974],[-96.725722755620112,40.818967169409838],[-96.723945460644998,40.818932103825894]]],[[[-96.714780845943977,40.82685756940888],[-96.713003353879373,40.826822329703084],[-96.712956942398151,40.828172527406657],[-96.712910527768258,40.829522724749616],[-96.711132966859694,40.829487454345688],[-96.711086513081085,40.830837649658953],[-96.711040056150907,40.832187844611518],[-96.710993596068903,40.83353803920339],[-96.709215930305561,40.833502736425544],[-96.709169431064595,40.834852928986145],[-96.707391732449082,40.834817597170087],[-96.707438267696716,40.833467406281372],[-96.705660608244813,40.833432048770995],[-96.705707176339487,40.832081859194538],[-96.707484799787423,40.832117215031815],[-96.707531328721416,40.830767023421437],[-96.707577854498979,40.829416831450224],[-96.707624377120339,40.828066639118184],[-96.707670896585725,40.826716446425351],[-96.70589341712936,40.826681097279781],[-96.705846861669741,40.828031288299798],[-96.705800303051717,40.829381478958929],[-96.704022754763102,40.829346099105472],[-96.704069349377548,40.827995910120528],[-96.704115940831173,40.826645720774643],[-96.702338467693551,40.826610316910049],[-96.702385091977888,40.825260128878561],[-96.70416252912419,40.825295531067809],[-96.704209114256855,40.823945341000034],[-96.705986518574392,40.823980714157152],[-96.70593996943083,40.825330905898909],[-96.707717412895391,40.825366253371712],[-96.707763926049594,40.824016059957259],[-96.707810436048547,40.822665866182014],[-96.709587810691815,40.822701182953637],[-96.709634281551033,40.821350987146346],[-96.711411623361883,40.821386274892006],[-96.711365188487633,40.822736472369279],[-96.713142569433558,40.82277173442877],[-96.713096167396827,40.824121933214137],[-96.714873587478337,40.824157169584822],[-96.714827218284029,40.825507369677126],[-96.714780845943977,40.82685756940888]]],[[[-96.708797323545795,40.84565445648245],[-96.708750795903427,40.847004645795856],[-96.708704265104117,40.84835483474842],[-96.708657731147639,40.849705023340157],[-96.70861119403375,40.851055211571051],[-96.706833063148011,40.851019859687341],[-96.706786486838098,40.852370045884655],[-96.706739907367819,40.853720231721056],[-96.70669332473696,40.855070417196508],[-96.706646738945295,40.85642060231104],[-96.708425013999175,40.85645596088613],[-96.708378461094568,40.857806147312736],[-96.708331905031073,40.859156333378472],[-96.706553557878465,40.859120971457294],[-96.706600149992539,40.857770787064638],[-96.704821842051814,40.857735399427064],[-96.704775213887402,40.859085582145347],[-96.702996873060357,40.859050165442767],[-96.702950205679414,40.860400346124301],[-96.702903535131782,40.861750526444752],[-96.701125125364143,40.861715078997548],[-96.699346718765881,40.861679604157409],[-96.69939346142273,40.860329427192447],[-96.697615094050533,40.860293926639187],[-96.697568315339439,40.861644101924462],[-96.695789915087232,40.861608572298863],[-96.694011518011735,40.861573015280747],[-96.692233124115376,40.86153743087025],[-96.692186234061424,40.862887600747229],[-96.692139340825648,40.864237770262697],[-96.690360877997023,40.864202155090041],[-96.690407807290939,40.862851987259567],[-96.6904547334006,40.86150181906752],[-96.688676345869837,40.861466179872693],[-96.686897961525545,40.86143051328591],[-96.686944956556985,40.860080348105896],[-96.686991948399736,40.858730182564202],[-96.688770260640922,40.858765845776148],[-96.690548576068082,40.858801481598725],[-96.692326894678772,40.858837090031813],[-96.692373775188713,40.857486919070354],[-96.69415206093187,40.85752249843037],[-96.695930349853413,40.857558050401877],[-96.695883541440978,40.858908224728893],[-96.697661869587606,40.858943750992616],[-96.697708641950925,40.857593574984747],[-96.699486937221977,40.857629072178852],[-96.701265235664096,40.857664541984029],[-96.703043537274851,40.857699984400149],[-96.703090198323167,40.856349802996448],[-96.704868467052478,40.856385216347761],[-96.704915088889607,40.855035032907473],[-96.703136856205504,40.85499962123167],[-96.703183510922145,40.853649439105851],[-96.701405317446287,40.85361400172021],[-96.701452005037567,40.852263820910004],[-96.703230162473318,40.852299256618956],[-96.703276810859265,40.850949073771012],[-96.703323456080241,40.849598890562021],[-96.705101544607899,40.849634295536362],[-96.705148150631118,40.848284110291132],[-96.703370098136475,40.848248706991988],[-96.70341673702822,40.846898523060908],[-96.701638723728408,40.846863094058058],[-96.701685395483779,40.845512911442299],[-96.703463372755721,40.845548338768822],[-96.705241353191667,40.845583738717771],[-96.705287949729467,40.844233552389646],[-96.707065897301035,40.84426892328721],[-96.708843848031492,40.844304266808223],[-96.708797323545795,40.84565445648245]]],[[[-96.698456568331281,40.835990709729117],[-96.698503286777964,40.834640527580319],[-96.700280969583218,40.834675996232413],[-96.700234287144426,40.836026180059605],[-96.698456568331281,40.835990709729117]]],[[[-96.696538570291523,40.840005751270297],[-96.696491803147524,40.841355930294348],[-96.696445032830496,40.842706108957131],[-96.696398259340199,40.844056287258631],[-96.694620330773134,40.844020752104768],[-96.694667140285461,40.842670575484661],[-96.692889250916153,40.842635014637935],[-96.69293609327211,40.841284839339103],[-96.692982932450164,40.839934663678847],[-96.693029768450572,40.838584487657215],[-96.694807549769166,40.838620043456281],[-96.696585334262736,40.838655571884985],[-96.69836312192885,40.838691072943142],[-96.69831639397259,40.840041254008362],[-96.696538570291523,40.840005751270297]]],[[[-96.695977155089892,40.856207875713508],[-96.694198902214765,40.856172325424062],[-96.692420652517811,40.856136747747421],[-96.690642406001444,40.85610114268372],[-96.688864162668125,40.856065510233094],[-96.688911108903369,40.854715341919167],[-96.688958051953392,40.853365173243638],[-96.687179883889115,40.853329516780526],[-96.687226859792275,40.85197934943043],[-96.689004991818408,40.852015004206486],[-96.689051928498685,40.850664834807759],[-96.690830027673627,40.850700460515249],[-96.690783127029292,40.85205063159966],[-96.690736223202634,40.853400802322554],[-96.69251439763444,40.853436404017145],[-96.692467526666292,40.854786576063006],[-96.694245740319516,40.854822152056364],[-96.694292575246351,40.853471978327271],[-96.696070756035937,40.853507525252766],[-96.696117551745985,40.852157349480407],[-96.696164344281058,40.850807173346716],[-96.696211133641384,40.8494569968517],[-96.697989209495461,40.849492511350945],[-96.699767288521585,40.849527998469171],[-96.699720571230444,40.850878178323761],[-96.699673850769443,40.852228357817168],[-96.699627127138356,40.853578536949378],[-96.699580400336899,40.854928715720405],[-96.699533670364843,40.856278894130227],[-96.697755411140733,40.856243398615604],[-96.697802177157257,40.854893221885199],[-96.696023957150643,40.8548577006638],[-96.695977155089892,40.856207875713508]]],[[[-96.697050219818408,40.773811088843658],[-96.695274164330073,40.773775613724744],[-96.695320844924311,40.772425420001639],[-96.697096864517448,40.772460893441384],[-96.697050219818408,40.773811088843658]]],[[[-96.691067196458263,40.792607208680757],[-96.69102039649033,40.793957393622307],[-96.692796984357201,40.793992948592177],[-96.692750217148642,40.79534313485523],[-96.694526844121143,40.795378664179204],[-96.696303474263246,40.79541416617429],[-96.696256775755487,40.796764355438029],[-96.696210074080298,40.798114544340621],[-96.694433372062718,40.798079038984802],[-96.694386631278476,40.799429225845778],[-96.694339887323935,40.800779412345527],[-96.692563116591671,40.800743876294653],[-96.69251633352053,40.802094060751287],[-96.692469547276133,40.803444244846609],[-96.690692707822905,40.803408678095401],[-96.688915871545632,40.803373084007838],[-96.68896272968621,40.80202290328031],[-96.689009584648659,40.800672722191337],[-96.687232823442741,40.800637104139163],[-96.687185932535002,40.801987283542367],[-96.687139038446716,40.803337462584068],[-96.685362208528588,40.803301813824234],[-96.685315275309605,40.804651990817227],[-96.687092141177629,40.804687641264252],[-96.688869010226682,40.804723264373919],[-96.688822145729148,40.806073444378555],[-96.690599053909651,40.806109041835406],[-96.690552222188529,40.807459223163335],[-96.688775278052745,40.807423624021737],[-96.68872840719726,40.808773803303446],[-96.686951430283131,40.808738175135666],[-96.686998337096085,40.807387997540047],[-96.685221399320938,40.807352343718428],[-96.68344446472976,40.807316662557007],[-96.681667533324998,40.807280954055919],[-96.679890605109051,40.807245218215328],[-96.67811368008438,40.807209455035348],[-96.678066593487841,40.808559624181051],[-96.676289635700883,40.808523831967982],[-96.674512681110329,40.808488012414543],[-96.674465519403256,40.809838177809233],[-96.672688532053584,40.809802329219039],[-96.672735729718568,40.808452165520862],[-96.670958781528071,40.808416291287074],[-96.669181836541256,40.808380389713335],[-96.669134566961148,40.809730550014621],[-96.667357589223272,40.809694619400688],[-96.667404894760551,40.808344460799781],[-96.665627956188416,40.808308504546567],[-96.665580614694193,40.809658661445781],[-96.66380364337634,40.809622676150077],[-96.663756262711772,40.810972830983886],[-96.665533269988742,40.811008817982639],[-96.665485922071809,40.812358974157142],[-96.665438570943152,40.813709129969276],[-96.665391216602515,40.815059285419039],[-96.667168334983685,40.815095250181322],[-96.667121013399935,40.816445406970715],[-96.668898170960247,40.816481346087599],[-96.668850882138258,40.817831504215469],[-96.668803590108411,40.819181661981098],[-96.667026360602094,40.819145719462547],[-96.667073688606152,40.817795563397787],[-96.66529649828432,40.817759595231394],[-96.665343859049656,40.816409440506405],[-96.663566707911855,40.816373446694804],[-96.663614101433566,40.815023293310752],[-96.661836989479283,40.81498727385663],[-96.660059880742068,40.814951227056802],[-96.660107342981249,40.813601076720651],[-96.66188441575251,40.813637121814651],[-96.663661491740626,40.813673139564237],[-96.66370887883329,40.812322985455275],[-96.661931838808911,40.812286969410152],[-96.660154802001145,40.812250926021925],[-96.660202257802013,40.810900774960615],[-96.660249710384093,40.809550623536758],[-96.660297159747628,40.808200471750325],[-96.658520234034029,40.808164406139866],[-96.656743311541163,40.808128313190444],[-96.656695790265957,40.809478461561888],[-96.658472748714544,40.809514556219447],[-96.658425260174084,40.810864705936403],[-96.656648265767373,40.810828609570635],[-96.656600738045128,40.812178757216678],[-96.65655320709898,40.813528904500011],[-96.654776143992862,40.813492777373654],[-96.654728573857383,40.814842922584575],[-96.652951478012895,40.814806766403379],[-96.652903868683211,40.816156909540439],[-96.651126740100864,40.816120724301896],[-96.649349614750477,40.816084511717236],[-96.647572492634453,40.816048271786585],[-96.64752477216733,40.817398409419631],[-96.64574761731933,40.817362140426837],[-96.645795373755263,40.8160120045101],[-96.645843126951974,40.814661868230218],[-96.644066047278159,40.814625575325557],[-96.644018258115338,40.815975709887901],[-96.642241145717094,40.815939387920153],[-96.642288970845783,40.814589255076626],[-96.640511897657305,40.814552907483581],[-96.64046403656296,40.815903038606997],[-96.640416172222075,40.817253169367085],[-96.638639030346681,40.817216790987182],[-96.638591126788739,40.818566919662373],[-96.640368304634364,40.818603299763815],[-96.642145485727056,40.818639652517398],[-96.64392267006437,40.818675977922986],[-96.645699857643862,40.818712275980438],[-96.645652094728675,40.820062411170881],[-96.647429321521599,40.820098683596484],[-96.647477048463116,40.818748546689598],[-96.649254242519689,40.818784790050351],[-96.651031439811149,40.818821006062507],[-96.65098378481774,40.820171146398387],[-96.652761021316067,40.820207336774416],[-96.65271339906684,40.821557478459972],[-96.652665773587088,40.82290761978264],[-96.652618144876598,40.824257760742427],[-96.650840800440363,40.824221565228314],[-96.649063459237567,40.824185342360323],[-96.6491111599113,40.822835204827356],[-96.647333857925616,40.822798956320973],[-96.645556559178004,40.82276268046229],[-96.645604328573469,40.821412545998157],[-96.643827069044661,40.821376244505181],[-96.643779263670893,40.822726377251421],[-96.642001971406714,40.82269004668855],[-96.640224682387924,40.822653688773819],[-96.638447396616939,40.82261730350735],[-96.636670114096191,40.822580890889292],[-96.636718063380656,40.821230765027451],[-96.634940820089653,40.82119432678229],[-96.633163580053491,40.821157861187139],[-96.633211598034535,40.81980773841159],[-96.633259612758536,40.818457615272415],[-96.633307624225736,40.817107491769598],[-96.631530495361929,40.817071004004916],[-96.631482447925478,40.818421125781022],[-96.63143439722981,40.819771247193422],[-96.629657199684544,40.819734728626841],[-96.629705286351665,40.818384608942516],[-96.629753369757111,40.8170344888944],[-96.627976247413699,40.8169979464382],[-96.62619912833415,40.816961376636456],[-96.626150972991454,40.818311493224691],[-96.624373821209957,40.818274894345663],[-96.624422012520895,40.81692477948932],[-96.622644899976336,40.816888154996917],[-96.622693123984106,40.81553804150969],[-96.620916050676016,40.815501391406585],[-96.620867790702945,40.816851503159405],[-96.620819527456277,40.81820161454813],[-96.619042385488996,40.818164933629902],[-96.61726524679797,40.818128225365584],[-96.615488111385673,40.818091489755297],[-96.615439736956148,40.819441595568549],[-96.61366256885583,40.819404830872742],[-96.61371097925452,40.818054726799197],[-96.613759386369608,40.816704622361243],[-96.611982293488509,40.816667833800395],[-96.612030733284328,40.815317730738904],[-96.610253679652786,40.815280916575972],[-96.610302152124461,40.813930814892117],[-96.61207916979464,40.813967627312977],[-96.612127603019701,40.81261752352259],[-96.610350621308442,40.81258071284374],[-96.610399087204982,40.811230610430847],[-96.610447549814324,40.809880507653446],[-96.612224459615049,40.809917314848505],[-96.612272882985849,40.808567209964821],[-96.614049760119201,40.808603988081593],[-96.614001372700272,40.80995409470578],[-96.615778289067549,40.809990847225151],[-96.617555208714464,40.810027572406455],[-96.617603524228883,40.808677462305127],[-96.619380411200368,40.808714158411583],[-96.619332131638572,40.810064270249541],[-96.621109057837444,40.810100940754268],[-96.622885987308649,40.810137583920508],[-96.622934194964415,40.808787468613176],[-96.624711091752147,40.808824082708],[-96.624662920049758,40.810174199748097],[-96.626439856058326,40.810210788236887],[-96.626487991807068,40.808860669465332],[-96.628264895126776,40.808897228885023],[-96.630041801708828,40.808933760966923],[-96.631818711550778,40.808970265710876],[-96.631866736179617,40.80762014138903],[-96.633643613326839,40.807656617068673],[-96.633595624650212,40.809006743116754],[-96.635372541004699,40.809043193184408],[-96.637149460611781,40.809079615913681],[-96.638926383469041,40.809116011304447],[-96.638878499402807,40.81046614216006],[-96.640655461463467,40.810502511933294],[-96.642432426769673,40.810538854366413],[-96.642384611371838,40.811888988299749],[-96.644161615879739,40.811925305111245],[-96.645938623628595,40.811961594581057],[-96.647715634615949,40.811997856709063],[-96.64776334213731,40.81064771762378],[-96.649540320401414,40.810683950695072],[-96.649492648839384,40.8120340914951],[-96.651269666296443,40.81207029893902],[-96.651317301898914,40.810720156425546],[-96.653094286627351,40.810756334815061],[-96.653141883041457,40.809406190226618],[-96.651364934270404,40.809370013549184],[-96.651412563411213,40.808019870309899],[-96.649635653825555,40.807983668006109],[-96.649683315688165,40.806633526117174],[-96.647906445287433,40.806597298189679],[-96.647954139866982,40.805247157652246],[-96.646177308650678,40.805210904103696],[-96.646225035942308,40.80386076491893],[-96.646272759996933,40.802510625371077],[-96.646320480814808,40.801160485460144],[-96.646368198396146,40.799810345186145],[-96.644591514189131,40.799774071169729],[-96.644639264471152,40.798423932249364],[-96.646415912741247,40.798460204549087],[-96.648192564247353,40.798496449519902],[-96.648240239421682,40.797146306804429],[-96.646463623850323,40.797110063548956],[-96.64651133172363,40.795759922185781],[-96.644734755320087,40.795723653319257],[-96.644687011514719,40.797073792965875],[-96.642910402417314,40.797037495055321],[-96.642958182154501,40.79568735712656],[-96.643005958651301,40.794337218834613],[-96.644782495887497,40.794373513309537],[-96.64655903636141,40.794409780459553],[-96.648335580070594,40.794446020284546],[-96.648383245545659,40.793095876480152],[-96.648430907788153,40.791745732312783],[-96.650207382877198,40.791781941384983],[-96.650255005964524,40.790431795140961],[-96.652031448360404,40.790467975178018],[-96.652079032297408,40.789117826858735],[-96.650302625822178,40.789081648534044],[-96.650350242450429,40.787731501564245],[-96.650397855849519,40.786381354231573],[-96.65217419049074,40.786417529131789],[-96.652221764747551,40.785067379724119],[-96.650445466019676,40.78503120653604],[-96.650493072961183,40.78368105847764],[-96.652269335778129,40.783717229953645],[-96.654045601821039,40.783753374114511],[-96.654093133716884,40.782403222270545],[-96.652316903582715,40.782367079820396],[-96.652364468161551,40.781016929324359],[-96.654140662389437,40.781053070063862],[-96.654188187838898,40.779702917494483],[-96.655964349385684,40.779739029212017],[-96.655916859840346,40.781089183490671],[-96.655869367074374,40.782439337406707],[-96.655821871087525,40.783789490960096],[-96.657598143575129,40.783825580490266],[-96.657550680278817,40.78517573538921],[-96.655774371879545,40.785139644150846],[-96.655726869450191,40.786489796978934],[-96.657503213763576,40.786525889925578],[-96.657455744029122,40.787876044099342],[-96.657408271075255,40.789226197910494],[-96.655631854926369,40.789190101547113],[-96.655584342831418,40.790540253287197],[-96.657360794901678,40.790576351359057],[-96.657313315508176,40.791926504444994],[-96.657265832894495,40.793276657168327],[-96.659042360035272,40.79331273133274],[-96.658994910130104,40.794662885400825],[-96.660771476418063,40.794698933946584],[-96.660818890394054,40.793348778172394],[-96.662595423968398,40.793384797687168],[-96.662642798801826,40.79203463984576],[-96.664419299662057,40.792070630332056],[-96.664371960755872,40.793420789876912],[-96.666148500754048,40.793456754741477],[-96.667925043960494,40.793492692280729],[-96.669701590372782,40.793528602494526],[-96.669654356046422,40.79487876677981],[-96.66960711851641,40.796228930702952],[-96.667830500240854,40.796193017089813],[-96.666053885171635,40.796157076148646],[-96.664277273311171,40.796121107879557],[-96.664229924772144,40.797471266337347],[-96.664182573021677,40.798821424432759],[-96.664135218059528,40.800171582165795],[-96.66591193773165,40.800207555542151],[-96.665959256754149,40.798857396106619],[-96.666006572567397,40.797507236308775],[-96.667783223571661,40.797543178951024],[-96.669559877782504,40.797579094263931],[-96.671336535197497,40.79761498224736],[-96.673113195814182,40.797650842901177],[-96.673066023752298,40.799001009495804],[-96.674842723506742,40.799036844515818],[-96.676619426458274,40.79907265220465],[-96.676572323078872,40.800422821828008],[-96.678349065166458,40.800458603878944],[-96.680125810446498,40.800494358597099],[-96.680172841942877,40.799144185588126],[-96.678396132604462,40.799108432562129],[-96.678443196850239,40.797758260883469],[-96.67666652664299,40.797722482219378],[-96.67488985963017,40.797686676225226],[-96.674936992556752,40.796336507572661],[-96.673160364676789,40.796300675944522],[-96.671383739995875,40.7962648169879],[-96.671430941592774,40.794914651366341],[-96.673207530340363,40.794950508625853],[-96.673254692805145,40.793600340945154],[-96.675031248820346,40.793636169181717],[-96.67507837215787,40.792285999443308],[-96.676854895440215,40.79232179865943],[-96.676807808031668,40.793671970092234],[-96.678584370436667,40.793707743676585],[-96.678631421915995,40.792357570550664],[-96.680407951582779,40.792393315116897],[-96.680360936032912,40.793743489934634],[-96.682137504817959,40.793779208866212],[-96.683914076789407,40.79381490047119],[-96.685690651944796,40.793850564749434],[-96.687467230281698,40.793886201700793],[-96.687514102111251,40.792536020128694],[-96.689290647696566,40.792571628067655],[-96.691067196458263,40.792607208680757]],[[-96.638686930655396,40.815866661948576],[-96.638734827715112,40.814516532546548],[-96.636957761021677,40.8144801302657],[-96.636909827996831,40.815830257945031],[-96.636861891720557,40.817180385260869],[-96.638639030346681,40.817216790987182],[-96.638686930655396,40.815866661948576]],[[-96.680078775760066,40.801844531244306],[-96.681855560174455,40.801880260320495],[-96.681902558916576,40.800530085982352],[-96.680125810446498,40.800494358597099],[-96.680078775760066,40.801844531244306]],[[-96.680219870249459,40.797794012217373],[-96.680266895366501,40.796443838484876],[-96.678490257904045,40.796408088842988],[-96.678443196850239,40.797758260883469],[-96.680219870249459,40.797794012217373]],[[-96.678537315766107,40.795057916440697],[-96.67676071742946,40.795022141163159],[-96.676713623633304,40.796372311872219],[-96.678490257904045,40.796408088842988],[-96.678537315766107,40.795057916440697]],[[-96.685502989087169,40.799251280675819],[-96.685549909574704,40.797901102236544],[-96.685596826879987,40.796550923435724],[-96.683820179856909,40.796515255781379],[-96.683773226614122,40.797865432894064],[-96.683726270186668,40.799215609645117],[-96.685502989087169,40.799251280675819]],[[-96.66245328018833,40.797435269036868],[-96.662500664661906,40.796085112282725],[-96.660724059226254,40.796049089358277],[-96.660676638818401,40.797399244407472],[-96.66245328018833,40.797435269036868]],[[-96.658710143107243,40.802763802195386],[-96.660486925021402,40.802799860979142],[-96.660534358295976,40.801449707380002],[-96.658757612325601,40.801413650302749],[-96.658710143107243,40.802763802195386]]],[[[-96.691158243100048,40.841249252802164],[-96.689380396108334,40.84121363889254],[-96.689427307319477,40.83986346660128],[-96.691205118294775,40.839899078825766],[-96.691158243100048,40.841249252802164]]],[[[-96.694433060961799,40.849421454971598],[-96.694386235567251,40.850771629784866],[-96.692608130030621,40.850736058841001],[-96.692654991459179,40.849385885710745],[-96.69087692513591,40.849350289069314],[-96.690923819416369,40.848000117261876],[-96.689145792305979,40.847964494925542],[-96.689192719433478,40.846614324442065],[-96.687414731535469,40.846578676413486],[-96.687461691505149,40.845228507255143],[-96.685683742819009,40.845192833536984],[-96.685730735625981,40.843842665704948],[-96.687508648288855,40.843878337735177],[-96.689286564137461,40.843913982390411],[-96.689239643377235,40.845264153597022],[-96.691017598432836,40.84529977256247],[-96.690970710515259,40.846649945092921],[-96.692748704778381,40.846685538365925],[-96.692795556669523,40.845335364151346],[-96.694573518084866,40.845370928363522],[-96.696351482676391,40.845406465198849],[-96.696304702838802,40.84675664277777],[-96.696257919827232,40.848106819995387],[-96.696211133641384,40.8494569968517],[-96.694433060961799,40.849421454971598]]],[[[-96.690313945518568,40.865552322558941],[-96.688535449814111,40.865516678305241],[-96.688582418352894,40.864166512522708],[-96.690360877997023,40.864202155090041],[-96.690313945518568,40.865552322558941]]],[[[-96.686615924361348,40.869531496770044],[-96.686662938529906,40.868181333760333],[-96.686709949508327,40.866831170388892],[-96.688488478088118,40.866866843726129],[-96.688441503174687,40.868217008785358],[-96.688394525073576,40.869567173482928],[-96.686615924361348,40.869531496770044]]],[[[-96.688300559307251,40.87226750179304],[-96.688253571641582,40.873617665405575],[-96.690032283759422,40.873653319778825],[-96.689985328982516,40.875003484716501],[-96.689938371019139,40.876353649292547],[-96.688159586743964,40.876317991545577],[-96.688112589511519,40.877668154073035],[-96.686333772343431,40.877632467231606],[-96.684554958367201,40.877596752982839],[-96.684507885776526,40.87894691177064],[-96.682729038910551,40.878911168423748],[-96.682776147585272,40.877561011326868],[-96.682823253063233,40.876210853868081],[-96.68287035534469,40.874860696047385],[-96.682917454429898,40.873510537864796],[-96.682964550319113,40.872160379320313],[-96.684743216789329,40.872196114213288],[-96.686521886452852,40.87223182170424],[-96.688300559307251,40.87226750179304]],[[-96.684649093965874,40.874896434321727],[-96.68460202776356,40.876246593833194],[-96.686380805657961,40.876282306392412],[-96.686427835780876,40.874932145191458],[-96.686474862712416,40.873581983628732],[-96.684696156974383,40.873546274448422],[-96.684649093965874,40.874896434321727]]],[[[-96.680510867082319,40.738350348901164],[-96.680557787931605,40.73700016094633],[-96.682332846582128,40.737035836206076],[-96.684107908411221,40.737071484193557],[-96.684061059222003,40.738421675525196],[-96.682285961562769,40.738386025849955],[-96.680510867082319,40.738350348901164]]],[[[-96.691114772565371,40.739914199196541],[-96.689339626381724,40.739878656934216],[-96.687564483367396,40.739843087396494],[-96.687611264067087,40.738492893054492],[-96.689386371248105,40.738528460908256],[-96.691161481598201,40.738564001487902],[-96.691114772565371,40.739914199196541]]],[[[-96.672954654327597,40.853043279261961],[-96.67473279682406,40.853079154793448],[-96.676510942525042,40.853115002941898],[-96.676463747196209,40.854465159780496],[-96.676416548665046,40.855815316257015],[-96.674638330883937,40.855779464716178],[-96.672860116307831,40.855743585789696],[-96.67290738692131,40.854393432706928],[-96.672954654327597,40.853043279261961]]],[[[-96.674543852123776,40.858479773190311],[-96.674591093106486,40.857129619134334],[-96.676369346931324,40.85716547237147],[-96.676322141994788,40.858515628123818],[-96.674543852123776,40.858479773190311]]],[[[-96.685213639346983,40.858694491963021],[-96.685260664048968,40.85734432774823],[-96.687038937054098,40.857380016660791],[-96.686991948399736,40.858730182564202],[-96.685213639346983,40.858694491963021]]],[[[-96.677675771000224,40.870702856403788],[-96.677722968704813,40.869352702214847],[-96.679501553440701,40.869388515924186],[-96.679454391804754,40.870738671807516],[-96.677675771000224,40.870702856403788]]],[[[-96.677392517504373,40.878803773933548],[-96.675613683441043,40.87876792095409],[-96.673834852584463,40.878732040566852],[-96.672056024937092,40.878696132771992],[-96.672103350110859,40.877345985847811],[-96.673882141675662,40.877381891943983],[-96.675660936449418,40.877417770633834],[-96.677439734429726,40.877453621917176],[-96.677392517504373,40.878803773933548]]],[[[-96.682681927038857,40.880261325158727],[-96.68090304728365,40.88022555271121],[-96.680950195241593,40.878875397668509],[-96.682729038910551,40.878911168423748],[-96.682681927038857,40.880261325158727]]],[[[-96.677345297374714,40.880153925587784],[-96.677392517504373,40.878803773933548],[-96.679171354772038,40.878839599505064],[-96.679124170728116,40.880189752854172],[-96.677345297374714,40.880153925587784]]],[[[-96.667357589223272,40.809694619400688],[-96.667310280477196,40.811044777639282],[-96.665533269988742,40.811008817982639],[-96.665580614694193,40.809658661445781],[-96.667357589223272,40.809694619400688]]],[[[-96.67081707104802,40.812466776201738],[-96.669040018181619,40.812430869530509],[-96.669087294174687,40.811080709953671],[-96.670864311078802,40.811116614925666],[-96.67081707104802,40.812466776201738]]],[[[-96.675063326685247,40.843628058656755],[-96.673285436390657,40.843592195005584],[-96.673332678148213,40.842242038663095],[-96.67511053242373,40.842277900617361],[-96.675063326685247,40.843628058656755]]],[[[-96.667572870569074,40.854285636715453],[-96.669351039475202,40.854321596096575],[-96.671129211593438,40.854357528093786],[-96.671081904939157,40.855707679477732],[-96.669303696780389,40.855671745780406],[-96.667525491833942,40.855635784697874],[-96.667478109884044,40.856985932317876],[-96.667430724719154,40.858336079575423],[-96.669209001753501,40.858372044060992],[-96.670987282000695,40.858407981158749],[-96.670939965716002,40.859758131455806],[-96.669161649420943,40.859722192657721],[-96.66911429387531,40.861072340892093],[-96.667335944743272,40.861036373003238],[-96.667383336338958,40.859686226470558],[-96.665605026472505,40.859650232894438],[-96.665652450900055,40.858300087702226],[-96.665699872109897,40.856949942147509],[-96.663921637553187,40.856913924590913],[-96.663969091587816,40.855563780377757],[-96.664016542402777,40.85421363580204],[-96.662238383147525,40.854177594270034],[-96.662190896293012,40.855527737140463],[-96.660412704220292,40.855491666518517],[-96.6586345153721,40.855455568512106],[-96.658682074304991,40.854105429056141],[-96.656903924722599,40.85406930537453],[-96.656951516465128,40.852719167264922],[-96.658729630011166,40.852755289237422],[-96.658777182490851,40.851405149055935],[-96.660555263229185,40.851441241938929],[-96.660507746783665,40.852791383828155],[-96.662285866780209,40.852827451036987],[-96.662333347191307,40.851477307441321],[-96.662380824381046,40.85012716348303],[-96.66415887553228,40.850163199899576],[-96.66411143437476,40.851513345562957],[-96.665889524777143,40.851549356303686],[-96.665842116435655,40.852899503308365],[-96.665794704877442,40.85424964995056],[-96.667572870569074,40.854285636715453]]],[[[-96.662048416395876,40.859578163575932],[-96.662000916651493,40.860928304995802],[-96.660222580397146,40.860892227546849],[-96.660270116190603,40.859542087833837],[-96.660317648758777,40.858191947758108],[-96.662095912917422,40.858228021793416],[-96.662048416395876,40.859578163575932]]],[[[-96.666909275643022,40.873187675486399],[-96.665130605168542,40.873151664877447],[-96.665178061786804,40.871801523310623],[-96.665225515184872,40.870451381381223],[-96.667004113518217,40.870487388583058],[-96.666956696189487,40.871837532215977],[-96.666909275643022,40.873187675486399]]],[[[-96.668687949335506,40.873223658693462],[-96.668640561645503,40.87457380330374],[-96.66859317073974,40.875923947551584],[-96.668545776617904,40.877274091436966],[-96.666766994694655,40.877238103122608],[-96.666814424895847,40.875887960939714],[-96.666861851878551,40.874537818394316],[-96.666909275643022,40.873187675486399],[-96.668687949335506,40.873223658693462]]],[[[-96.654425766749043,40.772952149207185],[-96.652649787908047,40.772916018730122],[-96.652697329913664,40.771565865694797],[-96.652744868695521,40.770215712296746],[-96.654520775760346,40.770251839353556],[-96.65447327286536,40.771601994461705],[-96.656249219038372,40.771638095924963],[-96.656201748811611,40.772988252379307],[-96.654425766749043,40.772952149207185]]],[[[-96.65605931881548,40.777038719566789],[-96.656011835710643,40.778388874570695],[-96.654235710065578,40.778352764562385],[-96.654188187838898,40.779702917494483],[-96.65241202951492,40.779666778465547],[-96.652459587643051,40.778316627243974],[-96.652507142546156,40.776966475659641],[-96.652554694224548,40.775616323712534],[-96.652602242678412,40.774266171402708],[-96.654378257411153,40.774302303590012],[-96.65433074485145,40.77565245761015],[-96.656106798700407,40.775688564200237],[-96.65605931881548,40.777038719566789]]],[[[-96.65468100049506,40.816193067432692],[-96.654728573857383,40.814842922584575],[-96.656505672928702,40.81487905142064],[-96.656458135533995,40.816229197978529],[-96.65468100049506,40.816193067432692]]],[[[-96.656220400185916,40.822979925326969],[-96.654443085272348,40.822943786231249],[-96.654490674772532,40.821593643197176],[-96.654538261044664,40.82024349980027],[-96.656315504001071,40.820279635475842],[-96.658092750182888,40.820315743800961],[-96.658140261277069,40.818965596622576],[-96.658187769148569,40.817615449081522],[-96.659964946604902,40.817651526641349],[-96.660012415283376,40.816301377030371],[-96.661789559988947,40.816337425536091],[-96.661742127281272,40.817687576853025],[-96.661694691356018,40.819037727807441],[-96.659917474706404,40.81900167588973],[-96.659869999587642,40.8203518247755],[-96.659822521248358,40.821701973298666],[-96.658045235865728,40.821665890616657],[-96.65799771832539,40.823016037069671],[-96.656220400185916,40.822979925326969]]],[[[-96.655221030695316,40.851332881148693],[-96.6552686520115,40.849982744023691],[-96.655316270096847,40.848632606535809],[-96.655363884951569,40.847282468685052],[-96.657141851148609,40.847318611198254],[-96.657189426749042,40.845968471274581],[-96.658967360149816,40.846004584702591],[-96.660745296775843,40.846040670755293],[-96.660697793223989,40.847390814095213],[-96.658919820573558,40.84735472633502],[-96.658872277771792,40.848704867604724],[-96.658824731744318,40.85005500851171],[-96.657046690263698,40.850018889957212],[-96.656999104978752,40.851369028792476],[-96.655221030695316,40.851332881148693]]],[[[-96.651664891824211,40.851260503720724],[-96.651617195210292,40.852610637058305],[-96.65156949536015,40.853960770032849],[-96.651521792273513,40.855310902644362],[-96.651474085950142,40.856661034892838],[-96.649695877220978,40.856624798251694],[-96.649648131617937,40.857974928422628],[-96.651426376389807,40.858011166778255],[-96.651378663592212,40.859361298300627],[-96.653156947646693,40.85939751098315],[-96.654935234936204,40.859433696277875],[-96.654982875642773,40.858083561330282],[-96.656761130119008,40.858119717526392],[-96.656713525458315,40.859469854184667],[-96.656665917567466,40.860819990480081],[-96.656618306446219,40.862170126412636],[-96.65483994382501,40.862133965084297],[-96.654792293419888,40.863484098943104],[-96.653013897978823,40.863447908512065],[-96.653061584436912,40.862097776365431],[-96.651283228284342,40.862061560256173],[-96.651330947557142,40.860711429459933],[-96.649552630692568,40.86067518767512],[-96.649600382775219,40.859325058230446],[-96.647822105198145,40.859288790772744],[-96.646043830863448,40.859252495927691],[-96.646091651795686,40.857902369552868],[-96.64431341675018,40.857866049039025],[-96.642535184951669,40.857829701139408],[-96.642487291930905,40.859179824076065],[-96.640709027337934,40.859143447069783],[-96.638930765997102,40.859107042676712],[-96.638882797634267,40.860457161806487],[-96.637104503502172,40.860420728303097],[-96.635326212627348,40.860384267411909],[-96.635374253081579,40.859034151730775],[-96.633596001511776,40.858997665178222],[-96.633547925012223,40.860347779133079],[-96.631769640659229,40.860311263466755],[-96.631817753203848,40.858961151239448],[-96.630039508160266,40.858924609914617],[-96.629991359570823,40.860274720413067],[-96.628213081749436,40.860238149972176],[-96.626434807197512,40.860201552144204],[-96.626386583247282,40.861551658817035],[-96.624608275920778,40.861515031869352],[-96.624656535917509,40.860164926929329],[-96.62287826791183,40.860128274327678],[-96.622926560678039,40.858778170757581],[-96.622974850167708,40.857428066823338],[-96.623023136381107,40.856077962524914],[-96.62480129626266,40.856114609924688],[-96.624849543163535,40.854764503528301],[-96.626627670281934,40.854801121812656],[-96.628405800671231,40.854837712715259],[-96.62845397222992,40.853487602491164],[-96.630232069852866,40.853524164282014],[-96.63201017074158,40.853560698692121],[-96.633788274893618,40.853597205721336],[-96.633836335086244,40.852247089947802],[-96.633884392018231,40.850896973810535],[-96.633932445689837,40.849546857309555],[-96.635710445010716,40.849583331780181],[-96.635758459396399,40.848233213189779],[-96.635806470524614,40.84688309423575],[-96.637584401053545,40.846919537880311],[-96.637536425948923,40.848269658558692],[-96.639314395756443,40.848306076551467],[-96.639266453423133,40.849656198589408],[-96.641044462509782,40.84969259092771],[-96.641092368816544,40.848342467167917],[-96.641140271873169,40.846992343044732],[-96.642918212159032,40.847028704564302],[-96.642870345126752,40.848378830407967],[-96.644648324684667,40.848415166271415],[-96.6464263074878,40.848451474758136],[-96.648204293533752,40.848487755867993],[-96.648156531335715,40.849837886502172],[-96.649934556649839,40.84987414195038],[-96.651712585202134,40.849910370020133],[-96.653490616990169,40.849946570711275],[-96.653442959642987,40.851296706124728],[-96.651664891824211,40.851260503720724]],[[-96.646235095126073,40.853851988248842],[-96.648013225296879,40.853888276225753],[-96.648060997217527,40.852538146681063],[-96.646282903081598,40.852501860421029],[-96.644504812189211,40.852465546780238],[-96.644456968199066,40.853815672889894],[-96.644409120962692,40.855165798636264],[-96.644361270479806,40.856515924019305],[-96.646139469483373,40.856552242814779],[-96.64618728392675,40.855202115713432],[-96.646235095126073,40.853851988248842]]],[[[-96.651016536296794,40.768829405888255],[-96.652792404253901,40.768865558535964],[-96.652744868695521,40.770215712296746],[-96.650968964854229,40.770179557937716],[-96.651016536296794,40.768829405888255]]],[[[-96.650635874416196,40.779630612125352],[-96.65241202951492,40.779666778465547],[-96.652364468161551,40.781016929324359],[-96.650588277159187,40.780980761272289],[-96.650635874416196,40.779630612125352]]],[[[-96.648777187233037,40.832286159934021],[-96.650554744375924,40.832322393087821],[-96.650507057044351,40.833672529793922],[-96.650459366477605,40.835022666137007],[-96.648681737335181,40.83498642955405],[-96.648634007529594,40.836336563819444],[-96.64685634562187,40.836300298156438],[-96.646904111430644,40.834950165607012],[-96.646951873999114,40.833600032694441],[-96.648729463902924,40.833636294925583],[-96.648777187233037,40.832286159934021]]],[[[-96.646808576572553,40.83765043034267],[-96.645030881900041,40.8376141355971],[-96.645078686954733,40.836264005128186],[-96.64685634562187,40.836300298156438],[-96.646808576572553,40.83765043034267]]],[[[-96.633932445689837,40.849546857309555],[-96.632154449629084,40.84951035546176],[-96.632202536066103,40.848160240324084],[-96.633980496101316,40.84819674044487],[-96.633932445689837,40.849546857309555]]],[[[-96.634027405588384,40.796855595595574],[-96.633979442943087,40.798205724552155],[-96.632202817393207,40.798169260954133],[-96.632250815971233,40.796819133723233],[-96.632298811294064,40.795469006128727],[-96.634075364980887,40.795505466275465],[-96.634027405588384,40.796855595595574]]],[[[-96.602999629299603,40.819183668416855],[-96.601222484237226,40.819146712295392],[-96.599445342475747,40.819109728828003],[-96.599494040618637,40.81775963871857],[-96.601271146412984,40.817796620435935],[-96.603048255507971,40.817833574808638],[-96.602999629299603,40.819183668416855]]],[[[-96.631338286059744,40.822471488927093],[-96.631386343274642,40.82112136824211],[-96.633163580053491,40.821157861187139],[-96.633115558815149,40.822507983599024],[-96.631338286059744,40.822471488927093]]],[[[-96.616539825490449,40.838379800389887],[-96.616588209879012,40.837029697938505],[-96.618365852367077,40.837066430528779],[-96.618317503982283,40.838416534718263],[-96.616539825490449,40.838379800389887]]]]}}
]
}
